title,description,location,category,priority
Notice board velvet cloth faded and torn,"The pinning board outside room Faculty of Commerce, Room Seminar Hall has worn-out fabric with old pin marks.","Faculty of Commerce, Room Seminar Hall",Arts Departmental Office,low
Door lock latch jammed from inside,"Affecting regular classes. The mortise door lock of Jawaharlal Nehru Medical College, Room 101 is sticking and difficult to turn with the key. Needs oiling or realignment. Kindly inspect and rectify.","Jawaharlal Nehru Medical College, Room 101",Estate Carpentry,normal
LAN port connector loose in computer desk,"Urgent attention needed. Ethernet RJ45 wall jack at desk 14 in Faculty of Arts, Room 101 has a broken clip and disconnects whenever the wire moves. Please send maintenance technician as soon as possible.","Faculty of Arts, Room 101",IT Network & Connectivity,normal
Severe sparking from main distribution board,"Urgent attention needed. Electric sparks and burning smell coming from the main switchboard near Faculty of Law, Room 208. High risk of fire. Please send maintenance technician as soon as possible.","Faculty of Law, Room 208",Estate Electrical Maintenance,urgent
Printer paper jam roller error in department office,"Office multi-function laser printer in Faculty of Science, Room Lab 2 jams paper on every double-sided print job.","Faculty of Science, Room Lab 2",Commerce Office Equipment,normal
LAN port connector loose in computer desk,"Urgent attention needed. Ethernet RJ45 wall jack at desk 14 in Faculty of Commerce, Room 305 has a broken clip and disconnects whenever the wire moves. Please send maintenance technician as soon as possible.","Faculty of Commerce, Room 305",IT Network & Connectivity,normal
Main water storage tank overflowing continuously onto roof,"Overhead tank motor is not auto-shutting off, thousands of liters of clean water spilling from Faculty of Science, Room 208.","Faculty of Science, Room 208",Estate Plumbing,high
All projectors and audio systems failing in seminar hall,"Reported by resident students. Audio amplifier and main display projector in Jawaharlal Nehru Medical College, Room 312 failed right before scheduled university guest lecture. Ongoing for several hours.","Jawaharlal Nehru Medical College, Room 312",Arts Audio-Visual Equipment,high
Campus Wi-Fi and portal completely inaccessible before exam deadline,"Reported by resident students. Wi-Fi access points across Faculty of Life Sciences, Room Seminar Hall are dropping all connections. Students unable to access student portal. Ongoing for several hours.","Faculty of Life Sciences, Room Seminar Hall",IT Network & Connectivity,high
Floor tiles have minor scuff marks near doorway,"Student grievance submitted. Scuff marks from moved equipment near the lab entrance at Faculty of Agricultural Sciences, Room 202. Needs routine buffing. Has happened previously as well.","Faculty of Agricultural Sciences, Room 202",Estate Civil Works,low
Drainage slow in laboratory sink basin,"Student grievance submitted. Water drains very slowly in wash basin 3 of Faculty of Science, Room Wing B. Probably choked with residue. Has happened previously as well.","Faculty of Science, Room Wing B",Science Laboratory Equipment,normal
Severe flooding entering basement electrical room,"Heavy rainwater gushing into electrical transformer room in basement of Faculty of Commerce, Room 104.","Faculty of Commerce, Room 104",Estate Civil Works,urgent
Ceiling fan making loud rattling noise in room,"Reported by resident students. The ceiling fan in Nadeem Tarin Hall, Room 312 vibrates excessively and produces squeaking sound when set above speed 2. Ongoing for several hours.","Nadeem Tarin Hall, Room 312",Hostel Room Maintenance,normal
Classroom whiteboard frame loose on wall,"Urgent attention needed. The wall mounting brackets on the left side of the marker board in Central Library, Room 208 have come unscrewed. Please send maintenance technician as soon as possible.","Central Library, Room 208",Arts Classroom Furniture,normal
Door stopper rubber missing on main entrance,"The floor door stopper rubber pad in Faculty of Law, Room Wing B has worn away, causing the door to knock against wall.","Faculty of Law, Room Wing B",Estate Carpentry,low
Main water pipeline burst flooding corridor,"Main high pressure water pipe burst in Abdullah Hall, Room 104, water rushing into ground floor rooms and near power sockets.","Abdullah Hall, Room 104",Hostel Water Supply,urgent
All projectors and audio systems failing in seminar hall,"Affecting regular classes. Audio amplifier and main display projector in Faculty of Commerce, Room 104 failed right before scheduled university guest lecture. Kindly inspect and rectify.","Faculty of Commerce, Room 104",Arts Audio-Visual Equipment,high
LPG gas cylinder leaking in dining kitchen,"Affecting regular classes. Strong smell of cooking gas leaking near commercial burners in Mohammad Habib Hall, Room 202 mess kitchen. Risk of explosion. Kindly inspect and rectify.","Mohammad Habib Hall, Room 202",Hostel Sanitation,urgent
Severe sparking from main distribution board,"Electric sparks and burning smell coming from the main switchboard near Faculty of Management Studies, Room 208. High risk of fire.","Faculty of Management Studies, Room 208",Estate Electrical Maintenance,urgent
Main water pipeline burst flooding corridor,"Affecting regular classes. Main high pressure water pipe burst in Viqarul Mulk Hall, Room 401, water rushing into ground floor rooms and near power sockets. Kindly inspect and rectify.","Viqarul Mulk Hall, Room 401",Hostel Water Supply,urgent
Window blind pull cord slightly frayed,"Student grievance submitted. The nylon pull cord for the roller blind in Aftab Hall, Room 401 has frayed threads near the bottom tassel. Has happened previously as well.","Aftab Hall, Room 401",Hostel Room Maintenance,low
Water cooler temperature sensor not chilling,"Affecting regular classes. The drinking water cooler in Mohsinul Mulk Hall, Room 305 is dispensing room-temperature water even though power is on. Kindly inspect and rectify.","Mohsinul Mulk Hall, Room 305",Hostel Water Supply,normal
Floor tiles have minor scuff marks near doorway,"Affecting regular classes. Scuff marks from moved equipment near the lab entrance at Faculty of Social Sciences, Room Lab 2. Needs routine buffing. Kindly inspect and rectify.","Faculty of Social Sciences, Room Lab 2",Estate Civil Works,low
Window blind pull cord slightly frayed,"Urgent attention needed. The nylon pull cord for the roller blind in Sir Shah Sulaiman Hall, Room Wing B has frayed threads near the bottom tassel. Please send maintenance technician as soon as possible.","Sir Shah Sulaiman Hall, Room Wing B",Hostel Room Maintenance,low
Floor tiles have minor scuff marks near doorway,"Urgent attention needed. Scuff marks from moved equipment near the lab entrance at Faculty of Science, Room 202. Needs routine buffing. Please send maintenance technician as soon as possible.","Faculty of Science, Room 202",Estate Civil Works,low
Washroom tap dripping continuously,"Affecting regular classes. The basin tap in Zakir Husain College of Engg & Tech, Room Wing B cannot be shut tight and drips water constantly, wasting clean water. Kindly inspect and rectify.","Zakir Husain College of Engg & Tech, Room Wing B",Estate Plumbing,normal
Campus Wi-Fi and portal completely inaccessible before exam deadline,"Reported by resident students. Wi-Fi access points across Faculty of Agricultural Sciences, Room Lab 2 are dropping all connections. Students unable to access student portal. Ongoing for several hours.","Faculty of Agricultural Sciences, Room Lab 2",IT Network & Connectivity,high
Drainage slow in laboratory sink basin,"Urgent attention needed. Water drains very slowly in wash basin 3 of Faculty of Social Sciences, Room Lab 2. Probably choked with residue. Please send maintenance technician as soon as possible.","Faculty of Social Sciences, Room Lab 2",Science Laboratory Equipment,normal
Ceiling fan making loud rattling noise in room,"Urgent attention needed. The ceiling fan in Sir Syed Hall (North), Room Seminar Hall vibrates excessively and produces squeaking sound when set above speed 2. Please send maintenance technician as soon as possible.","Sir Syed Hall (North), Room Seminar Hall",Hostel Room Maintenance,normal
Door stopper rubber missing on main entrance,"Student grievance submitted. The floor door stopper rubber pad in Faculty of Life Sciences, Room 305 has worn away, causing the door to knock against wall. Has happened previously as well.","Faculty of Life Sciences, Room 305",Estate Carpentry,low
Floor tiles have minor scuff marks near doorway,"Affecting regular classes. Scuff marks from moved equipment near the lab entrance at Faculty of Law, Room 401. Needs routine buffing. Kindly inspect and rectify.","Faculty of Law, Room 401",Estate Civil Works,low
LAN port connector loose in computer desk,"Urgent attention needed. Ethernet RJ45 wall jack at desk 14 in Faculty of Life Sciences, Room 305 has a broken clip and disconnects whenever the wire moves. Please send maintenance technician as soon as possible.","Faculty of Life Sciences, Room 305",IT Network & Connectivity,normal
All projectors and audio systems failing in seminar hall,"Affecting regular classes. Audio amplifier and main display projector in Faculty of Law, Room Wing B failed right before scheduled university guest lecture. Kindly inspect and rectify.","Faculty of Law, Room Wing B",Arts Audio-Visual Equipment,high
Classroom whiteboard frame loose on wall,"Student grievance submitted. The wall mounting brackets on the left side of the marker board in Faculty of Arts, Room 401 have come unscrewed. Has happened previously as well.","Faculty of Arts, Room 401",Arts Classroom Furniture,normal
Main gate barrier collapsed blocking emergency ambulance access,"Affecting regular classes. Heavy security gate broke and fell across the road at Faculty of Agricultural Sciences, Room 208, blocking vehicular entrance completely. Kindly inspect and rectify.","Faculty of Agricultural Sciences, Room 208",Campus Security,urgent
Campus Wi-Fi and portal completely inaccessible before exam deadline,"Wi-Fi access points across Central Library, Room Wing B are dropping all connections. Students unable to access student portal.","Central Library, Room Wing B",IT Network & Connectivity,high
Window blind pull cord slightly frayed,"Reported by resident students. The nylon pull cord for the roller blind in NRSC, Room Lab 2 has frayed threads near the bottom tassel. Ongoing for several hours.","NRSC, Room Lab 2",Hostel Room Maintenance,low
Classroom whiteboard frame loose on wall,"Urgent attention needed. The wall mounting brackets on the left side of the marker board in Faculty of Social Sciences, Room 312 have come unscrewed. Please send maintenance technician as soon as possible.","Faculty of Social Sciences, Room 312",Arts Classroom Furniture,normal
Notice board velvet cloth faded and torn,"Student grievance submitted. The pinning board outside room Faculty of Commerce, Room 101 has worn-out fabric with old pin marks. Has happened previously as well.","Faculty of Commerce, Room 101",Arts Departmental Office,low
Ceiling fan making loud rattling noise in room,"Affecting regular classes. The ceiling fan in Hadi Hasan Hall, Room 101 vibrates excessively and produces squeaking sound when set above speed 2. Kindly inspect and rectify.","Hadi Hasan Hall, Room 101",Hostel Room Maintenance,normal
No water supply in entire hostel wing since morning,"Reported by resident students. All washrooms and taps in Sir Syed Hall (South), Room 312 have zero running water for past 12 hours. Over 100 resident students affected. Ongoing for several hours.","Sir Syed Hall (South), Room 312",Hostel Water Supply,high
Elevator stuck between floors with students inside,"Student grievance submitted. Lift in Faculty of Commerce, Room 401 suddenly stopped between 2nd and 3rd floor. 4 students trapped inside with alarm ringing. Has happened previously as well.","Faculty of Commerce, Room 401",Estate Civil Works,urgent
Window blind pull cord slightly frayed,"Affecting regular classes. The nylon pull cord for the roller blind in Indira Gandhi Hall, Room 312 has frayed threads near the bottom tassel. Kindly inspect and rectify.","Indira Gandhi Hall, Room 312",Hostel Room Maintenance,low
Printer paper jam roller error in department office,"Affecting regular classes. Office multi-function laser printer in Faculty of Law, Room 208 jams paper on every double-sided print job. Kindly inspect and rectify.","Faculty of Law, Room 208",Commerce Office Equipment,normal
Request for pest control spray in garden flowerbeds,"Affecting regular classes. Routine seasonal insect repellent spray requested for hedges surrounding Faculty of Social Sciences, Room 312. Kindly inspect and rectify.","Faculty of Social Sciences, Room 312",Agricultural Infrastructure,low
Tubelight fused in study room,"Urgent attention needed. The tube light fixture in Faculty of Management Studies, Room 305 has stopped turning on. Choke or starter might need replacement. Please send maintenance technician as soon as possible.","Faculty of Management Studies, Room 305",Estate Electrical Maintenance,normal
LAN port connector loose in computer desk,"Student grievance submitted. Ethernet RJ45 wall jack at desk 14 in Faculty of Social Sciences, Room Lab 2 has a broken clip and disconnects whenever the wire moves. Has happened previously as well.","Faculty of Social Sciences, Room Lab 2",IT Network & Connectivity,normal
Drainage slow in laboratory sink basin,"Affecting regular classes. Water drains very slowly in wash basin 3 of Faculty of Arts, Room 305. Probably choked with residue. Kindly inspect and rectify.","Faculty of Arts, Room 305",Science Laboratory Equipment,normal
Drainage slow in laboratory sink basin,"Reported by resident students. Water drains very slowly in wash basin 3 of Faculty of Law, Room 208. Probably choked with residue. Ongoing for several hours.","Faculty of Law, Room 208",Science Laboratory Equipment,normal
Water cooler temperature sensor not chilling,"Affecting regular classes. The drinking water cooler in Sir Ziauddin Hall, Room 401 is dispensing room-temperature water even though power is on. Kindly inspect and rectify.","Sir Ziauddin Hall, Room 401",Hostel Water Supply,normal
Door stopper rubber missing on main entrance,"The floor door stopper rubber pad in Faculty of Science, Room 312 has worn away, causing the door to knock against wall.","Faculty of Science, Room 312",Estate Carpentry,low
No water supply in entire hostel wing since morning,"Urgent attention needed. All washrooms and taps in Begum Azeezun Nisa Hall, Room 208 have zero running water for past 12 hours. Over 100 resident students affected. Please send maintenance technician as soon as possible.","Begum Azeezun Nisa Hall, Room 208",Hostel Water Supply,high
LPG gas cylinder leaking in dining kitchen,"Reported by resident students. Strong smell of cooking gas leaking near commercial burners in Nadeem Tarin Hall, Room 401 mess kitchen. Risk of explosion. Ongoing for several hours.","Nadeem Tarin Hall, Room 401",Hostel Sanitation,urgent
Biohazard waste bin tipped over near patient entrance,"Student grievance submitted. Infectious medical waste container overturned spilling used syringes and dressings near Faculty of Commerce, Room 202. Has happened previously as well.","Faculty of Commerce, Room 202",JNMC Hospital Infrastructure,urgent
"Hostel mess water purifier broken, no drinking water","Student grievance submitted. Commercial RO water filter at Sarojini Naidu Hall, Room Wing B has stopped dispensing clean drinking water. Students forced to buy bottles. Has happened previously as well.","Sarojini Naidu Hall, Room Wing B",Hostel Water Supply,high
Curtain bracket slightly bent in seminar room,"Urgent attention needed. One of the curtain rod brackets near the front window in Faculty of Management Studies, Room 208 is slightly tilted. Please send maintenance technician as soon as possible.","Faculty of Management Studies, Room 208",Arts Classroom Furniture,low
Main water pipeline burst flooding corridor,"Main high pressure water pipe burst in Hadi Hasan Hall, Room 202, water rushing into ground floor rooms and near power sockets.","Hadi Hasan Hall, Room 202",Hostel Water Supply,urgent
Ceiling plaster slab collapsed in classroom,"Affecting regular classes. A large heavy chunk of concrete plaster fell from the ceiling onto desks in Faculty of Agricultural Sciences, Room 208. Luckily no student was under it. Kindly inspect and rectify.","Faculty of Agricultural Sciences, Room 208",Estate Civil Works,urgent
Chemical spill in chemistry laboratory,"Urgent attention needed. Concentrated acid bottle broke on lab floor in Central Library, Room 312, releasing pungent toxic fumes. Area needs hazmat clearing. Please send maintenance technician as soon as possible.","Central Library, Room 312",Science Chemical Safety,urgent
No water supply in entire hostel wing since morning,"Reported by resident students. All washrooms and taps in Mohammad Habib Hall, Room Lab 2 have zero running water for past 12 hours. Over 100 resident students affected. Ongoing for several hours.","Mohammad Habib Hall, Room Lab 2",Hostel Water Supply,high
Tubelight fused in study room,"Reported by resident students. The tube light fixture in Faculty of Management Studies, Room 305 has stopped turning on. Choke or starter might need replacement. Ongoing for several hours.","Faculty of Management Studies, Room 305",Estate Electrical Maintenance,normal
Curtain bracket slightly bent in seminar room,"Student grievance submitted. One of the curtain rod brackets near the front window in Faculty of Law, Room Lab 2 is slightly tilted. Has happened previously as well.","Faculty of Law, Room Lab 2",Arts Classroom Furniture,low
Tubelight fused in study room,"Affecting regular classes. The tube light fixture in Faculty of Social Sciences, Room Lab 2 has stopped turning on. Choke or starter might need replacement. Kindly inspect and rectify.","Faculty of Social Sciences, Room Lab 2",Estate Electrical Maintenance,normal
Drainage slow in laboratory sink basin,"Urgent attention needed. Water drains very slowly in wash basin 3 of Faculty of Life Sciences, Room 312. Probably choked with residue. Please send maintenance technician as soon as possible.","Faculty of Life Sciences, Room 312",Science Laboratory Equipment,normal
"Key server gateway unreachable, semester results page down","Core department web server in Jawaharlal Nehru Medical College, Room 305 is unresponsive (HTTP 502). Students cannot download admit cards.","Jawaharlal Nehru Medical College, Room 305",IT Software & Portals,high
"Hostel mess water purifier broken, no drinking water","Reported by resident students. Commercial RO water filter at Begum Sultan Jahan Hall, Room 401 has stopped dispensing clean drinking water. Students forced to buy bottles. Ongoing for several hours.","Begum Sultan Jahan Hall, Room 401",Hostel Water Supply,high
Minor squeaking in library wooden chair,"Affecting regular classes. Two wooden reading chairs at table 4 in Faculty of Management Studies, Room 312 squeak when sitting down. Kindly inspect and rectify.","Faculty of Management Studies, Room 312",Central Library Services,low
Floor tiles have minor scuff marks near doorway,"Urgent attention needed. Scuff marks from moved equipment near the lab entrance at Faculty of Life Sciences, Room 208. Needs routine buffing. Please send maintenance technician as soon as possible.","Faculty of Life Sciences, Room 208",Estate Civil Works,low
LPG gas cylinder leaking in dining kitchen,"Reported by resident students. Strong smell of cooking gas leaking near commercial burners in Sir Syed Hall (South), Room 305 mess kitchen. Risk of explosion. Ongoing for several hours.","Sir Syed Hall (South), Room 305",Hostel Sanitation,urgent
Washroom tap dripping continuously,"Affecting regular classes. The basin tap in Faculty of Management Studies, Room Lab 2 cannot be shut tight and drips water constantly, wasting clean water. Kindly inspect and rectify.","Faculty of Management Studies, Room Lab 2",Estate Plumbing,normal
Curtain bracket slightly bent in seminar room,"Reported by resident students. One of the curtain rod brackets near the front window in Jawaharlal Nehru Medical College, Room 101 is slightly tilted. Ongoing for several hours.","Jawaharlal Nehru Medical College, Room 101",Arts Classroom Furniture,low
Central air conditioning failure in critical computer lab,"All 40 desktop computers shutting down due to thermal throttling after AC units stopped in Faculty of Management Studies, Room 305.","Faculty of Management Studies, Room 305",Commerce Computer Lab Equipment,high
Central air conditioning failure in critical computer lab,"Urgent attention needed. All 40 desktop computers shutting down due to thermal throttling after AC units stopped in Faculty of Social Sciences, Room 101. Please send maintenance technician as soon as possible.","Faculty of Social Sciences, Room 101",Commerce Computer Lab Equipment,high
Sewage line overflow flooding hostel entrance corridor,"Drainage backflow is spilling foul-smelling sewage across the main walking pathway of Indira Gandhi Hall, Room Wing B.","Indira Gandhi Hall, Room Wing B",Hostel Sanitation,high
Campus Wi-Fi and portal completely inaccessible before exam deadline,"Student grievance submitted. Wi-Fi access points across Faculty of Social Sciences, Room Lab 2 are dropping all connections. Students unable to access student portal. Has happened previously as well.","Faculty of Social Sciences, Room Lab 2",IT Network & Connectivity,high
Drainage slow in laboratory sink basin,"Water drains very slowly in wash basin 3 of Faculty of Management Studies, Room 312. Probably choked with residue.","Faculty of Management Studies, Room 312",Science Laboratory Equipment,normal
Window blind pull cord slightly frayed,"Student grievance submitted. The nylon pull cord for the roller blind in Abdullah Hall, Room 401 has frayed threads near the bottom tassel. Has happened previously as well.","Abdullah Hall, Room 401",Hostel Room Maintenance,low
Ceiling fan making loud rattling noise in room,"Affecting regular classes. The ceiling fan in Mohsinul Mulk Hall, Room 401 vibrates excessively and produces squeaking sound when set above speed 2. Kindly inspect and rectify.","Mohsinul Mulk Hall, Room 401",Hostel Room Maintenance,normal
Heavy water leakage soaking library reference book section,"Reported by resident students. Rainwater leaking through roof directly above rare journals and reference racks in Ross Masood Hall, Room Lab 2. Ongoing for several hours.","Ross Masood Hall, Room Lab 2",Central Library Reading Room Maintenance,high
Heavy water leakage soaking library reference book section,"Rainwater leaking through roof directly above rare journals and reference racks in Sarojini Naidu Hall, Room 104.","Sarojini Naidu Hall, Room 104",Central Library Reading Room Maintenance,high
Washroom tap dripping continuously,"Student grievance submitted. The basin tap in Faculty of Law, Room Wing B cannot be shut tight and drips water constantly, wasting clean water. Has happened previously as well.","Faculty of Law, Room Wing B",Estate Plumbing,normal
Minor squeaking in library wooden chair,"Student grievance submitted. Two wooden reading chairs at table 4 in Faculty of Science, Room 305 squeak when sitting down. Has happened previously as well.","Faculty of Science, Room 305",Central Library Services,low
Drainage slow in laboratory sink basin,"Affecting regular classes. Water drains very slowly in wash basin 3 of Central Library, Room 305. Probably choked with residue. Kindly inspect and rectify.","Central Library, Room 305",Science Laboratory Equipment,normal
Minor squeaking in library wooden chair,"Urgent attention needed. Two wooden reading chairs at table 4 in Faculty of Commerce, Room 202 squeak when sitting down. Please send maintenance technician as soon as possible.","Faculty of Commerce, Room 202",Central Library Services,low
Main gate barrier collapsed blocking emergency ambulance access,"Reported by resident students. Heavy security gate broke and fell across the road at Jawaharlal Nehru Medical College, Room 101, blocking vehicular entrance completely. Ongoing for several hours.","Jawaharlal Nehru Medical College, Room 101",Campus Security,urgent
Door stopper rubber missing on main entrance,"Affecting regular classes. The floor door stopper rubber pad in Faculty of Science, Room Seminar Hall has worn away, causing the door to knock against wall. Kindly inspect and rectify.","Faculty of Science, Room Seminar Hall",Estate Carpentry,low
"Key server gateway unreachable, semester results page down","Affecting regular classes. Core department web server in Faculty of Life Sciences, Room 401 is unresponsive (HTTP 502). Students cannot download admit cards. Kindly inspect and rectify.","Faculty of Life Sciences, Room 401",IT Software & Portals,high
Notice board velvet cloth faded and torn,"Student grievance submitted. The pinning board outside room Faculty of Life Sciences, Room Seminar Hall has worn-out fabric with old pin marks. Has happened previously as well.","Faculty of Life Sciences, Room Seminar Hall",Arts Departmental Office,low
Window glass pane cracked and rattling in wind,"Urgent attention needed. One of the glass window panes in Faculty of Management Studies, Room 101 is cracked across the middle and needs glazing replacement. Please send maintenance technician as soon as possible.","Faculty of Management Studies, Room 101",Estate Carpentry,normal
Ceiling plaster slab collapsed in classroom,"Urgent attention needed. A large heavy chunk of concrete plaster fell from the ceiling onto desks in Faculty of Social Sciences, Room Seminar Hall. Luckily no student was under it. Please send maintenance technician as soon as possible.","Faculty of Social Sciences, Room Seminar Hall",Estate Civil Works,urgent
Campus Wi-Fi and portal completely inaccessible before exam deadline,"Wi-Fi access points across Central Library, Room 208 are dropping all connections. Students unable to access student portal.","Central Library, Room 208",IT Network & Connectivity,high
All projectors and audio systems failing in seminar hall,"Urgent attention needed. Audio amplifier and main display projector in Jawaharlal Nehru Medical College, Room Seminar Hall failed right before scheduled university guest lecture. Please send maintenance technician as soon as possible.","Jawaharlal Nehru Medical College, Room Seminar Hall",Arts Audio-Visual Equipment,high
Drainage slow in laboratory sink basin,"Reported by resident students. Water drains very slowly in wash basin 3 of Faculty of Agricultural Sciences, Room Lab 2. Probably choked with residue. Ongoing for several hours.","Faculty of Agricultural Sciences, Room Lab 2",Science Laboratory Equipment,normal
Exposed live electrical cable lying on floor,"A thick live wire has fallen down near Faculty of Agricultural Sciences, Room 101 with sparks visible. Extremely dangerous for passing students.","Faculty of Agricultural Sciences, Room 101",Estate Electrical Maintenance,urgent
Tubelight fused in study room,"Student grievance submitted. The tube light fixture in Faculty of Life Sciences, Room 101 has stopped turning on. Choke or starter might need replacement. Has happened previously as well.","Faculty of Life Sciences, Room 101",Estate Electrical Maintenance,normal
No water supply in entire hostel wing since morning,"Urgent attention needed. All washrooms and taps in Sir Syed Hall (South), Room 101 have zero running water for past 12 hours. Over 100 resident students affected. Please send maintenance technician as soon as possible.","Sir Syed Hall (South), Room 101",Hostel Water Supply,high
Central air conditioning failure in critical computer lab,"Urgent attention needed. All 40 desktop computers shutting down due to thermal throttling after AC units stopped in Faculty of Arts, Room 312. Please send maintenance technician as soon as possible.","Faculty of Arts, Room 312",Commerce Computer Lab Equipment,high
No water supply in entire hostel wing since morning,"Student grievance submitted. All washrooms and taps in Sir Shah Sulaiman Hall, Room 208 have zero running water for past 12 hours. Over 100 resident students affected. Has happened previously as well.","Sir Shah Sulaiman Hall, Room 208",Hostel Water Supply,high
Ceiling plaster slab collapsed in classroom,"Reported by resident students. A large heavy chunk of concrete plaster fell from the ceiling onto desks in Jawaharlal Nehru Medical College, Room 312. Luckily no student was under it. Ongoing for several hours.","Jawaharlal Nehru Medical College, Room 312",Estate Civil Works,urgent
Classroom whiteboard frame loose on wall,"The wall mounting brackets on the left side of the marker board in Jawaharlal Nehru Medical College, Room 104 have come unscrewed.","Jawaharlal Nehru Medical College, Room 104",Arts Classroom Furniture,normal
Window glass pane cracked and rattling in wind,"One of the glass window panes in Faculty of Law, Room 202 is cracked across the middle and needs glazing replacement.","Faculty of Law, Room 202",Estate Carpentry,normal
Chemical spill in chemistry laboratory,"Concentrated acid bottle broke on lab floor in Faculty of Management Studies, Room 305, releasing pungent toxic fumes. Area needs hazmat clearing.","Faculty of Management Studies, Room 305",Science Chemical Safety,urgent
Sewage line overflow flooding hostel entrance corridor,"Reported by resident students. Drainage backflow is spilling foul-smelling sewage across the main walking pathway of Hadi Hasan Hall, Room 208. Ongoing for several hours.","Hadi Hasan Hall, Room 208",Hostel Sanitation,high
"Hostel mess water purifier broken, no drinking water","Affecting regular classes. Commercial RO water filter at Viqarul Mulk Hall, Room 104 has stopped dispensing clean drinking water. Students forced to buy bottles. Kindly inspect and rectify.","Viqarul Mulk Hall, Room 104",Hostel Water Supply,high
Main gate barrier collapsed blocking emergency ambulance access,"Affecting regular classes. Heavy security gate broke and fell across the road at Faculty of Social Sciences, Room 202, blocking vehicular entrance completely. Kindly inspect and rectify.","Faculty of Social Sciences, Room 202",Campus Security,urgent
Window blind pull cord slightly frayed,"Student grievance submitted. The nylon pull cord for the roller blind in Sir Syed Hall (South), Room 104 has frayed threads near the bottom tassel. Has happened previously as well.","Sir Syed Hall (South), Room 104",Hostel Room Maintenance,low
Notice board velvet cloth faded and torn,"Affecting regular classes. The pinning board outside room Faculty of Management Studies, Room 104 has worn-out fabric with old pin marks. Kindly inspect and rectify.","Faculty of Management Studies, Room 104",Arts Departmental Office,low
Chemical spill in chemistry laboratory,"Concentrated acid bottle broke on lab floor in Faculty of Life Sciences, Room 401, releasing pungent toxic fumes. Area needs hazmat clearing.","Faculty of Life Sciences, Room 401",Science Chemical Safety,urgent
Window glass pane cracked and rattling in wind,"Reported by resident students. One of the glass window panes in Faculty of Management Studies, Room 208 is cracked across the middle and needs glazing replacement. Ongoing for several hours.","Faculty of Management Studies, Room 208",Estate Carpentry,normal
Elevator stuck between floors with students inside,"Lift in Jawaharlal Nehru Medical College, Room 401 suddenly stopped between 2nd and 3rd floor. 4 students trapped inside with alarm ringing.","Jawaharlal Nehru Medical College, Room 401",Estate Civil Works,urgent
Central air conditioning failure in critical computer lab,"Affecting regular classes. All 40 desktop computers shutting down due to thermal throttling after AC units stopped in Faculty of Social Sciences, Room Lab 2. Kindly inspect and rectify.","Faculty of Social Sciences, Room Lab 2",Commerce Computer Lab Equipment,high
LAN port connector loose in computer desk,"Reported by resident students. Ethernet RJ45 wall jack at desk 14 in Faculty of Life Sciences, Room 312 has a broken clip and disconnects whenever the wire moves. Ongoing for several hours.","Faculty of Life Sciences, Room 312",IT Network & Connectivity,normal
Printer paper jam roller error in department office,"Student grievance submitted. Office multi-function laser printer in Faculty of Agricultural Sciences, Room 401 jams paper on every double-sided print job. Has happened previously as well.","Faculty of Agricultural Sciences, Room 401",Commerce Office Equipment,normal
Request for pest control spray in garden flowerbeds,"Student grievance submitted. Routine seasonal insect repellent spray requested for hedges surrounding Faculty of Social Sciences, Room 401. Has happened previously as well.","Faculty of Social Sciences, Room 401",Agricultural Infrastructure,low
Complete power outage in academic block during lectures,"Affecting regular classes. Power has gone out completely in entire Faculty of Science, Room 104 building. Inverters are not backing up the lighting. Kindly inspect and rectify.","Faculty of Science, Room 104",Estate Electrical Maintenance,high
LPG gas cylinder leaking in dining kitchen,"Affecting regular classes. Strong smell of cooking gas leaking near commercial burners in Sarojini Naidu Hall, Room 401 mess kitchen. Risk of explosion. Kindly inspect and rectify.","Sarojini Naidu Hall, Room 401",Hostel Sanitation,urgent
Campus Wi-Fi and portal completely inaccessible before exam deadline,"Wi-Fi access points across Faculty of Life Sciences, Room 202 are dropping all connections. Students unable to access student portal.","Faculty of Life Sciences, Room 202",IT Network & Connectivity,high
Door stopper rubber missing on main entrance,"Reported by resident students. The floor door stopper rubber pad in Zakir Husain College of Engg & Tech, Room 401 has worn away, causing the door to knock against wall. Ongoing for several hours.","Zakir Husain College of Engg & Tech, Room 401",Estate Carpentry,low
Printer paper jam roller error in department office,"Office multi-function laser printer in Faculty of Science, Room 101 jams paper on every double-sided print job.","Faculty of Science, Room 101",Commerce Office Equipment,normal
Ceiling plaster slab collapsed in classroom,"A large heavy chunk of concrete plaster fell from the ceiling onto desks in Zakir Husain College of Engg & Tech, Room 101. Luckily no student was under it.","Zakir Husain College of Engg & Tech, Room 101",Estate Civil Works,urgent
Window blind pull cord slightly frayed,"Reported by resident students. The nylon pull cord for the roller blind in Sir Ziauddin Hall, Room Seminar Hall has frayed threads near the bottom tassel. Ongoing for several hours.","Sir Ziauddin Hall, Room Seminar Hall",Hostel Room Maintenance,low
Notice board velvet cloth faded and torn,"Urgent attention needed. The pinning board outside room Faculty of Social Sciences, Room Lab 2 has worn-out fabric with old pin marks. Please send maintenance technician as soon as possible.","Faculty of Social Sciences, Room Lab 2",Arts Departmental Office,low
Keypad letters worn off on library public search terminal,"Reported by resident students. The keyboard letters E, T, and N are faded on the catalog computer in Zakir Husain College of Engg & Tech, Room 202. Ongoing for several hours.","Zakir Husain College of Engg & Tech, Room 202",Central Library Services,low
Door stopper rubber missing on main entrance,"Affecting regular classes. The floor door stopper rubber pad in Faculty of Management Studies, Room 104 has worn away, causing the door to knock against wall. Kindly inspect and rectify.","Faculty of Management Studies, Room 104",Estate Carpentry,low
Curtain bracket slightly bent in seminar room,"Urgent attention needed. One of the curtain rod brackets near the front window in Faculty of Law, Room Seminar Hall is slightly tilted. Please send maintenance technician as soon as possible.","Faculty of Law, Room Seminar Hall",Arts Classroom Furniture,low
Ceiling fan making loud rattling noise in room,"Student grievance submitted. The ceiling fan in Sir Syed Hall (North), Room Wing B vibrates excessively and produces squeaking sound when set above speed 2. Has happened previously as well.","Sir Syed Hall (North), Room Wing B",Hostel Room Maintenance,normal
Short circuit sparked inside hostel room,"Affecting regular classes. Sparking occurred in ceiling fan wiring in Sir Syed Hall (North), Room 202, circuit breaker tripped and smoke filled the room. Kindly inspect and rectify.","Sir Syed Hall (North), Room 202",Hostel Room Maintenance,urgent
Main gate barrier collapsed blocking emergency ambulance access,"Heavy security gate broke and fell across the road at Faculty of Management Studies, Room 101, blocking vehicular entrance completely.","Faculty of Management Studies, Room 101",Campus Security,urgent
Request for pest control spray in garden flowerbeds,"Student grievance submitted. Routine seasonal insect repellent spray requested for hedges surrounding Jawaharlal Nehru Medical College, Room Lab 2. Has happened previously as well.","Jawaharlal Nehru Medical College, Room Lab 2",Agricultural Infrastructure,low
All projectors and audio systems failing in seminar hall,"Audio amplifier and main display projector in Central Library, Room 101 failed right before scheduled university guest lecture.","Central Library, Room 101",Arts Audio-Visual Equipment,high
Classroom whiteboard frame loose on wall,"The wall mounting brackets on the left side of the marker board in Zakir Husain College of Engg & Tech, Room 208 have come unscrewed.","Zakir Husain College of Engg & Tech, Room 208",Arts Classroom Furniture,normal
"Key server gateway unreachable, semester results page down","Student grievance submitted. Core department web server in Faculty of Management Studies, Room 401 is unresponsive (HTTP 502). Students cannot download admit cards. Has happened previously as well.","Faculty of Management Studies, Room 401",IT Software & Portals,high
Chemical spill in chemistry laboratory,"Student grievance submitted. Concentrated acid bottle broke on lab floor in Faculty of Commerce, Room Seminar Hall, releasing pungent toxic fumes. Area needs hazmat clearing. Has happened previously as well.","Faculty of Commerce, Room Seminar Hall",Science Chemical Safety,urgent
Window blind pull cord slightly frayed,"Reported by resident students. The nylon pull cord for the roller blind in Sir Syed Hall (South), Room 312 has frayed threads near the bottom tassel. Ongoing for several hours.","Sir Syed Hall (South), Room 312",Hostel Room Maintenance,low
Main water storage tank overflowing continuously onto roof,"Reported by resident students. Overhead tank motor is not auto-shutting off, thousands of liters of clean water spilling from Faculty of Commerce, Room 401. Ongoing for several hours.","Faculty of Commerce, Room 401",Estate Plumbing,high
Curtain bracket slightly bent in seminar room,"Student grievance submitted. One of the curtain rod brackets near the front window in Zakir Husain College of Engg & Tech, Room 101 is slightly tilted. Has happened previously as well.","Zakir Husain College of Engg & Tech, Room 101",Arts Classroom Furniture,low
Drainage slow in laboratory sink basin,"Water drains very slowly in wash basin 3 of Central Library, Room 401. Probably choked with residue.","Central Library, Room 401",Science Laboratory Equipment,normal
Heavy water leakage soaking library reference book section,"Reported by resident students. Rainwater leaking through roof directly above rare journals and reference racks in Viqarul Mulk Hall, Room 104. Ongoing for several hours.","Viqarul Mulk Hall, Room 104",Central Library Reading Room Maintenance,high
All projectors and audio systems failing in seminar hall,"Student grievance submitted. Audio amplifier and main display projector in Faculty of Arts, Room Lab 2 failed right before scheduled university guest lecture. Has happened previously as well.","Faculty of Arts, Room Lab 2",Arts Audio-Visual Equipment,high
No water supply in entire hostel wing since morning,"Student grievance submitted. All washrooms and taps in Begum Azeezun Nisa Hall, Room 312 have zero running water for past 12 hours. Over 100 resident students affected. Has happened previously as well.","Begum Azeezun Nisa Hall, Room 312",Hostel Water Supply,high
No water supply in entire hostel wing since morning,"Affecting regular classes. All washrooms and taps in Sir Syed Hall (South), Room 104 have zero running water for past 12 hours. Over 100 resident students affected. Kindly inspect and rectify.","Sir Syed Hall (South), Room 104",Hostel Water Supply,high
Tubelight fused in study room,"Affecting regular classes. The tube light fixture in Faculty of Management Studies, Room 101 has stopped turning on. Choke or starter might need replacement. Kindly inspect and rectify.","Faculty of Management Studies, Room 101",Estate Electrical Maintenance,normal
Elevator stuck between floors with students inside,"Affecting regular classes. Lift in Faculty of Management Studies, Room Lab 2 suddenly stopped between 2nd and 3rd floor. 4 students trapped inside with alarm ringing. Kindly inspect and rectify.","Faculty of Management Studies, Room Lab 2",Estate Civil Works,urgent
Window blind pull cord slightly frayed,"Urgent attention needed. The nylon pull cord for the roller blind in Begum Azeezun Nisa Hall, Room Seminar Hall has frayed threads near the bottom tassel. Please send maintenance technician as soon as possible.","Begum Azeezun Nisa Hall, Room Seminar Hall",Hostel Room Maintenance,low
LPG gas cylinder leaking in dining kitchen,"Affecting regular classes. Strong smell of cooking gas leaking near commercial burners in Allama Iqbal Boarding House, Room 202 mess kitchen. Risk of explosion. Kindly inspect and rectify.","Allama Iqbal Boarding House, Room 202",Hostel Sanitation,urgent
"Key server gateway unreachable, semester results page down","Affecting regular classes. Core department web server in Faculty of Science, Room 401 is unresponsive (HTTP 502). Students cannot download admit cards. Kindly inspect and rectify.","Faculty of Science, Room 401",IT Software & Portals,high
Water cooler temperature sensor not chilling,"Affecting regular classes. The drinking water cooler in Mohsinul Mulk Hall, Room Seminar Hall is dispensing room-temperature water even though power is on. Kindly inspect and rectify.","Mohsinul Mulk Hall, Room Seminar Hall",Hostel Water Supply,normal
Central air conditioning failure in critical computer lab,"All 40 desktop computers shutting down due to thermal throttling after AC units stopped in Central Library, Room Wing B.","Central Library, Room Wing B",Commerce Computer Lab Equipment,high
Sewage line overflow flooding hostel entrance corridor,"Affecting regular classes. Drainage backflow is spilling foul-smelling sewage across the main walking pathway of Sir Syed Hall (South), Room Wing B. Kindly inspect and rectify.","Sir Syed Hall (South), Room Wing B",Hostel Sanitation,high
Drainage slow in laboratory sink basin,"Water drains very slowly in wash basin 3 of Faculty of Science, Room 202. Probably choked with residue.","Faculty of Science, Room 202",Science Laboratory Equipment,normal
Curtain bracket slightly bent in seminar room,"Reported by resident students. One of the curtain rod brackets near the front window in Faculty of Commerce, Room 208 is slightly tilted. Ongoing for several hours.","Faculty of Commerce, Room 208",Arts Classroom Furniture,low
Classroom whiteboard frame loose on wall,"Student grievance submitted. The wall mounting brackets on the left side of the marker board in Faculty of Commerce, Room Lab 2 have come unscrewed. Has happened previously as well.","Faculty of Commerce, Room Lab 2",Arts Classroom Furniture,normal
Classroom whiteboard frame loose on wall,"Affecting regular classes. The wall mounting brackets on the left side of the marker board in Faculty of Management Studies, Room Seminar Hall have come unscrewed. Kindly inspect and rectify.","Faculty of Management Studies, Room Seminar Hall",Arts Classroom Furniture,normal
Request for pest control spray in garden flowerbeds,"Urgent attention needed. Routine seasonal insect repellent spray requested for hedges surrounding Jawaharlal Nehru Medical College, Room Lab 2. Please send maintenance technician as soon as possible.","Jawaharlal Nehru Medical College, Room Lab 2",Agricultural Infrastructure,low
Tubelight fused in study room,"Affecting regular classes. The tube light fixture in Faculty of Management Studies, Room 202 has stopped turning on. Choke or starter might need replacement. Kindly inspect and rectify.","Faculty of Management Studies, Room 202",Estate Electrical Maintenance,normal
Door lock latch jammed from inside,"Student grievance submitted. The mortise door lock of Jawaharlal Nehru Medical College, Room 305 is sticking and difficult to turn with the key. Needs oiling or realignment. Has happened previously as well.","Jawaharlal Nehru Medical College, Room 305",Estate Carpentry,normal
No water supply in entire hostel wing since morning,"Reported by resident students. All washrooms and taps in Mohsinul Mulk Hall, Room 401 have zero running water for past 12 hours. Over 100 resident students affected. Ongoing for several hours.","Mohsinul Mulk Hall, Room 401",Hostel Water Supply,high
Campus Wi-Fi and portal completely inaccessible before exam deadline,"Student grievance submitted. Wi-Fi access points across Jawaharlal Nehru Medical College, Room Seminar Hall are dropping all connections. Students unable to access student portal. Has happened previously as well.","Jawaharlal Nehru Medical College, Room Seminar Hall",IT Network & Connectivity,high
Floor tiles have minor scuff marks near doorway,"Reported by resident students. Scuff marks from moved equipment near the lab entrance at Faculty of Life Sciences, Room Lab 2. Needs routine buffing. Ongoing for several hours.","Faculty of Life Sciences, Room Lab 2",Estate Civil Works,low
Water cooler temperature sensor not chilling,"Student grievance submitted. The drinking water cooler in Dr. B.R. Ambedkar Hall, Room Wing B is dispensing room-temperature water even though power is on. Has happened previously as well.","Dr. B.R. Ambedkar Hall, Room Wing B",Hostel Water Supply,normal
Minor squeaking in library wooden chair,"Affecting regular classes. Two wooden reading chairs at table 4 in Faculty of Law, Room 104 squeak when sitting down. Kindly inspect and rectify.","Faculty of Law, Room 104",Central Library Services,low
Tubelight fused in study room,"Affecting regular classes. The tube light fixture in Faculty of Arts, Room 312 has stopped turning on. Choke or starter might need replacement. Kindly inspect and rectify.","Faculty of Arts, Room 312",Estate Electrical Maintenance,normal
Heavy water leakage soaking library reference book section,"Urgent attention needed. Rainwater leaking through roof directly above rare journals and reference racks in Begum Azeezun Nisa Hall, Room 202. Please send maintenance technician as soon as possible.","Begum Azeezun Nisa Hall, Room 202",Central Library Reading Room Maintenance,high
"Electric shock from water cooler in Faculty of Arts, Room Wing B",Reported by resident students. Students getting mild electric shock whenever touching the water cooler body. Please disconnect power immediately. Ongoing for several hours.,"Faculty of Arts, Room Wing B",Estate Electrical Maintenance,urgent
No water supply in entire hostel wing since morning,"Reported by resident students. All washrooms and taps in Allama Iqbal Boarding House, Room Seminar Hall have zero running water for past 12 hours. Over 100 resident students affected. Ongoing for several hours.","Allama Iqbal Boarding House, Room Seminar Hall",Hostel Water Supply,high
Severe flooding entering basement electrical room,"Heavy rainwater gushing into electrical transformer room in basement of Zakir Husain College of Engg & Tech, Room 208.","Zakir Husain College of Engg & Tech, Room 208",Estate Civil Works,urgent
Printer paper jam roller error in department office,"Urgent attention needed. Office multi-function laser printer in Zakir Husain College of Engg & Tech, Room 305 jams paper on every double-sided print job. Please send maintenance technician as soon as possible.","Zakir Husain College of Engg & Tech, Room 305",Commerce Office Equipment,normal
Classroom whiteboard frame loose on wall,"Student grievance submitted. The wall mounting brackets on the left side of the marker board in Faculty of Life Sciences, Room Wing B have come unscrewed. Has happened previously as well.","Faculty of Life Sciences, Room Wing B",Arts Classroom Furniture,normal
Notice board velvet cloth faded and torn,"The pinning board outside room Faculty of Science, Room 208 has worn-out fabric with old pin marks.","Faculty of Science, Room 208",Arts Departmental Office,low
LPG gas cylinder leaking in dining kitchen,"Affecting regular classes. Strong smell of cooking gas leaking near commercial burners in Hadi Hasan Hall, Room Wing B mess kitchen. Risk of explosion. Kindly inspect and rectify.","Hadi Hasan Hall, Room Wing B",Hostel Sanitation,urgent
Minor squeaking in library wooden chair,"Reported by resident students. Two wooden reading chairs at table 4 in Faculty of Arts, Room Seminar Hall squeak when sitting down. Ongoing for several hours.","Faculty of Arts, Room Seminar Hall",Central Library Services,low
Washroom tap dripping continuously,"Urgent attention needed. The basin tap in Faculty of Agricultural Sciences, Room Wing B cannot be shut tight and drips water constantly, wasting clean water. Please send maintenance technician as soon as possible.","Faculty of Agricultural Sciences, Room Wing B",Estate Plumbing,normal
Minor squeaking in library wooden chair,"Two wooden reading chairs at table 4 in Faculty of Arts, Room 101 squeak when sitting down.","Faculty of Arts, Room 101",Central Library Services,low
Drainage slow in laboratory sink basin,"Student grievance submitted. Water drains very slowly in wash basin 3 of Faculty of Agricultural Sciences, Room 401. Probably choked with residue. Has happened previously as well.","Faculty of Agricultural Sciences, Room 401",Science Laboratory Equipment,normal
All projectors and audio systems failing in seminar hall,"Urgent attention needed. Audio amplifier and main display projector in Faculty of Social Sciences, Room 202 failed right before scheduled university guest lecture. Please send maintenance technician as soon as possible.","Faculty of Social Sciences, Room 202",Arts Audio-Visual Equipment,high
Complete power outage in academic block during lectures,"Power has gone out completely in entire Faculty of Commerce, Room 208 building. Inverters are not backing up the lighting.","Faculty of Commerce, Room 208",Estate Electrical Maintenance,high
Main water storage tank overflowing continuously onto roof,"Student grievance submitted. Overhead tank motor is not auto-shutting off, thousands of liters of clean water spilling from Faculty of Arts, Room 401. Has happened previously as well.","Faculty of Arts, Room 401",Estate Plumbing,high
Main water storage tank overflowing continuously onto roof,"Urgent attention needed. Overhead tank motor is not auto-shutting off, thousands of liters of clean water spilling from Jawaharlal Nehru Medical College, Room Seminar Hall. Please send maintenance technician as soon as possible.","Jawaharlal Nehru Medical College, Room Seminar Hall",Estate Plumbing,high
Notice board velvet cloth faded and torn,"Urgent attention needed. The pinning board outside room Zakir Husain College of Engg & Tech, Room 101 has worn-out fabric with old pin marks. Please send maintenance technician as soon as possible.","Zakir Husain College of Engg & Tech, Room 101",Arts Departmental Office,low
"Electric shock from water cooler in Jawaharlal Nehru Medical College, Room 202",Student grievance submitted. Students getting mild electric shock whenever touching the water cooler body. Please disconnect power immediately. Has happened previously as well.,"Jawaharlal Nehru Medical College, Room 202",Estate Electrical Maintenance,urgent
Ceiling plaster slab collapsed in classroom,"Student grievance submitted. A large heavy chunk of concrete plaster fell from the ceiling onto desks in Central Library, Room Wing B. Luckily no student was under it. Has happened previously as well.","Central Library, Room Wing B",Estate Civil Works,urgent
Biohazard waste bin tipped over near patient entrance,"Reported by resident students. Infectious medical waste container overturned spilling used syringes and dressings near Faculty of Life Sciences, Room 104. Ongoing for several hours.","Faculty of Life Sciences, Room 104",JNMC Hospital Infrastructure,urgent
Smoke coming from server rack in computer lab,"Student grievance submitted. Dense white smoke and burning plastic odor coming from server room at Faculty of Life Sciences, Room Lab 2. Immediate fire hazard. Has happened previously as well.","Faculty of Life Sciences, Room Lab 2",Engineering Computer Systems,urgent
Water cooler temperature sensor not chilling,"The drinking water cooler in Nadeem Tarin Hall, Room 401 is dispensing room-temperature water even though power is on.","Nadeem Tarin Hall, Room 401",Hostel Water Supply,normal
Main water pipeline burst flooding corridor,"Main high pressure water pipe burst in Aftab Hall, Room 401, water rushing into ground floor rooms and near power sockets.","Aftab Hall, Room 401",Hostel Water Supply,urgent
LPG gas cylinder leaking in dining kitchen,"Urgent attention needed. Strong smell of cooking gas leaking near commercial burners in Hadi Hasan Hall, Room 312 mess kitchen. Risk of explosion. Please send maintenance technician as soon as possible.","Hadi Hasan Hall, Room 312",Hostel Sanitation,urgent
Main gate barrier collapsed blocking emergency ambulance access,"Urgent attention needed. Heavy security gate broke and fell across the road at Faculty of Life Sciences, Room 401, blocking vehicular entrance completely. Please send maintenance technician as soon as possible.","Faculty of Life Sciences, Room 401",Campus Security,urgent
Classroom whiteboard frame loose on wall,"Student grievance submitted. The wall mounting brackets on the left side of the marker board in Jawaharlal Nehru Medical College, Room Lab 2 have come unscrewed. Has happened previously as well.","Jawaharlal Nehru Medical College, Room Lab 2",Arts Classroom Furniture,normal
Central air conditioning failure in critical computer lab,"Affecting regular classes. All 40 desktop computers shutting down due to thermal throttling after AC units stopped in Faculty of Life Sciences, Room Lab 2. Kindly inspect and rectify.","Faculty of Life Sciences, Room Lab 2",Commerce Computer Lab Equipment,high
Tubelight fused in study room,"The tube light fixture in Central Library, Room 202 has stopped turning on. Choke or starter might need replacement.","Central Library, Room 202",Estate Electrical Maintenance,normal
Water cooler temperature sensor not chilling,"Student grievance submitted. The drinking water cooler in Allama Iqbal Boarding House, Room 312 is dispensing room-temperature water even though power is on. Has happened previously as well.","Allama Iqbal Boarding House, Room 312",Hostel Water Supply,normal
Keypad letters worn off on library public search terminal,"Student grievance submitted. The keyboard letters E, T, and N are faded on the catalog computer in Jawaharlal Nehru Medical College, Room 401. Has happened previously as well.","Jawaharlal Nehru Medical College, Room 401",Central Library Services,low
Keypad letters worn off on library public search terminal,"Student grievance submitted. The keyboard letters E, T, and N are faded on the catalog computer in Jawaharlal Nehru Medical College, Room 208. Has happened previously as well.","Jawaharlal Nehru Medical College, Room 208",Central Library Services,low
Tubelight fused in study room,"The tube light fixture in Faculty of Management Studies, Room 312 has stopped turning on. Choke or starter might need replacement.","Faculty of Management Studies, Room 312",Estate Electrical Maintenance,normal
Window glass pane cracked and rattling in wind,"One of the glass window panes in Faculty of Commerce, Room 104 is cracked across the middle and needs glazing replacement.","Faculty of Commerce, Room 104",Estate Carpentry,normal
Sewage line overflow flooding hostel entrance corridor,"Urgent attention needed. Drainage backflow is spilling foul-smelling sewage across the main walking pathway of Ross Masood Hall, Room 202. Please send maintenance technician as soon as possible.","Ross Masood Hall, Room 202",Hostel Sanitation,high
Sewage line overflow flooding hostel entrance corridor,"Drainage backflow is spilling foul-smelling sewage across the main walking pathway of Abdullah Hall, Room Lab 2.","Abdullah Hall, Room Lab 2",Hostel Sanitation,high
Door stopper rubber missing on main entrance,"Reported by resident students. The floor door stopper rubber pad in Faculty of Social Sciences, Room 101 has worn away, causing the door to knock against wall. Ongoing for several hours.","Faculty of Social Sciences, Room 101",Estate Carpentry,low
Door lock latch jammed from inside,"The mortise door lock of Faculty of Science, Room Lab 2 is sticking and difficult to turn with the key. Needs oiling or realignment.","Faculty of Science, Room Lab 2",Estate Carpentry,normal
Window blind pull cord slightly frayed,"Affecting regular classes. The nylon pull cord for the roller blind in Bibi Fatima Hall, Room 208 has frayed threads near the bottom tassel. Kindly inspect and rectify.","Bibi Fatima Hall, Room 208",Hostel Room Maintenance,low
Chemical spill in chemistry laboratory,"Student grievance submitted. Concentrated acid bottle broke on lab floor in Central Library, Room 208, releasing pungent toxic fumes. Area needs hazmat clearing. Has happened previously as well.","Central Library, Room 208",Science Chemical Safety,urgent
Ceiling fan making loud rattling noise in room,"Student grievance submitted. The ceiling fan in Abdullah Hall, Room 305 vibrates excessively and produces squeaking sound when set above speed 2. Has happened previously as well.","Abdullah Hall, Room 305",Hostel Room Maintenance,normal
Classroom whiteboard frame loose on wall,"Student grievance submitted. The wall mounting brackets on the left side of the marker board in Faculty of Management Studies, Room 104 have come unscrewed. Has happened previously as well.","Faculty of Management Studies, Room 104",Arts Classroom Furniture,normal
Printer paper jam roller error in department office,"Reported by resident students. Office multi-function laser printer in Central Library, Room Seminar Hall jams paper on every double-sided print job. Ongoing for several hours.","Central Library, Room Seminar Hall",Commerce Office Equipment,normal
Main water pipeline burst flooding corridor,"Student grievance submitted. Main high pressure water pipe burst in Begum Sultan Jahan Hall, Room 401, water rushing into ground floor rooms and near power sockets. Has happened previously as well.","Begum Sultan Jahan Hall, Room 401",Hostel Water Supply,urgent
Severe flooding entering basement electrical room,"Reported by resident students. Heavy rainwater gushing into electrical transformer room in basement of Faculty of Agricultural Sciences, Room 101. Ongoing for several hours.","Faculty of Agricultural Sciences, Room 101",Estate Civil Works,urgent
Request for pest control spray in garden flowerbeds,"Student grievance submitted. Routine seasonal insect repellent spray requested for hedges surrounding Faculty of Social Sciences, Room Lab 2. Has happened previously as well.","Faculty of Social Sciences, Room Lab 2",Agricultural Infrastructure,low
"Hostel mess water purifier broken, no drinking water","Commercial RO water filter at Viqarul Mulk Hall, Room Wing B has stopped dispensing clean drinking water. Students forced to buy bottles.","Viqarul Mulk Hall, Room Wing B",Hostel Water Supply,high
Classroom whiteboard frame loose on wall,"Affecting regular classes. The wall mounting brackets on the left side of the marker board in Faculty of Commerce, Room 312 have come unscrewed. Kindly inspect and rectify.","Faculty of Commerce, Room 312",Arts Classroom Furniture,normal
Notice board velvet cloth faded and torn,"Urgent attention needed. The pinning board outside room Faculty of Life Sciences, Room 401 has worn-out fabric with old pin marks. Please send maintenance technician as soon as possible.","Faculty of Life Sciences, Room 401",Arts Departmental Office,low
Water cooler temperature sensor not chilling,"The drinking water cooler in Nadeem Tarin Hall, Room 312 is dispensing room-temperature water even though power is on.","Nadeem Tarin Hall, Room 312",Hostel Water Supply,normal
Complete power outage in academic block during lectures,"Student grievance submitted. Power has gone out completely in entire Central Library, Room 104 building. Inverters are not backing up the lighting. Has happened previously as well.","Central Library, Room 104",Estate Electrical Maintenance,high
Chemical spill in chemistry laboratory,"Urgent attention needed. Concentrated acid bottle broke on lab floor in Jawaharlal Nehru Medical College, Room 202, releasing pungent toxic fumes. Area needs hazmat clearing. Please send maintenance technician as soon as possible.","Jawaharlal Nehru Medical College, Room 202",Science Chemical Safety,urgent
Wall paint peeling off in corridor corner,"Affecting regular classes. Some paint plaster is flaking off near the stairwell notice board of Faculty of Arts, Room 305. Needs a patch coat. Kindly inspect and rectify.","Faculty of Arts, Room 305",Estate Civil Works,low
Main water pipeline burst flooding corridor,"Affecting regular classes. Main high pressure water pipe burst in Viqarul Mulk Hall, Room 208, water rushing into ground floor rooms and near power sockets. Kindly inspect and rectify.","Viqarul Mulk Hall, Room 208",Hostel Water Supply,urgent
Severe flooding entering basement electrical room,"Affecting regular classes. Heavy rainwater gushing into electrical transformer room in basement of Faculty of Management Studies, Room 401. Kindly inspect and rectify.","Faculty of Management Studies, Room 401",Estate Civil Works,urgent
Washroom tap dripping continuously,"Reported by resident students. The basin tap in Zakir Husain College of Engg & Tech, Room Wing B cannot be shut tight and drips water constantly, wasting clean water. Ongoing for several hours.","Zakir Husain College of Engg & Tech, Room Wing B",Estate Plumbing,normal
Wall paint peeling off in corridor corner,"Some paint plaster is flaking off near the stairwell notice board of Jawaharlal Nehru Medical College, Room 305. Needs a patch coat.","Jawaharlal Nehru Medical College, Room 305",Estate Civil Works,low
Printer paper jam roller error in department office,"Office multi-function laser printer in Faculty of Agricultural Sciences, Room 101 jams paper on every double-sided print job.","Faculty of Agricultural Sciences, Room 101",Commerce Office Equipment,normal
Elevator stuck between floors with students inside,"Affecting regular classes. Lift in Faculty of Agricultural Sciences, Room 312 suddenly stopped between 2nd and 3rd floor. 4 students trapped inside with alarm ringing. Kindly inspect and rectify.","Faculty of Agricultural Sciences, Room 312",Estate Civil Works,urgent
LAN port connector loose in computer desk,"Student grievance submitted. Ethernet RJ45 wall jack at desk 14 in Faculty of Science, Room Seminar Hall has a broken clip and disconnects whenever the wire moves. Has happened previously as well.","Faculty of Science, Room Seminar Hall",IT Network & Connectivity,normal
Heavy water leakage soaking library reference book section,"Affecting regular classes. Rainwater leaking through roof directly above rare journals and reference racks in Viqarul Mulk Hall, Room 101. Kindly inspect and rectify.","Viqarul Mulk Hall, Room 101",Central Library Reading Room Maintenance,high
Drainage slow in laboratory sink basin,"Affecting regular classes. Water drains very slowly in wash basin 3 of Faculty of Agricultural Sciences, Room 101. Probably choked with residue. Kindly inspect and rectify.","Faculty of Agricultural Sciences, Room 101",Science Laboratory Equipment,normal
Door stopper rubber missing on main entrance,"Student grievance submitted. The floor door stopper rubber pad in Zakir Husain College of Engg & Tech, Room Wing B has worn away, causing the door to knock against wall. Has happened previously as well.","Zakir Husain College of Engg & Tech, Room Wing B",Estate Carpentry,low
Short circuit sparked inside hostel room,"Sparking occurred in ceiling fan wiring in Sarojini Naidu Hall, Room Lab 2, circuit breaker tripped and smoke filled the room.","Sarojini Naidu Hall, Room Lab 2",Hostel Room Maintenance,urgent
Printer paper jam roller error in department office,"Urgent attention needed. Office multi-function laser printer in Faculty of Science, Room Lab 2 jams paper on every double-sided print job. Please send maintenance technician as soon as possible.","Faculty of Science, Room Lab 2",Commerce Office Equipment,normal
Water cooler temperature sensor not chilling,"Urgent attention needed. The drinking water cooler in Sarojini Naidu Hall, Room 101 is dispensing room-temperature water even though power is on. Please send maintenance technician as soon as possible.","Sarojini Naidu Hall, Room 101",Hostel Water Supply,normal
Printer paper jam roller error in department office,"Student grievance submitted. Office multi-function laser printer in Faculty of Life Sciences, Room 312 jams paper on every double-sided print job. Has happened previously as well.","Faculty of Life Sciences, Room 312",Commerce Office Equipment,normal
Central air conditioning failure in critical computer lab,"All 40 desktop computers shutting down due to thermal throttling after AC units stopped in Faculty of Arts, Room Lab 2.","Faculty of Arts, Room Lab 2",Commerce Computer Lab Equipment,high
Short circuit sparked inside hostel room,"Urgent attention needed. Sparking occurred in ceiling fan wiring in Viqarul Mulk Hall, Room 202, circuit breaker tripped and smoke filled the room. Please send maintenance technician as soon as possible.","Viqarul Mulk Hall, Room 202",Hostel Room Maintenance,urgent
Drainage slow in laboratory sink basin,"Water drains very slowly in wash basin 3 of Faculty of Commerce, Room 101. Probably choked with residue.","Faculty of Commerce, Room 101",Science Laboratory Equipment,normal
Severe sparking from main distribution board,"Urgent attention needed. Electric sparks and burning smell coming from the main switchboard near Faculty of Arts, Room 305. High risk of fire. Please send maintenance technician as soon as possible.","Faculty of Arts, Room 305",Estate Electrical Maintenance,urgent
"Hostel mess water purifier broken, no drinking water","Reported by resident students. Commercial RO water filter at Mohsinul Mulk Hall, Room Lab 2 has stopped dispensing clean drinking water. Students forced to buy bottles. Ongoing for several hours.","Mohsinul Mulk Hall, Room Lab 2",Hostel Water Supply,high
Window glass pane cracked and rattling in wind,"Urgent attention needed. One of the glass window panes in Faculty of Arts, Room 312 is cracked across the middle and needs glazing replacement. Please send maintenance technician as soon as possible.","Faculty of Arts, Room 312",Estate Carpentry,normal
Window blind pull cord slightly frayed,"The nylon pull cord for the roller blind in Abdullah Hall, Room 401 has frayed threads near the bottom tassel.","Abdullah Hall, Room 401",Hostel Room Maintenance,low
Chemical spill in chemistry laboratory,"Urgent attention needed. Concentrated acid bottle broke on lab floor in Faculty of Social Sciences, Room 101, releasing pungent toxic fumes. Area needs hazmat clearing. Please send maintenance technician as soon as possible.","Faculty of Social Sciences, Room 101",Science Chemical Safety,urgent
Notice board velvet cloth faded and torn,"The pinning board outside room Faculty of Agricultural Sciences, Room 312 has worn-out fabric with old pin marks.","Faculty of Agricultural Sciences, Room 312",Arts Departmental Office,low
Door stopper rubber missing on main entrance,"The floor door stopper rubber pad in Faculty of Commerce, Room Seminar Hall has worn away, causing the door to knock against wall.","Faculty of Commerce, Room Seminar Hall",Estate Carpentry,low
Door lock latch jammed from inside,"Reported by resident students. The mortise door lock of Zakir Husain College of Engg & Tech, Room 401 is sticking and difficult to turn with the key. Needs oiling or realignment. Ongoing for several hours.","Zakir Husain College of Engg & Tech, Room 401",Estate Carpentry,normal
Biohazard waste bin tipped over near patient entrance,"Reported by resident students. Infectious medical waste container overturned spilling used syringes and dressings near Faculty of Commerce, Room Wing B. Ongoing for several hours.","Faculty of Commerce, Room Wing B",JNMC Hospital Infrastructure,urgent
LAN port connector loose in computer desk,"Urgent attention needed. Ethernet RJ45 wall jack at desk 14 in Faculty of Social Sciences, Room Lab 2 has a broken clip and disconnects whenever the wire moves. Please send maintenance technician as soon as possible.","Faculty of Social Sciences, Room Lab 2",IT Network & Connectivity,normal
Printer paper jam roller error in department office,"Student grievance submitted. Office multi-function laser printer in Jawaharlal Nehru Medical College, Room 401 jams paper on every double-sided print job. Has happened previously as well.","Jawaharlal Nehru Medical College, Room 401",Commerce Office Equipment,normal
Request for additional waste bin near lawn bench,"Student grievance submitted. Students sitting near the garden area outside Abdullah Hall, Room 208 request an extra trash bin to keep grounds clean. Has happened previously as well.","Abdullah Hall, Room 208",Hostel Sanitation,low
Main water pipeline burst flooding corridor,"Urgent attention needed. Main high pressure water pipe burst in Nadeem Tarin Hall, Room 101, water rushing into ground floor rooms and near power sockets. Please send maintenance technician as soon as possible.","Nadeem Tarin Hall, Room 101",Hostel Water Supply,urgent
Exposed live electrical cable lying on floor,"Student grievance submitted. A thick live wire has fallen down near Faculty of Management Studies, Room 312 with sparks visible. Extremely dangerous for passing students. Has happened previously as well.","Faculty of Management Studies, Room 312",Estate Electrical Maintenance,urgent
Main water storage tank overflowing continuously onto roof,"Affecting regular classes. Overhead tank motor is not auto-shutting off, thousands of liters of clean water spilling from Central Library, Room 202. Kindly inspect and rectify.","Central Library, Room 202",Estate Plumbing,high
Window blind pull cord slightly frayed,"Reported by resident students. The nylon pull cord for the roller blind in Sarojini Naidu Hall, Room 312 has frayed threads near the bottom tassel. Ongoing for several hours.","Sarojini Naidu Hall, Room 312",Hostel Room Maintenance,low
Classroom whiteboard frame loose on wall,"Student grievance submitted. The wall mounting brackets on the left side of the marker board in Faculty of Agricultural Sciences, Room 202 have come unscrewed. Has happened previously as well.","Faculty of Agricultural Sciences, Room 202",Arts Classroom Furniture,normal
LAN port connector loose in computer desk,"Affecting regular classes. Ethernet RJ45 wall jack at desk 14 in Faculty of Agricultural Sciences, Room 312 has a broken clip and disconnects whenever the wire moves. Kindly inspect and rectify.","Faculty of Agricultural Sciences, Room 312",IT Network & Connectivity,normal
No water supply in entire hostel wing since morning,"Reported by resident students. All washrooms and taps in Aftab Hall, Room Seminar Hall have zero running water for past 12 hours. Over 100 resident students affected. Ongoing for several hours.","Aftab Hall, Room Seminar Hall",Hostel Water Supply,high
Printer paper jam roller error in department office,"Office multi-function laser printer in Faculty of Management Studies, Room 208 jams paper on every double-sided print job.","Faculty of Management Studies, Room 208",Commerce Office Equipment,normal
Washroom tap dripping continuously,"Urgent attention needed. The basin tap in Central Library, Room 104 cannot be shut tight and drips water constantly, wasting clean water. Please send maintenance technician as soon as possible.","Central Library, Room 104",Estate Plumbing,normal
LPG gas cylinder leaking in dining kitchen,"Reported by resident students. Strong smell of cooking gas leaking near commercial burners in Sir Syed Hall (North), Room 104 mess kitchen. Risk of explosion. Ongoing for several hours.","Sir Syed Hall (North), Room 104",Hostel Sanitation,urgent
Heavy water leakage soaking library reference book section,"Reported by resident students. Rainwater leaking through roof directly above rare journals and reference racks in Begum Sultan Jahan Hall, Room 202. Ongoing for several hours.","Begum Sultan Jahan Hall, Room 202",Central Library Reading Room Maintenance,high
Main water pipeline burst flooding corridor,"Affecting regular classes. Main high pressure water pipe burst in Begum Azeezun Nisa Hall, Room 305, water rushing into ground floor rooms and near power sockets. Kindly inspect and rectify.","Begum Azeezun Nisa Hall, Room 305",Hostel Water Supply,urgent
Wall paint peeling off in corridor corner,"Urgent attention needed. Some paint plaster is flaking off near the stairwell notice board of Jawaharlal Nehru Medical College, Room 401. Needs a patch coat. Please send maintenance technician as soon as possible.","Jawaharlal Nehru Medical College, Room 401",Estate Civil Works,low
Classroom whiteboard frame loose on wall,"Affecting regular classes. The wall mounting brackets on the left side of the marker board in Jawaharlal Nehru Medical College, Room Seminar Hall have come unscrewed. Kindly inspect and rectify.","Jawaharlal Nehru Medical College, Room Seminar Hall",Arts Classroom Furniture,normal
Classroom whiteboard frame loose on wall,"Student grievance submitted. The wall mounting brackets on the left side of the marker board in Jawaharlal Nehru Medical College, Room 305 have come unscrewed. Has happened previously as well.","Jawaharlal Nehru Medical College, Room 305",Arts Classroom Furniture,normal
Complete power outage in academic block during lectures,"Reported by resident students. Power has gone out completely in entire Zakir Husain College of Engg & Tech, Room 104 building. Inverters are not backing up the lighting. Ongoing for several hours.","Zakir Husain College of Engg & Tech, Room 104",Estate Electrical Maintenance,high
Washroom tap dripping continuously,"Reported by resident students. The basin tap in Faculty of Arts, Room 305 cannot be shut tight and drips water constantly, wasting clean water. Ongoing for several hours.","Faculty of Arts, Room 305",Estate Plumbing,normal
Door lock latch jammed from inside,"Urgent attention needed. The mortise door lock of Faculty of Social Sciences, Room Lab 2 is sticking and difficult to turn with the key. Needs oiling or realignment. Please send maintenance technician as soon as possible.","Faculty of Social Sciences, Room Lab 2",Estate Carpentry,normal
Request for pest control spray in garden flowerbeds,"Student grievance submitted. Routine seasonal insect repellent spray requested for hedges surrounding Zakir Husain College of Engg & Tech, Room 401. Has happened previously as well.","Zakir Husain College of Engg & Tech, Room 401",Agricultural Infrastructure,low
Main water pipeline burst flooding corridor,"Main high pressure water pipe burst in Abdullah Hall, Room Lab 2, water rushing into ground floor rooms and near power sockets.","Abdullah Hall, Room Lab 2",Hostel Water Supply,urgent
Notice board velvet cloth faded and torn,"Affecting regular classes. The pinning board outside room Faculty of Management Studies, Room 305 has worn-out fabric with old pin marks. Kindly inspect and rectify.","Faculty of Management Studies, Room 305",Arts Departmental Office,low
Heavy water leakage soaking library reference book section,"Reported by resident students. Rainwater leaking through roof directly above rare journals and reference racks in Nadeem Tarin Hall, Room 208. Ongoing for several hours.","Nadeem Tarin Hall, Room 208",Central Library Reading Room Maintenance,high
Main water pipeline burst flooding corridor,"Reported by resident students. Main high pressure water pipe burst in Sarojini Naidu Hall, Room Seminar Hall, water rushing into ground floor rooms and near power sockets. Ongoing for several hours.","Sarojini Naidu Hall, Room Seminar Hall",Hostel Water Supply,urgent
Water cooler temperature sensor not chilling,"Student grievance submitted. The drinking water cooler in NRSC, Room 101 is dispensing room-temperature water even though power is on. Has happened previously as well.","NRSC, Room 101",Hostel Water Supply,normal
Door stopper rubber missing on main entrance,"The floor door stopper rubber pad in Faculty of Commerce, Room Lab 2 has worn away, causing the door to knock against wall.","Faculty of Commerce, Room Lab 2",Estate Carpentry,low
Smoke coming from server rack in computer lab,"Dense white smoke and burning plastic odor coming from server room at Faculty of Arts, Room 202. Immediate fire hazard.","Faculty of Arts, Room 202",Engineering Computer Systems,urgent
Chemical spill in chemistry laboratory,"Concentrated acid bottle broke on lab floor in Faculty of Social Sciences, Room 312, releasing pungent toxic fumes. Area needs hazmat clearing.","Faculty of Social Sciences, Room 312",Science Chemical Safety,urgent
Main gate barrier collapsed blocking emergency ambulance access,"Reported by resident students. Heavy security gate broke and fell across the road at Jawaharlal Nehru Medical College, Room 202, blocking vehicular entrance completely. Ongoing for several hours.","Jawaharlal Nehru Medical College, Room 202",Campus Security,urgent
Minor squeaking in library wooden chair,"Affecting regular classes. Two wooden reading chairs at table 4 in Faculty of Management Studies, Room Lab 2 squeak when sitting down. Kindly inspect and rectify.","Faculty of Management Studies, Room Lab 2",Central Library Services,low
Exposed live electrical cable lying on floor,"Student grievance submitted. A thick live wire has fallen down near Faculty of Social Sciences, Room Wing B with sparks visible. Extremely dangerous for passing students. Has happened previously as well.","Faculty of Social Sciences, Room Wing B",Estate Electrical Maintenance,urgent
Central air conditioning failure in critical computer lab,"Affecting regular classes. All 40 desktop computers shutting down due to thermal throttling after AC units stopped in Central Library, Room 208. Kindly inspect and rectify.","Central Library, Room 208",Commerce Computer Lab Equipment,high
Window glass pane cracked and rattling in wind,"Affecting regular classes. One of the glass window panes in Faculty of Life Sciences, Room Lab 2 is cracked across the middle and needs glazing replacement. Kindly inspect and rectify.","Faculty of Life Sciences, Room Lab 2",Estate Carpentry,normal
All projectors and audio systems failing in seminar hall,"Reported by resident students. Audio amplifier and main display projector in Faculty of Commerce, Room 401 failed right before scheduled university guest lecture. Ongoing for several hours.","Faculty of Commerce, Room 401",Arts Audio-Visual Equipment,high
Request for pest control spray in garden flowerbeds,"Routine seasonal insect repellent spray requested for hedges surrounding Faculty of Law, Room Seminar Hall.","Faculty of Law, Room Seminar Hall",Agricultural Infrastructure,low
Drainage slow in laboratory sink basin,"Water drains very slowly in wash basin 3 of Faculty of Agricultural Sciences, Room 305. Probably choked with residue.","Faculty of Agricultural Sciences, Room 305",Science Laboratory Equipment,normal
Printer paper jam roller error in department office,"Reported by resident students. Office multi-function laser printer in Faculty of Law, Room 202 jams paper on every double-sided print job. Ongoing for several hours.","Faculty of Law, Room 202",Commerce Office Equipment,normal
Request for pest control spray in garden flowerbeds,"Student grievance submitted. Routine seasonal insect repellent spray requested for hedges surrounding Faculty of Law, Room 104. Has happened previously as well.","Faculty of Law, Room 104",Agricultural Infrastructure,low
Chemical spill in chemistry laboratory,"Reported by resident students. Concentrated acid bottle broke on lab floor in Central Library, Room 208, releasing pungent toxic fumes. Area needs hazmat clearing. Ongoing for several hours.","Central Library, Room 208",Science Chemical Safety,urgent
Printer paper jam roller error in department office,"Affecting regular classes. Office multi-function laser printer in Faculty of Agricultural Sciences, Room 101 jams paper on every double-sided print job. Kindly inspect and rectify.","Faculty of Agricultural Sciences, Room 101",Commerce Office Equipment,normal
All projectors and audio systems failing in seminar hall,"Audio amplifier and main display projector in Faculty of Management Studies, Room Wing B failed right before scheduled university guest lecture.","Faculty of Management Studies, Room Wing B",Arts Audio-Visual Equipment,high
Printer paper jam roller error in department office,"Affecting regular classes. Office multi-function laser printer in Faculty of Commerce, Room 401 jams paper on every double-sided print job. Kindly inspect and rectify.","Faculty of Commerce, Room 401",Commerce Office Equipment,normal
Campus Wi-Fi and portal completely inaccessible before exam deadline,"Affecting regular classes. Wi-Fi access points across Faculty of Agricultural Sciences, Room 401 are dropping all connections. Students unable to access student portal. Kindly inspect and rectify.","Faculty of Agricultural Sciences, Room 401",IT Network & Connectivity,high
Sewage line overflow flooding hostel entrance corridor,"Reported by resident students. Drainage backflow is spilling foul-smelling sewage across the main walking pathway of Allama Iqbal Boarding House, Room 104. Ongoing for several hours.","Allama Iqbal Boarding House, Room 104",Hostel Sanitation,high
Main water storage tank overflowing continuously onto roof,"Affecting regular classes. Overhead tank motor is not auto-shutting off, thousands of liters of clean water spilling from Faculty of Commerce, Room 305. Kindly inspect and rectify.","Faculty of Commerce, Room 305",Estate Plumbing,high
Heavy water leakage soaking library reference book section,"Student grievance submitted. Rainwater leaking through roof directly above rare journals and reference racks in Ross Masood Hall, Room Lab 2. Has happened previously as well.","Ross Masood Hall, Room Lab 2",Central Library Reading Room Maintenance,high
Keypad letters worn off on library public search terminal,"Reported by resident students. The keyboard letters E, T, and N are faded on the catalog computer in Faculty of Agricultural Sciences, Room 305. Ongoing for several hours.","Faculty of Agricultural Sciences, Room 305",Central Library Services,low
"Key server gateway unreachable, semester results page down","Reported by resident students. Core department web server in Faculty of Arts, Room 101 is unresponsive (HTTP 502). Students cannot download admit cards. Ongoing for several hours.","Faculty of Arts, Room 101",IT Software & Portals,high
Minor squeaking in library wooden chair,"Reported by resident students. Two wooden reading chairs at table 4 in Jawaharlal Nehru Medical College, Room 305 squeak when sitting down. Ongoing for several hours.","Jawaharlal Nehru Medical College, Room 305",Central Library Services,low
Ceiling plaster slab collapsed in classroom,"A large heavy chunk of concrete plaster fell from the ceiling onto desks in Faculty of Life Sciences, Room Lab 2. Luckily no student was under it.","Faculty of Life Sciences, Room Lab 2",Estate Civil Works,urgent
Ceiling plaster slab collapsed in classroom,"Urgent attention needed. A large heavy chunk of concrete plaster fell from the ceiling onto desks in Faculty of Law, Room 312. Luckily no student was under it. Please send maintenance technician as soon as possible.","Faculty of Law, Room 312",Estate Civil Works,urgent
Drainage slow in laboratory sink basin,"Reported by resident students. Water drains very slowly in wash basin 3 of Faculty of Commerce, Room Wing B. Probably choked with residue. Ongoing for several hours.","Faculty of Commerce, Room Wing B",Science Laboratory Equipment,normal
Tubelight fused in study room,"Affecting regular classes. The tube light fixture in Faculty of Life Sciences, Room 101 has stopped turning on. Choke or starter might need replacement. Kindly inspect and rectify.","Faculty of Life Sciences, Room 101",Estate Electrical Maintenance,normal
Request for additional waste bin near lawn bench,"Urgent attention needed. Students sitting near the garden area outside Mohsinul Mulk Hall, Room Lab 2 request an extra trash bin to keep grounds clean. Please send maintenance technician as soon as possible.","Mohsinul Mulk Hall, Room Lab 2",Hostel Sanitation,low
Classroom whiteboard frame loose on wall,"Urgent attention needed. The wall mounting brackets on the left side of the marker board in Central Library, Room Seminar Hall have come unscrewed. Please send maintenance technician as soon as possible.","Central Library, Room Seminar Hall",Arts Classroom Furniture,normal
Drainage slow in laboratory sink basin,"Student grievance submitted. Water drains very slowly in wash basin 3 of Faculty of Arts, Room Wing B. Probably choked with residue. Has happened previously as well.","Faculty of Arts, Room Wing B",Science Laboratory Equipment,normal
Drainage slow in laboratory sink basin,"Reported by resident students. Water drains very slowly in wash basin 3 of Faculty of Arts, Room 101. Probably choked with residue. Ongoing for several hours.","Faculty of Arts, Room 101",Science Laboratory Equipment,normal
Washroom tap dripping continuously,"Affecting regular classes. The basin tap in Faculty of Arts, Room 312 cannot be shut tight and drips water constantly, wasting clean water. Kindly inspect and rectify.","Faculty of Arts, Room 312",Estate Plumbing,normal
Request for additional waste bin near lawn bench,"Students sitting near the garden area outside Aftab Hall, Room Wing B request an extra trash bin to keep grounds clean.","Aftab Hall, Room Wing B",Hostel Sanitation,low
Central air conditioning failure in critical computer lab,"All 40 desktop computers shutting down due to thermal throttling after AC units stopped in Faculty of Management Studies, Room Seminar Hall.","Faculty of Management Studies, Room Seminar Hall",Commerce Computer Lab Equipment,high
Request for additional waste bin near lawn bench,"Students sitting near the garden area outside Begum Sultan Jahan Hall, Room 104 request an extra trash bin to keep grounds clean.","Begum Sultan Jahan Hall, Room 104",Hostel Sanitation,low
Central air conditioning failure in critical computer lab,"Reported by resident students. All 40 desktop computers shutting down due to thermal throttling after AC units stopped in Faculty of Social Sciences, Room 104. Ongoing for several hours.","Faculty of Social Sciences, Room 104",Commerce Computer Lab Equipment,high
Request for pest control spray in garden flowerbeds,"Affecting regular classes. Routine seasonal insect repellent spray requested for hedges surrounding Faculty of Social Sciences, Room Seminar Hall. Kindly inspect and rectify.","Faculty of Social Sciences, Room Seminar Hall",Agricultural Infrastructure,low
Curtain bracket slightly bent in seminar room,"Urgent attention needed. One of the curtain rod brackets near the front window in Faculty of Life Sciences, Room Wing B is slightly tilted. Please send maintenance technician as soon as possible.","Faculty of Life Sciences, Room Wing B",Arts Classroom Furniture,low
Door lock latch jammed from inside,"Student grievance submitted. The mortise door lock of Faculty of Arts, Room 208 is sticking and difficult to turn with the key. Needs oiling or realignment. Has happened previously as well.","Faculty of Arts, Room 208",Estate Carpentry,normal
Request for additional waste bin near lawn bench,"Student grievance submitted. Students sitting near the garden area outside Viqarul Mulk Hall, Room Lab 2 request an extra trash bin to keep grounds clean. Has happened previously as well.","Viqarul Mulk Hall, Room Lab 2",Hostel Sanitation,low
Door lock latch jammed from inside,"Student grievance submitted. The mortise door lock of Faculty of Law, Room 312 is sticking and difficult to turn with the key. Needs oiling or realignment. Has happened previously as well.","Faculty of Law, Room 312",Estate Carpentry,normal
Door stopper rubber missing on main entrance,"The floor door stopper rubber pad in Jawaharlal Nehru Medical College, Room 305 has worn away, causing the door to knock against wall.","Jawaharlal Nehru Medical College, Room 305",Estate Carpentry,low
Wall paint peeling off in corridor corner,"Some paint plaster is flaking off near the stairwell notice board of Jawaharlal Nehru Medical College, Room 401. Needs a patch coat.","Jawaharlal Nehru Medical College, Room 401",Estate Civil Works,low
Floor tiles have minor scuff marks near doorway,"Urgent attention needed. Scuff marks from moved equipment near the lab entrance at Zakir Husain College of Engg & Tech, Room 401. Needs routine buffing. Please send maintenance technician as soon as possible.","Zakir Husain College of Engg & Tech, Room 401",Estate Civil Works,low
Minor squeaking in library wooden chair,"Student grievance submitted. Two wooden reading chairs at table 4 in Faculty of Agricultural Sciences, Room Wing B squeak when sitting down. Has happened previously as well.","Faculty of Agricultural Sciences, Room Wing B",Central Library Services,low
Printer paper jam roller error in department office,"Student grievance submitted. Office multi-function laser printer in Faculty of Social Sciences, Room 101 jams paper on every double-sided print job. Has happened previously as well.","Faculty of Social Sciences, Room 101",Commerce Office Equipment,normal
Door stopper rubber missing on main entrance,"Affecting regular classes. The floor door stopper rubber pad in Faculty of Management Studies, Room Wing B has worn away, causing the door to knock against wall. Kindly inspect and rectify.","Faculty of Management Studies, Room Wing B",Estate Carpentry,low
Main water pipeline burst flooding corridor,"Urgent attention needed. Main high pressure water pipe burst in Viqarul Mulk Hall, Room 101, water rushing into ground floor rooms and near power sockets. Please send maintenance technician as soon as possible.","Viqarul Mulk Hall, Room 101",Hostel Water Supply,urgent
Main water pipeline burst flooding corridor,"Main high pressure water pipe burst in Indira Gandhi Hall, Room Lab 2, water rushing into ground floor rooms and near power sockets.","Indira Gandhi Hall, Room Lab 2",Hostel Water Supply,urgent
Window blind pull cord slightly frayed,"Reported by resident students. The nylon pull cord for the roller blind in Mohsinul Mulk Hall, Room Lab 2 has frayed threads near the bottom tassel. Ongoing for several hours.","Mohsinul Mulk Hall, Room Lab 2",Hostel Room Maintenance,low
Floor tiles have minor scuff marks near doorway,"Scuff marks from moved equipment near the lab entrance at Faculty of Agricultural Sciences, Room Wing B. Needs routine buffing.","Faculty of Agricultural Sciences, Room Wing B",Estate Civil Works,low
Notice board velvet cloth faded and torn,"Reported by resident students. The pinning board outside room Jawaharlal Nehru Medical College, Room Lab 2 has worn-out fabric with old pin marks. Ongoing for several hours.","Jawaharlal Nehru Medical College, Room Lab 2",Arts Departmental Office,low
"Key server gateway unreachable, semester results page down","Core department web server in Faculty of Law, Room 101 is unresponsive (HTTP 502). Students cannot download admit cards.","Faculty of Law, Room 101",IT Software & Portals,high
Severe flooding entering basement electrical room,"Affecting regular classes. Heavy rainwater gushing into electrical transformer room in basement of Central Library, Room 104. Kindly inspect and rectify.","Central Library, Room 104",Estate Civil Works,urgent
Curtain bracket slightly bent in seminar room,"Reported by resident students. One of the curtain rod brackets near the front window in Faculty of Arts, Room 305 is slightly tilted. Ongoing for several hours.","Faculty of Arts, Room 305",Arts Classroom Furniture,low
Campus Wi-Fi and portal completely inaccessible before exam deadline,"Affecting regular classes. Wi-Fi access points across Jawaharlal Nehru Medical College, Room Lab 2 are dropping all connections. Students unable to access student portal. Kindly inspect and rectify.","Jawaharlal Nehru Medical College, Room Lab 2",IT Network & Connectivity,high
Notice board velvet cloth faded and torn,"Reported by resident students. The pinning board outside room Central Library, Room Wing B has worn-out fabric with old pin marks. Ongoing for several hours.","Central Library, Room Wing B",Arts Departmental Office,low
No water supply in entire hostel wing since morning,"Student grievance submitted. All washrooms and taps in Ross Masood Hall, Room 208 have zero running water for past 12 hours. Over 100 resident students affected. Has happened previously as well.","Ross Masood Hall, Room 208",Hostel Water Supply,high
Elevator stuck between floors with students inside,"Student grievance submitted. Lift in Jawaharlal Nehru Medical College, Room 305 suddenly stopped between 2nd and 3rd floor. 4 students trapped inside with alarm ringing. Has happened previously as well.","Jawaharlal Nehru Medical College, Room 305",Estate Civil Works,urgent
All projectors and audio systems failing in seminar hall,"Urgent attention needed. Audio amplifier and main display projector in Central Library, Room Wing B failed right before scheduled university guest lecture. Please send maintenance technician as soon as possible.","Central Library, Room Wing B",Arts Audio-Visual Equipment,high
All projectors and audio systems failing in seminar hall,"Urgent attention needed. Audio amplifier and main display projector in Faculty of Management Studies, Room 104 failed right before scheduled university guest lecture. Please send maintenance technician as soon as possible.","Faculty of Management Studies, Room 104",Arts Audio-Visual Equipment,high
Window glass pane cracked and rattling in wind,"One of the glass window panes in Faculty of Arts, Room 312 is cracked across the middle and needs glazing replacement.","Faculty of Arts, Room 312",Estate Carpentry,normal
Chemical spill in chemistry laboratory,"Affecting regular classes. Concentrated acid bottle broke on lab floor in Faculty of Arts, Room 104, releasing pungent toxic fumes. Area needs hazmat clearing. Kindly inspect and rectify.","Faculty of Arts, Room 104",Science Chemical Safety,urgent
No water supply in entire hostel wing since morning,"Affecting regular classes. All washrooms and taps in Indira Gandhi Hall, Room 312 have zero running water for past 12 hours. Over 100 resident students affected. Kindly inspect and rectify.","Indira Gandhi Hall, Room 312",Hostel Water Supply,high
Central air conditioning failure in critical computer lab,"Affecting regular classes. All 40 desktop computers shutting down due to thermal throttling after AC units stopped in Zakir Husain College of Engg & Tech, Room 104. Kindly inspect and rectify.","Zakir Husain College of Engg & Tech, Room 104",Commerce Computer Lab Equipment,high
Heavy water leakage soaking library reference book section,"Affecting regular classes. Rainwater leaking through roof directly above rare journals and reference racks in Begum Sultan Jahan Hall, Room 401. Kindly inspect and rectify.","Begum Sultan Jahan Hall, Room 401",Central Library Reading Room Maintenance,high
Sewage line overflow flooding hostel entrance corridor,"Drainage backflow is spilling foul-smelling sewage across the main walking pathway of Sir Ziauddin Hall, Room 305.","Sir Ziauddin Hall, Room 305",Hostel Sanitation,high
Washroom tap dripping continuously,"Student grievance submitted. The basin tap in Faculty of Science, Room 208 cannot be shut tight and drips water constantly, wasting clean water. Has happened previously as well.","Faculty of Science, Room 208",Estate Plumbing,normal
No water supply in entire hostel wing since morning,"Affecting regular classes. All washrooms and taps in Nadeem Tarin Hall, Room 101 have zero running water for past 12 hours. Over 100 resident students affected. Kindly inspect and rectify.","Nadeem Tarin Hall, Room 101",Hostel Water Supply,high
Classroom whiteboard frame loose on wall,"Affecting regular classes. The wall mounting brackets on the left side of the marker board in Faculty of Science, Room 305 have come unscrewed. Kindly inspect and rectify.","Faculty of Science, Room 305",Arts Classroom Furniture,normal
Ceiling plaster slab collapsed in classroom,"Affecting regular classes. A large heavy chunk of concrete plaster fell from the ceiling onto desks in Central Library, Room 312. Luckily no student was under it. Kindly inspect and rectify.","Central Library, Room 312",Estate Civil Works,urgent
LAN port connector loose in computer desk,"Reported by resident students. Ethernet RJ45 wall jack at desk 14 in Faculty of Agricultural Sciences, Room 101 has a broken clip and disconnects whenever the wire moves. Ongoing for several hours.","Faculty of Agricultural Sciences, Room 101",IT Network & Connectivity,normal
Door lock latch jammed from inside,"Affecting regular classes. The mortise door lock of Faculty of Arts, Room 104 is sticking and difficult to turn with the key. Needs oiling or realignment. Kindly inspect and rectify.","Faculty of Arts, Room 104",Estate Carpentry,normal
All projectors and audio systems failing in seminar hall,"Student grievance submitted. Audio amplifier and main display projector in Faculty of Science, Room Lab 2 failed right before scheduled university guest lecture. Has happened previously as well.","Faculty of Science, Room Lab 2",Arts Audio-Visual Equipment,high
Washroom tap dripping continuously,"The basin tap in Faculty of Management Studies, Room 208 cannot be shut tight and drips water constantly, wasting clean water.","Faculty of Management Studies, Room 208",Estate Plumbing,normal
Window glass pane cracked and rattling in wind,"One of the glass window panes in Faculty of Social Sciences, Room Lab 2 is cracked across the middle and needs glazing replacement.","Faculty of Social Sciences, Room Lab 2",Estate Carpentry,normal
Window glass pane cracked and rattling in wind,"Affecting regular classes. One of the glass window panes in Faculty of Science, Room Seminar Hall is cracked across the middle and needs glazing replacement. Kindly inspect and rectify.","Faculty of Science, Room Seminar Hall",Estate Carpentry,normal
Main water pipeline burst flooding corridor,"Student grievance submitted. Main high pressure water pipe burst in Bibi Fatima Hall, Room 208, water rushing into ground floor rooms and near power sockets. Has happened previously as well.","Bibi Fatima Hall, Room 208",Hostel Water Supply,urgent
Tubelight fused in study room,"Student grievance submitted. The tube light fixture in Faculty of Science, Room 305 has stopped turning on. Choke or starter might need replacement. Has happened previously as well.","Faculty of Science, Room 305",Estate Electrical Maintenance,normal
Request for pest control spray in garden flowerbeds,"Reported by resident students. Routine seasonal insect repellent spray requested for hedges surrounding Faculty of Life Sciences, Room 101. Ongoing for several hours.","Faculty of Life Sciences, Room 101",Agricultural Infrastructure,low
Classroom whiteboard frame loose on wall,"Affecting regular classes. The wall mounting brackets on the left side of the marker board in Faculty of Life Sciences, Room 312 have come unscrewed. Kindly inspect and rectify.","Faculty of Life Sciences, Room 312",Arts Classroom Furniture,normal
Window glass pane cracked and rattling in wind,"Student grievance submitted. One of the glass window panes in Faculty of Life Sciences, Room 101 is cracked across the middle and needs glazing replacement. Has happened previously as well.","Faculty of Life Sciences, Room 101",Estate Carpentry,normal
Short circuit sparked inside hostel room,"Affecting regular classes. Sparking occurred in ceiling fan wiring in Sir Syed Hall (South), Room 202, circuit breaker tripped and smoke filled the room. Kindly inspect and rectify.","Sir Syed Hall (South), Room 202",Hostel Room Maintenance,urgent
Wall paint peeling off in corridor corner,"Some paint plaster is flaking off near the stairwell notice board of Faculty of Social Sciences, Room Seminar Hall. Needs a patch coat.","Faculty of Social Sciences, Room Seminar Hall",Estate Civil Works,low
Classroom whiteboard frame loose on wall,"Urgent attention needed. The wall mounting brackets on the left side of the marker board in Faculty of Arts, Room 202 have come unscrewed. Please send maintenance technician as soon as possible.","Faculty of Arts, Room 202",Arts Classroom Furniture,normal
Washroom tap dripping continuously,"Reported by resident students. The basin tap in Jawaharlal Nehru Medical College, Room Lab 2 cannot be shut tight and drips water constantly, wasting clean water. Ongoing for several hours.","Jawaharlal Nehru Medical College, Room Lab 2",Estate Plumbing,normal
"Electric shock from water cooler in Faculty of Science, Room 202",Urgent attention needed. Students getting mild electric shock whenever touching the water cooler body. Please disconnect power immediately. Please send maintenance technician as soon as possible.,"Faculty of Science, Room 202",Estate Electrical Maintenance,urgent
Request for additional waste bin near lawn bench,"Urgent attention needed. Students sitting near the garden area outside Viqarul Mulk Hall, Room 101 request an extra trash bin to keep grounds clean. Please send maintenance technician as soon as possible.","Viqarul Mulk Hall, Room 101",Hostel Sanitation,low
No water supply in entire hostel wing since morning,"Student grievance submitted. All washrooms and taps in Sarojini Naidu Hall, Room 202 have zero running water for past 12 hours. Over 100 resident students affected. Has happened previously as well.","Sarojini Naidu Hall, Room 202",Hostel Water Supply,high
No water supply in entire hostel wing since morning,"Affecting regular classes. All washrooms and taps in Hadi Hasan Hall, Room Lab 2 have zero running water for past 12 hours. Over 100 resident students affected. Kindly inspect and rectify.","Hadi Hasan Hall, Room Lab 2",Hostel Water Supply,high
Complete power outage in academic block during lectures,"Affecting regular classes. Power has gone out completely in entire Faculty of Life Sciences, Room Seminar Hall building. Inverters are not backing up the lighting. Kindly inspect and rectify.","Faculty of Life Sciences, Room Seminar Hall",Estate Electrical Maintenance,high
LAN port connector loose in computer desk,"Reported by resident students. Ethernet RJ45 wall jack at desk 14 in Faculty of Arts, Room 202 has a broken clip and disconnects whenever the wire moves. Ongoing for several hours.","Faculty of Arts, Room 202",IT Network & Connectivity,normal
Window glass pane cracked and rattling in wind,"Reported by resident students. One of the glass window panes in Jawaharlal Nehru Medical College, Room 401 is cracked across the middle and needs glazing replacement. Ongoing for several hours.","Jawaharlal Nehru Medical College, Room 401",Estate Carpentry,normal
"Key server gateway unreachable, semester results page down","Reported by resident students. Core department web server in Faculty of Social Sciences, Room 208 is unresponsive (HTTP 502). Students cannot download admit cards. Ongoing for several hours.","Faculty of Social Sciences, Room 208",IT Software & Portals,high
Floor tiles have minor scuff marks near doorway,"Urgent attention needed. Scuff marks from moved equipment near the lab entrance at Faculty of Social Sciences, Room Wing B. Needs routine buffing. Please send maintenance technician as soon as possible.","Faculty of Social Sciences, Room Wing B",Estate Civil Works,low
Campus Wi-Fi and portal completely inaccessible before exam deadline,"Wi-Fi access points across Faculty of Arts, Room 305 are dropping all connections. Students unable to access student portal.","Faculty of Arts, Room 305",IT Network & Connectivity,high
Request for additional waste bin near lawn bench,"Students sitting near the garden area outside Sir Ziauddin Hall, Room 312 request an extra trash bin to keep grounds clean.","Sir Ziauddin Hall, Room 312",Hostel Sanitation,low
All projectors and audio systems failing in seminar hall,"Student grievance submitted. Audio amplifier and main display projector in Jawaharlal Nehru Medical College, Room 401 failed right before scheduled university guest lecture. Has happened previously as well.","Jawaharlal Nehru Medical College, Room 401",Arts Audio-Visual Equipment,high
Main gate barrier collapsed blocking emergency ambulance access,"Student grievance submitted. Heavy security gate broke and fell across the road at Faculty of Management Studies, Room 104, blocking vehicular entrance completely. Has happened previously as well.","Faculty of Management Studies, Room 104",Campus Security,urgent
Classroom whiteboard frame loose on wall,"The wall mounting brackets on the left side of the marker board in Faculty of Science, Room Wing B have come unscrewed.","Faculty of Science, Room Wing B",Arts Classroom Furniture,normal
No water supply in entire hostel wing since morning,"Student grievance submitted. All washrooms and taps in Dr. B.R. Ambedkar Hall, Room Seminar Hall have zero running water for past 12 hours. Over 100 resident students affected. Has happened previously as well.","Dr. B.R. Ambedkar Hall, Room Seminar Hall",Hostel Water Supply,high
Wall paint peeling off in corridor corner,"Student grievance submitted. Some paint plaster is flaking off near the stairwell notice board of Central Library, Room 305. Needs a patch coat. Has happened previously as well.","Central Library, Room 305",Estate Civil Works,low
Severe flooding entering basement electrical room,"Student grievance submitted. Heavy rainwater gushing into electrical transformer room in basement of Faculty of Life Sciences, Room Seminar Hall. Has happened previously as well.","Faculty of Life Sciences, Room Seminar Hall",Estate Civil Works,urgent
"Key server gateway unreachable, semester results page down","Core department web server in Central Library, Room 202 is unresponsive (HTTP 502). Students cannot download admit cards.","Central Library, Room 202",IT Software & Portals,high
Door stopper rubber missing on main entrance,"Student grievance submitted. The floor door stopper rubber pad in Faculty of Agricultural Sciences, Room 202 has worn away, causing the door to knock against wall. Has happened previously as well.","Faculty of Agricultural Sciences, Room 202",Estate Carpentry,low
Ceiling plaster slab collapsed in classroom,"Urgent attention needed. A large heavy chunk of concrete plaster fell from the ceiling onto desks in Faculty of Commerce, Room 104. Luckily no student was under it. Please send maintenance technician as soon as possible.","Faculty of Commerce, Room 104",Estate Civil Works,urgent
Curtain bracket slightly bent in seminar room,"Affecting regular classes. One of the curtain rod brackets near the front window in Faculty of Social Sciences, Room Seminar Hall is slightly tilted. Kindly inspect and rectify.","Faculty of Social Sciences, Room Seminar Hall",Arts Classroom Furniture,low
Campus Wi-Fi and portal completely inaccessible before exam deadline,"Reported by resident students. Wi-Fi access points across Faculty of Science, Room 305 are dropping all connections. Students unable to access student portal. Ongoing for several hours.","Faculty of Science, Room 305",IT Network & Connectivity,high
Heavy water leakage soaking library reference book section,"Reported by resident students. Rainwater leaking through roof directly above rare journals and reference racks in NRSC, Room 401. Ongoing for several hours.","NRSC, Room 401",Central Library Reading Room Maintenance,high
LAN port connector loose in computer desk,"Student grievance submitted. Ethernet RJ45 wall jack at desk 14 in Faculty of Management Studies, Room Seminar Hall has a broken clip and disconnects whenever the wire moves. Has happened previously as well.","Faculty of Management Studies, Room Seminar Hall",IT Network & Connectivity,normal
Request for pest control spray in garden flowerbeds,"Urgent attention needed. Routine seasonal insect repellent spray requested for hedges surrounding Zakir Husain College of Engg & Tech, Room 401. Please send maintenance technician as soon as possible.","Zakir Husain College of Engg & Tech, Room 401",Agricultural Infrastructure,low
Ceiling plaster slab collapsed in classroom,"Urgent attention needed. A large heavy chunk of concrete plaster fell from the ceiling onto desks in Faculty of Commerce, Room 208. Luckily no student was under it. Please send maintenance technician as soon as possible.","Faculty of Commerce, Room 208",Estate Civil Works,urgent
Main water pipeline burst flooding corridor,"Student grievance submitted. Main high pressure water pipe burst in Bibi Fatima Hall, Room 101, water rushing into ground floor rooms and near power sockets. Has happened previously as well.","Bibi Fatima Hall, Room 101",Hostel Water Supply,urgent
Keypad letters worn off on library public search terminal,"Student grievance submitted. The keyboard letters E, T, and N are faded on the catalog computer in Faculty of Agricultural Sciences, Room 101. Has happened previously as well.","Faculty of Agricultural Sciences, Room 101",Central Library Services,low
Severe sparking from main distribution board,"Urgent attention needed. Electric sparks and burning smell coming from the main switchboard near Central Library, Room Wing B. High risk of fire. Please send maintenance technician as soon as possible.","Central Library, Room Wing B",Estate Electrical Maintenance,urgent
"Hostel mess water purifier broken, no drinking water","Commercial RO water filter at Hadi Hasan Hall, Room 101 has stopped dispensing clean drinking water. Students forced to buy bottles.","Hadi Hasan Hall, Room 101",Hostel Water Supply,high
All projectors and audio systems failing in seminar hall,"Student grievance submitted. Audio amplifier and main display projector in Faculty of Commerce, Room Seminar Hall failed right before scheduled university guest lecture. Has happened previously as well.","Faculty of Commerce, Room Seminar Hall",Arts Audio-Visual Equipment,high
Wall paint peeling off in corridor corner,"Affecting regular classes. Some paint plaster is flaking off near the stairwell notice board of Faculty of Agricultural Sciences, Room Seminar Hall. Needs a patch coat. Kindly inspect and rectify.","Faculty of Agricultural Sciences, Room Seminar Hall",Estate Civil Works,low
"Key server gateway unreachable, semester results page down","Student grievance submitted. Core department web server in Faculty of Arts, Room 312 is unresponsive (HTTP 502). Students cannot download admit cards. Has happened previously as well.","Faculty of Arts, Room 312",IT Software & Portals,high
All projectors and audio systems failing in seminar hall,"Audio amplifier and main display projector in Faculty of Law, Room 202 failed right before scheduled university guest lecture.","Faculty of Law, Room 202",Arts Audio-Visual Equipment,high
Severe sparking from main distribution board,"Student grievance submitted. Electric sparks and burning smell coming from the main switchboard near Faculty of Agricultural Sciences, Room 101. High risk of fire. Has happened previously as well.","Faculty of Agricultural Sciences, Room 101",Estate Electrical Maintenance,urgent
Request for pest control spray in garden flowerbeds,"Affecting regular classes. Routine seasonal insect repellent spray requested for hedges surrounding Central Library, Room 312. Kindly inspect and rectify.","Central Library, Room 312",Agricultural Infrastructure,low
Ceiling fan making loud rattling noise in room,"Affecting regular classes. The ceiling fan in Viqarul Mulk Hall, Room 208 vibrates excessively and produces squeaking sound when set above speed 2. Kindly inspect and rectify.","Viqarul Mulk Hall, Room 208",Hostel Room Maintenance,normal
Main water pipeline burst flooding corridor,"Affecting regular classes. Main high pressure water pipe burst in Hadi Hasan Hall, Room 101, water rushing into ground floor rooms and near power sockets. Kindly inspect and rectify.","Hadi Hasan Hall, Room 101",Hostel Water Supply,urgent
Heavy water leakage soaking library reference book section,"Affecting regular classes. Rainwater leaking through roof directly above rare journals and reference racks in Allama Iqbal Boarding House, Room 312. Kindly inspect and rectify.","Allama Iqbal Boarding House, Room 312",Central Library Reading Room Maintenance,high
Smoke coming from server rack in computer lab,"Affecting regular classes. Dense white smoke and burning plastic odor coming from server room at Faculty of Management Studies, Room 202. Immediate fire hazard. Kindly inspect and rectify.","Faculty of Management Studies, Room 202",Engineering Computer Systems,urgent
Floor tiles have minor scuff marks near doorway,"Student grievance submitted. Scuff marks from moved equipment near the lab entrance at Faculty of Life Sciences, Room 312. Needs routine buffing. Has happened previously as well.","Faculty of Life Sciences, Room 312",Estate Civil Works,low
Curtain bracket slightly bent in seminar room,"Reported by resident students. One of the curtain rod brackets near the front window in Faculty of Agricultural Sciences, Room 101 is slightly tilted. Ongoing for several hours.","Faculty of Agricultural Sciences, Room 101",Arts Classroom Furniture,low
Heavy water leakage soaking library reference book section,"Urgent attention needed. Rainwater leaking through roof directly above rare journals and reference racks in Abdullah Hall, Room 305. Please send maintenance technician as soon as possible.","Abdullah Hall, Room 305",Central Library Reading Room Maintenance,high
Notice board velvet cloth faded and torn,"The pinning board outside room Zakir Husain College of Engg & Tech, Room 305 has worn-out fabric with old pin marks.","Zakir Husain College of Engg & Tech, Room 305",Arts Departmental Office,low
Main gate barrier collapsed blocking emergency ambulance access,"Reported by resident students. Heavy security gate broke and fell across the road at Faculty of Management Studies, Room 401, blocking vehicular entrance completely. Ongoing for several hours.","Faculty of Management Studies, Room 401",Campus Security,urgent
Notice board velvet cloth faded and torn,"Reported by resident students. The pinning board outside room Central Library, Room 312 has worn-out fabric with old pin marks. Ongoing for several hours.","Central Library, Room 312",Arts Departmental Office,low
Sewage line overflow flooding hostel entrance corridor,"Reported by resident students. Drainage backflow is spilling foul-smelling sewage across the main walking pathway of Sir Ziauddin Hall, Room Wing B. Ongoing for several hours.","Sir Ziauddin Hall, Room Wing B",Hostel Sanitation,high
Severe flooding entering basement electrical room,"Heavy rainwater gushing into electrical transformer room in basement of Faculty of Science, Room 401.","Faculty of Science, Room 401",Estate Civil Works,urgent
Door lock latch jammed from inside,"Student grievance submitted. The mortise door lock of Faculty of Life Sciences, Room Seminar Hall is sticking and difficult to turn with the key. Needs oiling or realignment. Has happened previously as well.","Faculty of Life Sciences, Room Seminar Hall",Estate Carpentry,normal
Severe sparking from main distribution board,"Student grievance submitted. Electric sparks and burning smell coming from the main switchboard near Faculty of Science, Room Seminar Hall. High risk of fire. Has happened previously as well.","Faculty of Science, Room Seminar Hall",Estate Electrical Maintenance,urgent
Heavy water leakage soaking library reference book section,"Rainwater leaking through roof directly above rare journals and reference racks in Aftab Hall, Room 305.","Aftab Hall, Room 305",Central Library Reading Room Maintenance,high
LAN port connector loose in computer desk,"Reported by resident students. Ethernet RJ45 wall jack at desk 14 in Zakir Husain College of Engg & Tech, Room 202 has a broken clip and disconnects whenever the wire moves. Ongoing for several hours.","Zakir Husain College of Engg & Tech, Room 202",IT Network & Connectivity,normal
Door stopper rubber missing on main entrance,"Reported by resident students. The floor door stopper rubber pad in Faculty of Agricultural Sciences, Room 208 has worn away, causing the door to knock against wall. Ongoing for several hours.","Faculty of Agricultural Sciences, Room 208",Estate Carpentry,low
Drainage slow in laboratory sink basin,"Water drains very slowly in wash basin 3 of Faculty of Social Sciences, Room Lab 2. Probably choked with residue.","Faculty of Social Sciences, Room Lab 2",Science Laboratory Equipment,normal
LPG gas cylinder leaking in dining kitchen,"Strong smell of cooking gas leaking near commercial burners in Bibi Fatima Hall, Room 312 mess kitchen. Risk of explosion.","Bibi Fatima Hall, Room 312",Hostel Sanitation,urgent
LAN port connector loose in computer desk,"Affecting regular classes. Ethernet RJ45 wall jack at desk 14 in Central Library, Room Seminar Hall has a broken clip and disconnects whenever the wire moves. Kindly inspect and rectify.","Central Library, Room Seminar Hall",IT Network & Connectivity,normal
Window glass pane cracked and rattling in wind,"Affecting regular classes. One of the glass window panes in Faculty of Social Sciences, Room 104 is cracked across the middle and needs glazing replacement. Kindly inspect and rectify.","Faculty of Social Sciences, Room 104",Estate Carpentry,normal
No water supply in entire hostel wing since morning,"All washrooms and taps in Hadi Hasan Hall, Room 208 have zero running water for past 12 hours. Over 100 resident students affected.","Hadi Hasan Hall, Room 208",Hostel Water Supply,high
Classroom whiteboard frame loose on wall,"The wall mounting brackets on the left side of the marker board in Central Library, Room 101 have come unscrewed.","Central Library, Room 101",Arts Classroom Furniture,normal
Door stopper rubber missing on main entrance,"Affecting regular classes. The floor door stopper rubber pad in Faculty of Management Studies, Room Seminar Hall has worn away, causing the door to knock against wall. Kindly inspect and rectify.","Faculty of Management Studies, Room Seminar Hall",Estate Carpentry,low
Washroom tap dripping continuously,"Urgent attention needed. The basin tap in Faculty of Agricultural Sciences, Room Wing B cannot be shut tight and drips water constantly, wasting clean water. Please send maintenance technician as soon as possible.","Faculty of Agricultural Sciences, Room Wing B",Estate Plumbing,normal
Notice board velvet cloth faded and torn,"Student grievance submitted. The pinning board outside room Faculty of Agricultural Sciences, Room 312 has worn-out fabric with old pin marks. Has happened previously as well.","Faculty of Agricultural Sciences, Room 312",Arts Departmental Office,low
No water supply in entire hostel wing since morning,"Urgent attention needed. All washrooms and taps in Indira Gandhi Hall, Room 202 have zero running water for past 12 hours. Over 100 resident students affected. Please send maintenance technician as soon as possible.","Indira Gandhi Hall, Room 202",Hostel Water Supply,high
LPG gas cylinder leaking in dining kitchen,"Urgent attention needed. Strong smell of cooking gas leaking near commercial burners in Mohsinul Mulk Hall, Room Seminar Hall mess kitchen. Risk of explosion. Please send maintenance technician as soon as possible.","Mohsinul Mulk Hall, Room Seminar Hall",Hostel Sanitation,urgent
Drainage slow in laboratory sink basin,"Student grievance submitted. Water drains very slowly in wash basin 3 of Zakir Husain College of Engg & Tech, Room 202. Probably choked with residue. Has happened previously as well.","Zakir Husain College of Engg & Tech, Room 202",Science Laboratory Equipment,normal
All projectors and audio systems failing in seminar hall,"Audio amplifier and main display projector in Jawaharlal Nehru Medical College, Room 401 failed right before scheduled university guest lecture.","Jawaharlal Nehru Medical College, Room 401",Arts Audio-Visual Equipment,high
Heavy water leakage soaking library reference book section,"Student grievance submitted. Rainwater leaking through roof directly above rare journals and reference racks in Sir Syed Hall (South), Room 312. Has happened previously as well.","Sir Syed Hall (South), Room 312",Central Library Reading Room Maintenance,high
Printer paper jam roller error in department office,"Reported by resident students. Office multi-function laser printer in Faculty of Law, Room 202 jams paper on every double-sided print job. Ongoing for several hours.","Faculty of Law, Room 202",Commerce Office Equipment,normal
Wall paint peeling off in corridor corner,"Reported by resident students. Some paint plaster is flaking off near the stairwell notice board of Faculty of Commerce, Room 312. Needs a patch coat. Ongoing for several hours.","Faculty of Commerce, Room 312",Estate Civil Works,low
Sewage line overflow flooding hostel entrance corridor,"Student grievance submitted. Drainage backflow is spilling foul-smelling sewage across the main walking pathway of Viqarul Mulk Hall, Room 312. Has happened previously as well.","Viqarul Mulk Hall, Room 312",Hostel Sanitation,high
Notice board velvet cloth faded and torn,"Affecting regular classes. The pinning board outside room Faculty of Science, Room 401 has worn-out fabric with old pin marks. Kindly inspect and rectify.","Faculty of Science, Room 401",Arts Departmental Office,low
Minor squeaking in library wooden chair,"Urgent attention needed. Two wooden reading chairs at table 4 in Central Library, Room 202 squeak when sitting down. Please send maintenance technician as soon as possible.","Central Library, Room 202",Central Library Services,low
"Key server gateway unreachable, semester results page down","Student grievance submitted. Core department web server in Faculty of Commerce, Room 104 is unresponsive (HTTP 502). Students cannot download admit cards. Has happened previously as well.","Faculty of Commerce, Room 104",IT Software & Portals,high
Main gate barrier collapsed blocking emergency ambulance access,"Urgent attention needed. Heavy security gate broke and fell across the road at Faculty of Commerce, Room 104, blocking vehicular entrance completely. Please send maintenance technician as soon as possible.","Faculty of Commerce, Room 104",Campus Security,urgent
Drainage slow in laboratory sink basin,"Student grievance submitted. Water drains very slowly in wash basin 3 of Faculty of Life Sciences, Room 312. Probably choked with residue. Has happened previously as well.","Faculty of Life Sciences, Room 312",Science Laboratory Equipment,normal
Door stopper rubber missing on main entrance,"The floor door stopper rubber pad in Faculty of Social Sciences, Room 104 has worn away, causing the door to knock against wall.","Faculty of Social Sciences, Room 104",Estate Carpentry,low
Severe sparking from main distribution board,"Affecting regular classes. Electric sparks and burning smell coming from the main switchboard near Faculty of Commerce, Room 208. High risk of fire. Kindly inspect and rectify.","Faculty of Commerce, Room 208",Estate Electrical Maintenance,urgent
Window blind pull cord slightly frayed,"Affecting regular classes. The nylon pull cord for the roller blind in Viqarul Mulk Hall, Room 312 has frayed threads near the bottom tassel. Kindly inspect and rectify.","Viqarul Mulk Hall, Room 312",Hostel Room Maintenance,low
"Hostel mess water purifier broken, no drinking water","Urgent attention needed. Commercial RO water filter at Begum Sultan Jahan Hall, Room 312 has stopped dispensing clean drinking water. Students forced to buy bottles. Please send maintenance technician as soon as possible.","Begum Sultan Jahan Hall, Room 312",Hostel Water Supply,high
"Hostel mess water purifier broken, no drinking water","Affecting regular classes. Commercial RO water filter at Bibi Fatima Hall, Room Seminar Hall has stopped dispensing clean drinking water. Students forced to buy bottles. Kindly inspect and rectify.","Bibi Fatima Hall, Room Seminar Hall",Hostel Water Supply,high
Door stopper rubber missing on main entrance,"Urgent attention needed. The floor door stopper rubber pad in Faculty of Commerce, Room 401 has worn away, causing the door to knock against wall. Please send maintenance technician as soon as possible.","Faculty of Commerce, Room 401",Estate Carpentry,low
Minor squeaking in library wooden chair,"Reported by resident students. Two wooden reading chairs at table 4 in Faculty of Commerce, Room 401 squeak when sitting down. Ongoing for several hours.","Faculty of Commerce, Room 401",Central Library Services,low
LAN port connector loose in computer desk,"Urgent attention needed. Ethernet RJ45 wall jack at desk 14 in Faculty of Arts, Room Wing B has a broken clip and disconnects whenever the wire moves. Please send maintenance technician as soon as possible.","Faculty of Arts, Room Wing B",IT Network & Connectivity,normal
Smoke coming from server rack in computer lab,"Affecting regular classes. Dense white smoke and burning plastic odor coming from server room at Faculty of Science, Room Seminar Hall. Immediate fire hazard. Kindly inspect and rectify.","Faculty of Science, Room Seminar Hall",Engineering Computer Systems,urgent
LAN port connector loose in computer desk,"Student grievance submitted. Ethernet RJ45 wall jack at desk 14 in Faculty of Life Sciences, Room Wing B has a broken clip and disconnects whenever the wire moves. Has happened previously as well.","Faculty of Life Sciences, Room Wing B",IT Network & Connectivity,normal
Ceiling fan making loud rattling noise in room,"Reported by resident students. The ceiling fan in Mohammad Habib Hall, Room 101 vibrates excessively and produces squeaking sound when set above speed 2. Ongoing for several hours.","Mohammad Habib Hall, Room 101",Hostel Room Maintenance,normal
Window blind pull cord slightly frayed,"Urgent attention needed. The nylon pull cord for the roller blind in Bibi Fatima Hall, Room Wing B has frayed threads near the bottom tassel. Please send maintenance technician as soon as possible.","Bibi Fatima Hall, Room Wing B",Hostel Room Maintenance,low
Tubelight fused in study room,"Affecting regular classes. The tube light fixture in Faculty of Arts, Room 208 has stopped turning on. Choke or starter might need replacement. Kindly inspect and rectify.","Faculty of Arts, Room 208",Estate Electrical Maintenance,normal
Request for additional waste bin near lawn bench,"Urgent attention needed. Students sitting near the garden area outside NRSC, Room Lab 2 request an extra trash bin to keep grounds clean. Please send maintenance technician as soon as possible.","NRSC, Room Lab 2",Hostel Sanitation,low
Sewage line overflow flooding hostel entrance corridor,"Affecting regular classes. Drainage backflow is spilling foul-smelling sewage across the main walking pathway of Nadeem Tarin Hall, Room 208. Kindly inspect and rectify.","Nadeem Tarin Hall, Room 208",Hostel Sanitation,high
Ceiling plaster slab collapsed in classroom,"Student grievance submitted. A large heavy chunk of concrete plaster fell from the ceiling onto desks in Faculty of Life Sciences, Room 312. Luckily no student was under it. Has happened previously as well.","Faculty of Life Sciences, Room 312",Estate Civil Works,urgent
Main gate barrier collapsed blocking emergency ambulance access,"Heavy security gate broke and fell across the road at Faculty of Law, Room Seminar Hall, blocking vehicular entrance completely.","Faculty of Law, Room Seminar Hall",Campus Security,urgent
Printer paper jam roller error in department office,"Urgent attention needed. Office multi-function laser printer in Jawaharlal Nehru Medical College, Room Seminar Hall jams paper on every double-sided print job. Please send maintenance technician as soon as possible.","Jawaharlal Nehru Medical College, Room Seminar Hall",Commerce Office Equipment,normal
Heavy water leakage soaking library reference book section,"Student grievance submitted. Rainwater leaking through roof directly above rare journals and reference racks in Indira Gandhi Hall, Room 305. Has happened previously as well.","Indira Gandhi Hall, Room 305",Central Library Reading Room Maintenance,high
"Key server gateway unreachable, semester results page down","Urgent attention needed. Core department web server in Faculty of Agricultural Sciences, Room 208 is unresponsive (HTTP 502). Students cannot download admit cards. Please send maintenance technician as soon as possible.","Faculty of Agricultural Sciences, Room 208",IT Software & Portals,high
Drainage slow in laboratory sink basin,"Reported by resident students. Water drains very slowly in wash basin 3 of Faculty of Arts, Room Lab 2. Probably choked with residue. Ongoing for several hours.","Faculty of Arts, Room Lab 2",Science Laboratory Equipment,normal
"Key server gateway unreachable, semester results page down","Affecting regular classes. Core department web server in Faculty of Agricultural Sciences, Room 202 is unresponsive (HTTP 502). Students cannot download admit cards. Kindly inspect and rectify.","Faculty of Agricultural Sciences, Room 202",IT Software & Portals,high
Request for pest control spray in garden flowerbeds,"Affecting regular classes. Routine seasonal insect repellent spray requested for hedges surrounding Faculty of Commerce, Room 312. Kindly inspect and rectify.","Faculty of Commerce, Room 312",Agricultural Infrastructure,low
Complete power outage in academic block during lectures,"Affecting regular classes. Power has gone out completely in entire Zakir Husain College of Engg & Tech, Room 305 building. Inverters are not backing up the lighting. Kindly inspect and rectify.","Zakir Husain College of Engg & Tech, Room 305",Estate Electrical Maintenance,high
All projectors and audio systems failing in seminar hall,"Affecting regular classes. Audio amplifier and main display projector in Faculty of Law, Room 202 failed right before scheduled university guest lecture. Kindly inspect and rectify.","Faculty of Law, Room 202",Arts Audio-Visual Equipment,high
Tubelight fused in study room,"Reported by resident students. The tube light fixture in Faculty of Law, Room 305 has stopped turning on. Choke or starter might need replacement. Ongoing for several hours.","Faculty of Law, Room 305",Estate Electrical Maintenance,normal
Main water storage tank overflowing continuously onto roof,"Reported by resident students. Overhead tank motor is not auto-shutting off, thousands of liters of clean water spilling from Faculty of Arts, Room Lab 2. Ongoing for several hours.","Faculty of Arts, Room Lab 2",Estate Plumbing,high
Water cooler temperature sensor not chilling,"Affecting regular classes. The drinking water cooler in Sir Syed Hall (North), Room 202 is dispensing room-temperature water even though power is on. Kindly inspect and rectify.","Sir Syed Hall (North), Room 202",Hostel Water Supply,normal
LAN port connector loose in computer desk,"Student grievance submitted. Ethernet RJ45 wall jack at desk 14 in Faculty of Life Sciences, Room 312 has a broken clip and disconnects whenever the wire moves. Has happened previously as well.","Faculty of Life Sciences, Room 312",IT Network & Connectivity,normal
Main water storage tank overflowing continuously onto roof,"Reported by resident students. Overhead tank motor is not auto-shutting off, thousands of liters of clean water spilling from Faculty of Law, Room 202. Ongoing for several hours.","Faculty of Law, Room 202",Estate Plumbing,high
Heavy water leakage soaking library reference book section,"Urgent attention needed. Rainwater leaking through roof directly above rare journals and reference racks in Aftab Hall, Room 208. Please send maintenance technician as soon as possible.","Aftab Hall, Room 208",Central Library Reading Room Maintenance,high
Notice board velvet cloth faded and torn,"Affecting regular classes. The pinning board outside room Faculty of Life Sciences, Room 312 has worn-out fabric with old pin marks. Kindly inspect and rectify.","Faculty of Life Sciences, Room 312",Arts Departmental Office,low
Smoke coming from server rack in computer lab,"Urgent attention needed. Dense white smoke and burning plastic odor coming from server room at Faculty of Arts, Room 312. Immediate fire hazard. Please send maintenance technician as soon as possible.","Faculty of Arts, Room 312",Engineering Computer Systems,urgent
Washroom tap dripping continuously,"The basin tap in Faculty of Law, Room 101 cannot be shut tight and drips water constantly, wasting clean water.","Faculty of Law, Room 101",Estate Plumbing,normal
Ceiling plaster slab collapsed in classroom,"Student grievance submitted. A large heavy chunk of concrete plaster fell from the ceiling onto desks in Jawaharlal Nehru Medical College, Room 305. Luckily no student was under it. Has happened previously as well.","Jawaharlal Nehru Medical College, Room 305",Estate Civil Works,urgent
Smoke coming from server rack in computer lab,"Reported by resident students. Dense white smoke and burning plastic odor coming from server room at Faculty of Life Sciences, Room 208. Immediate fire hazard. Ongoing for several hours.","Faculty of Life Sciences, Room 208",Engineering Computer Systems,urgent
Elevator stuck between floors with students inside,"Lift in Faculty of Law, Room 104 suddenly stopped between 2nd and 3rd floor. 4 students trapped inside with alarm ringing.","Faculty of Law, Room 104",Estate Civil Works,urgent
Main water pipeline burst flooding corridor,"Urgent attention needed. Main high pressure water pipe burst in NRSC, Room Wing B, water rushing into ground floor rooms and near power sockets. Please send maintenance technician as soon as possible.","NRSC, Room Wing B",Hostel Water Supply,urgent
Main gate barrier collapsed blocking emergency ambulance access,"Reported by resident students. Heavy security gate broke and fell across the road at Faculty of Commerce, Room 208, blocking vehicular entrance completely. Ongoing for several hours.","Faculty of Commerce, Room 208",Campus Security,urgent
Ceiling plaster slab collapsed in classroom,"Student grievance submitted. A large heavy chunk of concrete plaster fell from the ceiling onto desks in Faculty of Management Studies, Room 208. Luckily no student was under it. Has happened previously as well.","Faculty of Management Studies, Room 208",Estate Civil Works,urgent
Water cooler temperature sensor not chilling,"The drinking water cooler in Begum Azeezun Nisa Hall, Room Lab 2 is dispensing room-temperature water even though power is on.","Begum Azeezun Nisa Hall, Room Lab 2",Hostel Water Supply,normal
Smoke coming from server rack in computer lab,"Reported by resident students. Dense white smoke and burning plastic odor coming from server room at Faculty of Law, Room 208. Immediate fire hazard. Ongoing for several hours.","Faculty of Law, Room 208",Engineering Computer Systems,urgent
Window blind pull cord slightly frayed,"Affecting regular classes. The nylon pull cord for the roller blind in Nadeem Tarin Hall, Room Seminar Hall has frayed threads near the bottom tassel. Kindly inspect and rectify.","Nadeem Tarin Hall, Room Seminar Hall",Hostel Room Maintenance,low
Printer paper jam roller error in department office,"Urgent attention needed. Office multi-function laser printer in Faculty of Social Sciences, Room 401 jams paper on every double-sided print job. Please send maintenance technician as soon as possible.","Faculty of Social Sciences, Room 401",Commerce Office Equipment,normal
Keypad letters worn off on library public search terminal,"Student grievance submitted. The keyboard letters E, T, and N are faded on the catalog computer in Faculty of Law, Room 104. Has happened previously as well.","Faculty of Law, Room 104",Central Library Services,low
Window blind pull cord slightly frayed,"Affecting regular classes. The nylon pull cord for the roller blind in Nadeem Tarin Hall, Room 312 has frayed threads near the bottom tassel. Kindly inspect and rectify.","Nadeem Tarin Hall, Room 312",Hostel Room Maintenance,low
Complete power outage in academic block during lectures,"Affecting regular classes. Power has gone out completely in entire Faculty of Life Sciences, Room 202 building. Inverters are not backing up the lighting. Kindly inspect and rectify.","Faculty of Life Sciences, Room 202",Estate Electrical Maintenance,high
Keypad letters worn off on library public search terminal,"Student grievance submitted. The keyboard letters E, T, and N are faded on the catalog computer in Faculty of Science, Room 312. Has happened previously as well.","Faculty of Science, Room 312",Central Library Services,low
Window glass pane cracked and rattling in wind,"Urgent attention needed. One of the glass window panes in Faculty of Law, Room 202 is cracked across the middle and needs glazing replacement. Please send maintenance technician as soon as possible.","Faculty of Law, Room 202",Estate Carpentry,normal
Biohazard waste bin tipped over near patient entrance,"Urgent attention needed. Infectious medical waste container overturned spilling used syringes and dressings near Faculty of Life Sciences, Room 202. Please send maintenance technician as soon as possible.","Faculty of Life Sciences, Room 202",JNMC Hospital Infrastructure,urgent
Smoke coming from server rack in computer lab,"Dense white smoke and burning plastic odor coming from server room at Faculty of Social Sciences, Room 208. Immediate fire hazard.","Faculty of Social Sciences, Room 208",Engineering Computer Systems,urgent
LAN port connector loose in computer desk,"Reported by resident students. Ethernet RJ45 wall jack at desk 14 in Faculty of Law, Room Wing B has a broken clip and disconnects whenever the wire moves. Ongoing for several hours.","Faculty of Law, Room Wing B",IT Network & Connectivity,normal
Main gate barrier collapsed blocking emergency ambulance access,"Heavy security gate broke and fell across the road at Faculty of Arts, Room 305, blocking vehicular entrance completely.","Faculty of Arts, Room 305",Campus Security,urgent
Minor squeaking in library wooden chair,"Reported by resident students. Two wooden reading chairs at table 4 in Faculty of Life Sciences, Room Wing B squeak when sitting down. Ongoing for several hours.","Faculty of Life Sciences, Room Wing B",Central Library Services,low
No water supply in entire hostel wing since morning,"Reported by resident students. All washrooms and taps in Sir Syed Hall (South), Room 202 have zero running water for past 12 hours. Over 100 resident students affected. Ongoing for several hours.","Sir Syed Hall (South), Room 202",Hostel Water Supply,high
Washroom tap dripping continuously,"Reported by resident students. The basin tap in Faculty of Commerce, Room Lab 2 cannot be shut tight and drips water constantly, wasting clean water. Ongoing for several hours.","Faculty of Commerce, Room Lab 2",Estate Plumbing,normal
No water supply in entire hostel wing since morning,"Urgent attention needed. All washrooms and taps in Mohsinul Mulk Hall, Room 401 have zero running water for past 12 hours. Over 100 resident students affected. Please send maintenance technician as soon as possible.","Mohsinul Mulk Hall, Room 401",Hostel Water Supply,high
Central air conditioning failure in critical computer lab,"Affecting regular classes. All 40 desktop computers shutting down due to thermal throttling after AC units stopped in Faculty of Commerce, Room 208. Kindly inspect and rectify.","Faculty of Commerce, Room 208",Commerce Computer Lab Equipment,high
"Hostel mess water purifier broken, no drinking water","Reported by resident students. Commercial RO water filter at NRSC, Room 101 has stopped dispensing clean drinking water. Students forced to buy bottles. Ongoing for several hours.","NRSC, Room 101",Hostel Water Supply,high
Washroom tap dripping continuously,"Affecting regular classes. The basin tap in Faculty of Social Sciences, Room 101 cannot be shut tight and drips water constantly, wasting clean water. Kindly inspect and rectify.","Faculty of Social Sciences, Room 101",Estate Plumbing,normal
Campus Wi-Fi and portal completely inaccessible before exam deadline,"Reported by resident students. Wi-Fi access points across Faculty of Management Studies, Room Lab 2 are dropping all connections. Students unable to access student portal. Ongoing for several hours.","Faculty of Management Studies, Room Lab 2",IT Network & Connectivity,high
Floor tiles have minor scuff marks near doorway,"Urgent attention needed. Scuff marks from moved equipment near the lab entrance at Central Library, Room 401. Needs routine buffing. Please send maintenance technician as soon as possible.","Central Library, Room 401",Estate Civil Works,low
All projectors and audio systems failing in seminar hall,"Student grievance submitted. Audio amplifier and main display projector in Faculty of Life Sciences, Room 101 failed right before scheduled university guest lecture. Has happened previously as well.","Faculty of Life Sciences, Room 101",Arts Audio-Visual Equipment,high
Smoke coming from server rack in computer lab,"Reported by resident students. Dense white smoke and burning plastic odor coming from server room at Faculty of Commerce, Room 202. Immediate fire hazard. Ongoing for several hours.","Faculty of Commerce, Room 202",Engineering Computer Systems,urgent
Minor squeaking in library wooden chair,"Urgent attention needed. Two wooden reading chairs at table 4 in Jawaharlal Nehru Medical College, Room 101 squeak when sitting down. Please send maintenance technician as soon as possible.","Jawaharlal Nehru Medical College, Room 101",Central Library Services,low
Washroom tap dripping continuously,"Urgent attention needed. The basin tap in Faculty of Law, Room 202 cannot be shut tight and drips water constantly, wasting clean water. Please send maintenance technician as soon as possible.","Faculty of Law, Room 202",Estate Plumbing,normal
Chemical spill in chemistry laboratory,"Affecting regular classes. Concentrated acid bottle broke on lab floor in Faculty of Law, Room 208, releasing pungent toxic fumes. Area needs hazmat clearing. Kindly inspect and rectify.","Faculty of Law, Room 208",Science Chemical Safety,urgent
Keypad letters worn off on library public search terminal,"Urgent attention needed. The keyboard letters E, T, and N are faded on the catalog computer in Faculty of Arts, Room Lab 2. Please send maintenance technician as soon as possible.","Faculty of Arts, Room Lab 2",Central Library Services,low
Door lock latch jammed from inside,"Reported by resident students. The mortise door lock of Faculty of Commerce, Room 401 is sticking and difficult to turn with the key. Needs oiling or realignment. Ongoing for several hours.","Faculty of Commerce, Room 401",Estate Carpentry,normal
Curtain bracket slightly bent in seminar room,"Affecting regular classes. One of the curtain rod brackets near the front window in Jawaharlal Nehru Medical College, Room 305 is slightly tilted. Kindly inspect and rectify.","Jawaharlal Nehru Medical College, Room 305",Arts Classroom Furniture,low
Ceiling fan making loud rattling noise in room,"Student grievance submitted. The ceiling fan in Sir Syed Hall (North), Room Wing B vibrates excessively and produces squeaking sound when set above speed 2. Has happened previously as well.","Sir Syed Hall (North), Room Wing B",Hostel Room Maintenance,normal
Tubelight fused in study room,"Student grievance submitted. The tube light fixture in Central Library, Room Lab 2 has stopped turning on. Choke or starter might need replacement. Has happened previously as well.","Central Library, Room Lab 2",Estate Electrical Maintenance,normal
Keypad letters worn off on library public search terminal,"Urgent attention needed. The keyboard letters E, T, and N are faded on the catalog computer in Faculty of Management Studies, Room 208. Please send maintenance technician as soon as possible.","Faculty of Management Studies, Room 208",Central Library Services,low
Elevator stuck between floors with students inside,"Lift in Faculty of Management Studies, Room 202 suddenly stopped between 2nd and 3rd floor. 4 students trapped inside with alarm ringing.","Faculty of Management Studies, Room 202",Estate Civil Works,urgent
Central air conditioning failure in critical computer lab,"Reported by resident students. All 40 desktop computers shutting down due to thermal throttling after AC units stopped in Faculty of Agricultural Sciences, Room 401. Ongoing for several hours.","Faculty of Agricultural Sciences, Room 401",Commerce Computer Lab Equipment,high
Exposed live electrical cable lying on floor,"Reported by resident students. A thick live wire has fallen down near Faculty of Science, Room Seminar Hall with sparks visible. Extremely dangerous for passing students. Ongoing for several hours.","Faculty of Science, Room Seminar Hall",Estate Electrical Maintenance,urgent
Main gate barrier collapsed blocking emergency ambulance access,"Affecting regular classes. Heavy security gate broke and fell across the road at Faculty of Law, Room 305, blocking vehicular entrance completely. Kindly inspect and rectify.","Faculty of Law, Room 305",Campus Security,urgent
LAN port connector loose in computer desk,"Affecting regular classes. Ethernet RJ45 wall jack at desk 14 in Jawaharlal Nehru Medical College, Room Lab 2 has a broken clip and disconnects whenever the wire moves. Kindly inspect and rectify.","Jawaharlal Nehru Medical College, Room Lab 2",IT Network & Connectivity,normal
All projectors and audio systems failing in seminar hall,"Reported by resident students. Audio amplifier and main display projector in Faculty of Arts, Room Lab 2 failed right before scheduled university guest lecture. Ongoing for several hours.","Faculty of Arts, Room Lab 2",Arts Audio-Visual Equipment,high
Request for pest control spray in garden flowerbeds,"Routine seasonal insect repellent spray requested for hedges surrounding Faculty of Law, Room 101.","Faculty of Law, Room 101",Agricultural Infrastructure,low
Floor tiles have minor scuff marks near doorway,"Student grievance submitted. Scuff marks from moved equipment near the lab entrance at Faculty of Management Studies, Room Wing B. Needs routine buffing. Has happened previously as well.","Faculty of Management Studies, Room Wing B",Estate Civil Works,low
Notice board velvet cloth faded and torn,"Affecting regular classes. The pinning board outside room Zakir Husain College of Engg & Tech, Room Wing B has worn-out fabric with old pin marks. Kindly inspect and rectify.","Zakir Husain College of Engg & Tech, Room Wing B",Arts Departmental Office,low
Door lock latch jammed from inside,"The mortise door lock of Faculty of Commerce, Room 305 is sticking and difficult to turn with the key. Needs oiling or realignment.","Faculty of Commerce, Room 305",Estate Carpentry,normal
Request for additional waste bin near lawn bench,"Student grievance submitted. Students sitting near the garden area outside Viqarul Mulk Hall, Room Lab 2 request an extra trash bin to keep grounds clean. Has happened previously as well.","Viqarul Mulk Hall, Room Lab 2",Hostel Sanitation,low
No water supply in entire hostel wing since morning,"Affecting regular classes. All washrooms and taps in Bibi Fatima Hall, Room Seminar Hall have zero running water for past 12 hours. Over 100 resident students affected. Kindly inspect and rectify.","Bibi Fatima Hall, Room Seminar Hall",Hostel Water Supply,high
Notice board velvet cloth faded and torn,"Affecting regular classes. The pinning board outside room Central Library, Room 401 has worn-out fabric with old pin marks. Kindly inspect and rectify.","Central Library, Room 401",Arts Departmental Office,low
Campus Wi-Fi and portal completely inaccessible before exam deadline,"Urgent attention needed. Wi-Fi access points across Faculty of Commerce, Room 101 are dropping all connections. Students unable to access student portal. Please send maintenance technician as soon as possible.","Faculty of Commerce, Room 101",IT Network & Connectivity,high
Main water storage tank overflowing continuously onto roof,"Overhead tank motor is not auto-shutting off, thousands of liters of clean water spilling from Faculty of Social Sciences, Room 305.","Faculty of Social Sciences, Room 305",Estate Plumbing,high
Curtain bracket slightly bent in seminar room,"Urgent attention needed. One of the curtain rod brackets near the front window in Faculty of Management Studies, Room Wing B is slightly tilted. Please send maintenance technician as soon as possible.","Faculty of Management Studies, Room Wing B",Arts Classroom Furniture,low
Water cooler temperature sensor not chilling,"Urgent attention needed. The drinking water cooler in Begum Azeezun Nisa Hall, Room Lab 2 is dispensing room-temperature water even though power is on. Please send maintenance technician as soon as possible.","Begum Azeezun Nisa Hall, Room Lab 2",Hostel Water Supply,normal
Campus Wi-Fi and portal completely inaccessible before exam deadline,"Affecting regular classes. Wi-Fi access points across Faculty of Management Studies, Room 202 are dropping all connections. Students unable to access student portal. Kindly inspect and rectify.","Faculty of Management Studies, Room 202",IT Network & Connectivity,high
"Hostel mess water purifier broken, no drinking water","Student grievance submitted. Commercial RO water filter at Mohammad Habib Hall, Room 401 has stopped dispensing clean drinking water. Students forced to buy bottles. Has happened previously as well.","Mohammad Habib Hall, Room 401",Hostel Water Supply,high
Classroom whiteboard frame loose on wall,"Reported by resident students. The wall mounting brackets on the left side of the marker board in Faculty of Commerce, Room 312 have come unscrewed. Ongoing for several hours.","Faculty of Commerce, Room 312",Arts Classroom Furniture,normal
Water cooler temperature sensor not chilling,"The drinking water cooler in Bibi Fatima Hall, Room 101 is dispensing room-temperature water even though power is on.","Bibi Fatima Hall, Room 101",Hostel Water Supply,normal
Chemical spill in chemistry laboratory,"Urgent attention needed. Concentrated acid bottle broke on lab floor in Faculty of Life Sciences, Room 208, releasing pungent toxic fumes. Area needs hazmat clearing. Please send maintenance technician as soon as possible.","Faculty of Life Sciences, Room 208",Science Chemical Safety,urgent
Wall paint peeling off in corridor corner,"Urgent attention needed. Some paint plaster is flaking off near the stairwell notice board of Faculty of Commerce, Room 104. Needs a patch coat. Please send maintenance technician as soon as possible.","Faculty of Commerce, Room 104",Estate Civil Works,low
Water cooler temperature sensor not chilling,"The drinking water cooler in Aftab Hall, Room 208 is dispensing room-temperature water even though power is on.","Aftab Hall, Room 208",Hostel Water Supply,normal
Ceiling fan making loud rattling noise in room,"Student grievance submitted. The ceiling fan in NRSC, Room 104 vibrates excessively and produces squeaking sound when set above speed 2. Has happened previously as well.","NRSC, Room 104",Hostel Room Maintenance,normal
Window glass pane cracked and rattling in wind,"One of the glass window panes in Faculty of Science, Room 104 is cracked across the middle and needs glazing replacement.","Faculty of Science, Room 104",Estate Carpentry,normal
Water cooler temperature sensor not chilling,"Student grievance submitted. The drinking water cooler in Aftab Hall, Room 305 is dispensing room-temperature water even though power is on. Has happened previously as well.","Aftab Hall, Room 305",Hostel Water Supply,normal
Drainage slow in laboratory sink basin,"Affecting regular classes. Water drains very slowly in wash basin 3 of Jawaharlal Nehru Medical College, Room 208. Probably choked with residue. Kindly inspect and rectify.","Jawaharlal Nehru Medical College, Room 208",Science Laboratory Equipment,normal
Ceiling fan making loud rattling noise in room,"Urgent attention needed. The ceiling fan in Sarojini Naidu Hall, Room 101 vibrates excessively and produces squeaking sound when set above speed 2. Please send maintenance technician as soon as possible.","Sarojini Naidu Hall, Room 101",Hostel Room Maintenance,normal
Minor squeaking in library wooden chair,"Affecting regular classes. Two wooden reading chairs at table 4 in Faculty of Social Sciences, Room 202 squeak when sitting down. Kindly inspect and rectify.","Faculty of Social Sciences, Room 202",Central Library Services,low
Request for additional waste bin near lawn bench,"Students sitting near the garden area outside Abdullah Hall, Room 401 request an extra trash bin to keep grounds clean.","Abdullah Hall, Room 401",Hostel Sanitation,low
Request for additional waste bin near lawn bench,"Affecting regular classes. Students sitting near the garden area outside Begum Sultan Jahan Hall, Room Seminar Hall request an extra trash bin to keep grounds clean. Kindly inspect and rectify.","Begum Sultan Jahan Hall, Room Seminar Hall",Hostel Sanitation,low
Short circuit sparked inside hostel room,"Reported by resident students. Sparking occurred in ceiling fan wiring in Mohsinul Mulk Hall, Room 208, circuit breaker tripped and smoke filled the room. Ongoing for several hours.","Mohsinul Mulk Hall, Room 208",Hostel Room Maintenance,urgent
Ceiling fan making loud rattling noise in room,"Reported by resident students. The ceiling fan in Dr. B.R. Ambedkar Hall, Room 208 vibrates excessively and produces squeaking sound when set above speed 2. Ongoing for several hours.","Dr. B.R. Ambedkar Hall, Room 208",Hostel Room Maintenance,normal
Notice board velvet cloth faded and torn,"Student grievance submitted. The pinning board outside room Faculty of Agricultural Sciences, Room 401 has worn-out fabric with old pin marks. Has happened previously as well.","Faculty of Agricultural Sciences, Room 401",Arts Departmental Office,low
LPG gas cylinder leaking in dining kitchen,"Student grievance submitted. Strong smell of cooking gas leaking near commercial burners in Bibi Fatima Hall, Room 401 mess kitchen. Risk of explosion. Has happened previously as well.","Bibi Fatima Hall, Room 401",Hostel Sanitation,urgent
Washroom tap dripping continuously,"Student grievance submitted. The basin tap in Faculty of Law, Room Seminar Hall cannot be shut tight and drips water constantly, wasting clean water. Has happened previously as well.","Faculty of Law, Room Seminar Hall",Estate Plumbing,normal
Wall paint peeling off in corridor corner,"Affecting regular classes. Some paint plaster is flaking off near the stairwell notice board of Central Library, Room 401. Needs a patch coat. Kindly inspect and rectify.","Central Library, Room 401",Estate Civil Works,low
Exposed live electrical cable lying on floor,"A thick live wire has fallen down near Faculty of Life Sciences, Room 202 with sparks visible. Extremely dangerous for passing students.","Faculty of Life Sciences, Room 202",Estate Electrical Maintenance,urgent
No water supply in entire hostel wing since morning,"Urgent attention needed. All washrooms and taps in Nadeem Tarin Hall, Room 104 have zero running water for past 12 hours. Over 100 resident students affected. Please send maintenance technician as soon as possible.","Nadeem Tarin Hall, Room 104",Hostel Water Supply,high
Printer paper jam roller error in department office,"Office multi-function laser printer in Faculty of Management Studies, Room 202 jams paper on every double-sided print job.","Faculty of Management Studies, Room 202",Commerce Office Equipment,normal
Ceiling fan making loud rattling noise in room,"Urgent attention needed. The ceiling fan in Sir Syed Hall (South), Room 208 vibrates excessively and produces squeaking sound when set above speed 2. Please send maintenance technician as soon as possible.","Sir Syed Hall (South), Room 208",Hostel Room Maintenance,normal
Sewage line overflow flooding hostel entrance corridor,"Reported by resident students. Drainage backflow is spilling foul-smelling sewage across the main walking pathway of Ross Masood Hall, Room Lab 2. Ongoing for several hours.","Ross Masood Hall, Room Lab 2",Hostel Sanitation,high
Elevator stuck between floors with students inside,"Urgent attention needed. Lift in Faculty of Law, Room 104 suddenly stopped between 2nd and 3rd floor. 4 students trapped inside with alarm ringing. Please send maintenance technician as soon as possible.","Faculty of Law, Room 104",Estate Civil Works,urgent
Ceiling fan making loud rattling noise in room,"Affecting regular classes. The ceiling fan in Ross Masood Hall, Room 101 vibrates excessively and produces squeaking sound when set above speed 2. Kindly inspect and rectify.","Ross Masood Hall, Room 101",Hostel Room Maintenance,normal
All projectors and audio systems failing in seminar hall,"Reported by resident students. Audio amplifier and main display projector in Faculty of Arts, Room Seminar Hall failed right before scheduled university guest lecture. Ongoing for several hours.","Faculty of Arts, Room Seminar Hall",Arts Audio-Visual Equipment,high
Curtain bracket slightly bent in seminar room,"Student grievance submitted. One of the curtain rod brackets near the front window in Faculty of Arts, Room 305 is slightly tilted. Has happened previously as well.","Faculty of Arts, Room 305",Arts Classroom Furniture,low
LAN port connector loose in computer desk,"Ethernet RJ45 wall jack at desk 14 in Faculty of Arts, Room 101 has a broken clip and disconnects whenever the wire moves.","Faculty of Arts, Room 101",IT Network & Connectivity,normal
Tubelight fused in study room,"Affecting regular classes. The tube light fixture in Faculty of Commerce, Room 101 has stopped turning on. Choke or starter might need replacement. Kindly inspect and rectify.","Faculty of Commerce, Room 101",Estate Electrical Maintenance,normal
Heavy water leakage soaking library reference book section,"Affecting regular classes. Rainwater leaking through roof directly above rare journals and reference racks in Begum Sultan Jahan Hall, Room 202. Kindly inspect and rectify.","Begum Sultan Jahan Hall, Room 202",Central Library Reading Room Maintenance,high
Curtain bracket slightly bent in seminar room,"Urgent attention needed. One of the curtain rod brackets near the front window in Faculty of Law, Room Lab 2 is slightly tilted. Please send maintenance technician as soon as possible.","Faculty of Law, Room Lab 2",Arts Classroom Furniture,low
Chemical spill in chemistry laboratory,"Student grievance submitted. Concentrated acid bottle broke on lab floor in Faculty of Arts, Room Lab 2, releasing pungent toxic fumes. Area needs hazmat clearing. Has happened previously as well.","Faculty of Arts, Room Lab 2",Science Chemical Safety,urgent
Ceiling fan making loud rattling noise in room,"Affecting regular classes. The ceiling fan in Abdullah Hall, Room 104 vibrates excessively and produces squeaking sound when set above speed 2. Kindly inspect and rectify.","Abdullah Hall, Room 104",Hostel Room Maintenance,normal
LAN port connector loose in computer desk,"Student grievance submitted. Ethernet RJ45 wall jack at desk 14 in Faculty of Commerce, Room 208 has a broken clip and disconnects whenever the wire moves. Has happened previously as well.","Faculty of Commerce, Room 208",IT Network & Connectivity,normal
Request for pest control spray in garden flowerbeds,"Urgent attention needed. Routine seasonal insect repellent spray requested for hedges surrounding Faculty of Arts, Room Lab 2. Please send maintenance technician as soon as possible.","Faculty of Arts, Room Lab 2",Agricultural Infrastructure,low
Drainage slow in laboratory sink basin,"Urgent attention needed. Water drains very slowly in wash basin 3 of Faculty of Life Sciences, Room Wing B. Probably choked with residue. Please send maintenance technician as soon as possible.","Faculty of Life Sciences, Room Wing B",Science Laboratory Equipment,normal
Drainage slow in laboratory sink basin,"Urgent attention needed. Water drains very slowly in wash basin 3 of Faculty of Management Studies, Room Lab 2. Probably choked with residue. Please send maintenance technician as soon as possible.","Faculty of Management Studies, Room Lab 2",Science Laboratory Equipment,normal
Door lock latch jammed from inside,"Reported by resident students. The mortise door lock of Jawaharlal Nehru Medical College, Room 312 is sticking and difficult to turn with the key. Needs oiling or realignment. Ongoing for several hours.","Jawaharlal Nehru Medical College, Room 312",Estate Carpentry,normal
Window glass pane cracked and rattling in wind,"Student grievance submitted. One of the glass window panes in Faculty of Social Sciences, Room Lab 2 is cracked across the middle and needs glazing replacement. Has happened previously as well.","Faculty of Social Sciences, Room Lab 2",Estate Carpentry,normal
Door stopper rubber missing on main entrance,"The floor door stopper rubber pad in Faculty of Arts, Room 104 has worn away, causing the door to knock against wall.","Faculty of Arts, Room 104",Estate Carpentry,low
"Electric shock from water cooler in Faculty of Science, Room 202",Affecting regular classes. Students getting mild electric shock whenever touching the water cooler body. Please disconnect power immediately. Kindly inspect and rectify.,"Faculty of Science, Room 202",Estate Electrical Maintenance,urgent
Window blind pull cord slightly frayed,"The nylon pull cord for the roller blind in Begum Azeezun Nisa Hall, Room 202 has frayed threads near the bottom tassel.","Begum Azeezun Nisa Hall, Room 202",Hostel Room Maintenance,low
Severe flooding entering basement electrical room,"Heavy rainwater gushing into electrical transformer room in basement of Faculty of Science, Room 305.","Faculty of Science, Room 305",Estate Civil Works,urgent
Ceiling plaster slab collapsed in classroom,"Affecting regular classes. A large heavy chunk of concrete plaster fell from the ceiling onto desks in Faculty of Law, Room 101. Luckily no student was under it. Kindly inspect and rectify.","Faculty of Law, Room 101",Estate Civil Works,urgent
Washroom tap dripping continuously,"Student grievance submitted. The basin tap in Central Library, Room 101 cannot be shut tight and drips water constantly, wasting clean water. Has happened previously as well.","Central Library, Room 101",Estate Plumbing,normal
Severe flooding entering basement electrical room,"Student grievance submitted. Heavy rainwater gushing into electrical transformer room in basement of Faculty of Life Sciences, Room 312. Has happened previously as well.","Faculty of Life Sciences, Room 312",Estate Civil Works,urgent
Heavy water leakage soaking library reference book section,"Student grievance submitted. Rainwater leaking through roof directly above rare journals and reference racks in Mohsinul Mulk Hall, Room 305. Has happened previously as well.","Mohsinul Mulk Hall, Room 305",Central Library Reading Room Maintenance,high
Heavy water leakage soaking library reference book section,"Reported by resident students. Rainwater leaking through roof directly above rare journals and reference racks in Begum Sultan Jahan Hall, Room 305. Ongoing for several hours.","Begum Sultan Jahan Hall, Room 305",Central Library Reading Room Maintenance,high
All projectors and audio systems failing in seminar hall,"Audio amplifier and main display projector in Faculty of Life Sciences, Room 312 failed right before scheduled university guest lecture.","Faculty of Life Sciences, Room 312",Arts Audio-Visual Equipment,high
Window blind pull cord slightly frayed,"Student grievance submitted. The nylon pull cord for the roller blind in Mohammad Habib Hall, Room 101 has frayed threads near the bottom tassel. Has happened previously as well.","Mohammad Habib Hall, Room 101",Hostel Room Maintenance,low
Ceiling fan making loud rattling noise in room,"Urgent attention needed. The ceiling fan in Bibi Fatima Hall, Room 101 vibrates excessively and produces squeaking sound when set above speed 2. Please send maintenance technician as soon as possible.","Bibi Fatima Hall, Room 101",Hostel Room Maintenance,normal
Request for additional waste bin near lawn bench,"Urgent attention needed. Students sitting near the garden area outside Sir Ziauddin Hall, Room 312 request an extra trash bin to keep grounds clean. Please send maintenance technician as soon as possible.","Sir Ziauddin Hall, Room 312",Hostel Sanitation,low
Window glass pane cracked and rattling in wind,"Affecting regular classes. One of the glass window panes in Faculty of Social Sciences, Room Wing B is cracked across the middle and needs glazing replacement. Kindly inspect and rectify.","Faculty of Social Sciences, Room Wing B",Estate Carpentry,normal
Complete power outage in academic block during lectures,"Affecting regular classes. Power has gone out completely in entire Zakir Husain College of Engg & Tech, Room 202 building. Inverters are not backing up the lighting. Kindly inspect and rectify.","Zakir Husain College of Engg & Tech, Room 202",Estate Electrical Maintenance,high
Door stopper rubber missing on main entrance,"Reported by resident students. The floor door stopper rubber pad in Faculty of Social Sciences, Room 101 has worn away, causing the door to knock against wall. Ongoing for several hours.","Faculty of Social Sciences, Room 101",Estate Carpentry,low
Severe sparking from main distribution board,"Student grievance submitted. Electric sparks and burning smell coming from the main switchboard near Faculty of Commerce, Room Wing B. High risk of fire. Has happened previously as well.","Faculty of Commerce, Room Wing B",Estate Electrical Maintenance,urgent
Washroom tap dripping continuously,"The basin tap in Central Library, Room Seminar Hall cannot be shut tight and drips water constantly, wasting clean water.","Central Library, Room Seminar Hall",Estate Plumbing,normal
Notice board velvet cloth faded and torn,"Urgent attention needed. The pinning board outside room Faculty of Social Sciences, Room 202 has worn-out fabric with old pin marks. Please send maintenance technician as soon as possible.","Faculty of Social Sciences, Room 202",Arts Departmental Office,low
"Hostel mess water purifier broken, no drinking water","Commercial RO water filter at Indira Gandhi Hall, Room 202 has stopped dispensing clean drinking water. Students forced to buy bottles.","Indira Gandhi Hall, Room 202",Hostel Water Supply,high
Exposed live electrical cable lying on floor,"A thick live wire has fallen down near Faculty of Agricultural Sciences, Room Wing B with sparks visible. Extremely dangerous for passing students.","Faculty of Agricultural Sciences, Room Wing B",Estate Electrical Maintenance,urgent
Water cooler temperature sensor not chilling,"Urgent attention needed. The drinking water cooler in Dr. B.R. Ambedkar Hall, Room 101 is dispensing room-temperature water even though power is on. Please send maintenance technician as soon as possible.","Dr. B.R. Ambedkar Hall, Room 101",Hostel Water Supply,normal
Campus Wi-Fi and portal completely inaccessible before exam deadline,"Affecting regular classes. Wi-Fi access points across Faculty of Law, Room 312 are dropping all connections. Students unable to access student portal. Kindly inspect and rectify.","Faculty of Law, Room 312",IT Network & Connectivity,high
Main water storage tank overflowing continuously onto roof,"Affecting regular classes. Overhead tank motor is not auto-shutting off, thousands of liters of clean water spilling from Faculty of Science, Room 305. Kindly inspect and rectify.","Faculty of Science, Room 305",Estate Plumbing,high
Complete power outage in academic block during lectures,"Reported by resident students. Power has gone out completely in entire Jawaharlal Nehru Medical College, Room 312 building. Inverters are not backing up the lighting. Ongoing for several hours.","Jawaharlal Nehru Medical College, Room 312",Estate Electrical Maintenance,high
Severe sparking from main distribution board,"Reported by resident students. Electric sparks and burning smell coming from the main switchboard near Faculty of Management Studies, Room 202. High risk of fire. Ongoing for several hours.","Faculty of Management Studies, Room 202",Estate Electrical Maintenance,urgent
Campus Wi-Fi and portal completely inaccessible before exam deadline,"Wi-Fi access points across Faculty of Social Sciences, Room 104 are dropping all connections. Students unable to access student portal.","Faculty of Social Sciences, Room 104",IT Network & Connectivity,high
Window blind pull cord slightly frayed,"Affecting regular classes. The nylon pull cord for the roller blind in Ross Masood Hall, Room Lab 2 has frayed threads near the bottom tassel. Kindly inspect and rectify.","Ross Masood Hall, Room Lab 2",Hostel Room Maintenance,low
Main water pipeline burst flooding corridor,"Main high pressure water pipe burst in Mohammad Habib Hall, Room 312, water rushing into ground floor rooms and near power sockets.","Mohammad Habib Hall, Room 312",Hostel Water Supply,urgent
Floor tiles have minor scuff marks near doorway,"Reported by resident students. Scuff marks from moved equipment near the lab entrance at Faculty of Agricultural Sciences, Room 104. Needs routine buffing. Ongoing for several hours.","Faculty of Agricultural Sciences, Room 104",Estate Civil Works,low
Ceiling plaster slab collapsed in classroom,"Affecting regular classes. A large heavy chunk of concrete plaster fell from the ceiling onto desks in Faculty of Agricultural Sciences, Room 401. Luckily no student was under it. Kindly inspect and rectify.","Faculty of Agricultural Sciences, Room 401",Estate Civil Works,urgent
"Electric shock from water cooler in Faculty of Arts, Room 401",Student grievance submitted. Students getting mild electric shock whenever touching the water cooler body. Please disconnect power immediately. Has happened previously as well.,"Faculty of Arts, Room 401",Estate Electrical Maintenance,urgent
Central air conditioning failure in critical computer lab,"Affecting regular classes. All 40 desktop computers shutting down due to thermal throttling after AC units stopped in Faculty of Management Studies, Room 101. Kindly inspect and rectify.","Faculty of Management Studies, Room 101",Commerce Computer Lab Equipment,high
Campus Wi-Fi and portal completely inaccessible before exam deadline,"Student grievance submitted. Wi-Fi access points across Faculty of Agricultural Sciences, Room 208 are dropping all connections. Students unable to access student portal. Has happened previously as well.","Faculty of Agricultural Sciences, Room 208",IT Network & Connectivity,high
Water cooler temperature sensor not chilling,"The drinking water cooler in Indira Gandhi Hall, Room 305 is dispensing room-temperature water even though power is on.","Indira Gandhi Hall, Room 305",Hostel Water Supply,normal
Floor tiles have minor scuff marks near doorway,"Urgent attention needed. Scuff marks from moved equipment near the lab entrance at Faculty of Agricultural Sciences, Room Wing B. Needs routine buffing. Please send maintenance technician as soon as possible.","Faculty of Agricultural Sciences, Room Wing B",Estate Civil Works,low
Main water storage tank overflowing continuously onto roof,"Urgent attention needed. Overhead tank motor is not auto-shutting off, thousands of liters of clean water spilling from Faculty of Agricultural Sciences, Room 104. Please send maintenance technician as soon as possible.","Faculty of Agricultural Sciences, Room 104",Estate Plumbing,high
Door stopper rubber missing on main entrance,"The floor door stopper rubber pad in Faculty of Science, Room 101 has worn away, causing the door to knock against wall.","Faculty of Science, Room 101",Estate Carpentry,low
Sewage line overflow flooding hostel entrance corridor,"Affecting regular classes. Drainage backflow is spilling foul-smelling sewage across the main walking pathway of Dr. B.R. Ambedkar Hall, Room Wing B. Kindly inspect and rectify.","Dr. B.R. Ambedkar Hall, Room Wing B",Hostel Sanitation,high
Minor squeaking in library wooden chair,"Urgent attention needed. Two wooden reading chairs at table 4 in Faculty of Commerce, Room 401 squeak when sitting down. Please send maintenance technician as soon as possible.","Faculty of Commerce, Room 401",Central Library Services,low
Floor tiles have minor scuff marks near doorway,"Urgent attention needed. Scuff marks from moved equipment near the lab entrance at Central Library, Room 104. Needs routine buffing. Please send maintenance technician as soon as possible.","Central Library, Room 104",Estate Civil Works,low
Floor tiles have minor scuff marks near doorway,"Student grievance submitted. Scuff marks from moved equipment near the lab entrance at Faculty of Management Studies, Room Lab 2. Needs routine buffing. Has happened previously as well.","Faculty of Management Studies, Room Lab 2",Estate Civil Works,low
Minor squeaking in library wooden chair,"Two wooden reading chairs at table 4 in Faculty of Law, Room Seminar Hall squeak when sitting down.","Faculty of Law, Room Seminar Hall",Central Library Services,low
Ceiling plaster slab collapsed in classroom,"A large heavy chunk of concrete plaster fell from the ceiling onto desks in Faculty of Agricultural Sciences, Room Wing B. Luckily no student was under it.","Faculty of Agricultural Sciences, Room Wing B",Estate Civil Works,urgent
"Key server gateway unreachable, semester results page down","Affecting regular classes. Core department web server in Faculty of Life Sciences, Room 208 is unresponsive (HTTP 502). Students cannot download admit cards. Kindly inspect and rectify.","Faculty of Life Sciences, Room 208",IT Software & Portals,high
LAN port connector loose in computer desk,"Affecting regular classes. Ethernet RJ45 wall jack at desk 14 in Faculty of Life Sciences, Room 305 has a broken clip and disconnects whenever the wire moves. Kindly inspect and rectify.","Faculty of Life Sciences, Room 305",IT Network & Connectivity,normal
Tubelight fused in study room,"Affecting regular classes. The tube light fixture in Faculty of Management Studies, Room 202 has stopped turning on. Choke or starter might need replacement. Kindly inspect and rectify.","Faculty of Management Studies, Room 202",Estate Electrical Maintenance,normal
Drainage slow in laboratory sink basin,"Urgent attention needed. Water drains very slowly in wash basin 3 of Faculty of Management Studies, Room Seminar Hall. Probably choked with residue. Please send maintenance technician as soon as possible.","Faculty of Management Studies, Room Seminar Hall",Science Laboratory Equipment,normal
Washroom tap dripping continuously,"Reported by resident students. The basin tap in Central Library, Room 104 cannot be shut tight and drips water constantly, wasting clean water. Ongoing for several hours.","Central Library, Room 104",Estate Plumbing,normal
Request for pest control spray in garden flowerbeds,"Affecting regular classes. Routine seasonal insect repellent spray requested for hedges surrounding Faculty of Commerce, Room 104. Kindly inspect and rectify.","Faculty of Commerce, Room 104",Agricultural Infrastructure,low
LAN port connector loose in computer desk,"Affecting regular classes. Ethernet RJ45 wall jack at desk 14 in Faculty of Management Studies, Room 401 has a broken clip and disconnects whenever the wire moves. Kindly inspect and rectify.","Faculty of Management Studies, Room 401",IT Network & Connectivity,normal
Central air conditioning failure in critical computer lab,"Affecting regular classes. All 40 desktop computers shutting down due to thermal throttling after AC units stopped in Faculty of Social Sciences, Room 401. Kindly inspect and rectify.","Faculty of Social Sciences, Room 401",Commerce Computer Lab Equipment,high
All projectors and audio systems failing in seminar hall,"Reported by resident students. Audio amplifier and main display projector in Faculty of Science, Room 202 failed right before scheduled university guest lecture. Ongoing for several hours.","Faculty of Science, Room 202",Arts Audio-Visual Equipment,high
Exposed live electrical cable lying on floor,"Reported by resident students. A thick live wire has fallen down near Faculty of Life Sciences, Room 202 with sparks visible. Extremely dangerous for passing students. Ongoing for several hours.","Faculty of Life Sciences, Room 202",Estate Electrical Maintenance,urgent
Heavy water leakage soaking library reference book section,"Affecting regular classes. Rainwater leaking through roof directly above rare journals and reference racks in Nadeem Tarin Hall, Room 202. Kindly inspect and rectify.","Nadeem Tarin Hall, Room 202",Central Library Reading Room Maintenance,high
LAN port connector loose in computer desk,"Affecting regular classes. Ethernet RJ45 wall jack at desk 14 in Faculty of Law, Room Lab 2 has a broken clip and disconnects whenever the wire moves. Kindly inspect and rectify.","Faculty of Law, Room Lab 2",IT Network & Connectivity,normal
Keypad letters worn off on library public search terminal,"Reported by resident students. The keyboard letters E, T, and N are faded on the catalog computer in Faculty of Social Sciences, Room Lab 2. Ongoing for several hours.","Faculty of Social Sciences, Room Lab 2",Central Library Services,low
Keypad letters worn off on library public search terminal,"Student grievance submitted. The keyboard letters E, T, and N are faded on the catalog computer in Faculty of Commerce, Room 104. Has happened previously as well.","Faculty of Commerce, Room 104",Central Library Services,low
Biohazard waste bin tipped over near patient entrance,"Student grievance submitted. Infectious medical waste container overturned spilling used syringes and dressings near Central Library, Room 104. Has happened previously as well.","Central Library, Room 104",JNMC Hospital Infrastructure,urgent
Central air conditioning failure in critical computer lab,"Urgent attention needed. All 40 desktop computers shutting down due to thermal throttling after AC units stopped in Faculty of Commerce, Room 401. Please send maintenance technician as soon as possible.","Faculty of Commerce, Room 401",Commerce Computer Lab Equipment,high
Main gate barrier collapsed blocking emergency ambulance access,"Heavy security gate broke and fell across the road at Central Library, Room 104, blocking vehicular entrance completely.","Central Library, Room 104",Campus Security,urgent
Short circuit sparked inside hostel room,"Affecting regular classes. Sparking occurred in ceiling fan wiring in Sarojini Naidu Hall, Room 104, circuit breaker tripped and smoke filled the room. Kindly inspect and rectify.","Sarojini Naidu Hall, Room 104",Hostel Room Maintenance,urgent
Central air conditioning failure in critical computer lab,"Urgent attention needed. All 40 desktop computers shutting down due to thermal throttling after AC units stopped in Faculty of Law, Room Wing B. Please send maintenance technician as soon as possible.","Faculty of Law, Room Wing B",Commerce Computer Lab Equipment,high
Heavy water leakage soaking library reference book section,"Reported by resident students. Rainwater leaking through roof directly above rare journals and reference racks in Mohsinul Mulk Hall, Room 312. Ongoing for several hours.","Mohsinul Mulk Hall, Room 312",Central Library Reading Room Maintenance,high
Washroom tap dripping continuously,"Student grievance submitted. The basin tap in Faculty of Life Sciences, Room Wing B cannot be shut tight and drips water constantly, wasting clean water. Has happened previously as well.","Faculty of Life Sciences, Room Wing B",Estate Plumbing,normal
Main water storage tank overflowing continuously onto roof,"Urgent attention needed. Overhead tank motor is not auto-shutting off, thousands of liters of clean water spilling from Faculty of Commerce, Room Seminar Hall. Please send maintenance technician as soon as possible.","Faculty of Commerce, Room Seminar Hall",Estate Plumbing,high
Washroom tap dripping continuously,"The basin tap in Jawaharlal Nehru Medical College, Room 202 cannot be shut tight and drips water constantly, wasting clean water.","Jawaharlal Nehru Medical College, Room 202",Estate Plumbing,normal
No water supply in entire hostel wing since morning,"Urgent attention needed. All washrooms and taps in Aftab Hall, Room 104 have zero running water for past 12 hours. Over 100 resident students affected. Please send maintenance technician as soon as possible.","Aftab Hall, Room 104",Hostel Water Supply,high
Short circuit sparked inside hostel room,"Affecting regular classes. Sparking occurred in ceiling fan wiring in Abdullah Hall, Room 202, circuit breaker tripped and smoke filled the room. Kindly inspect and rectify.","Abdullah Hall, Room 202",Hostel Room Maintenance,urgent
Heavy water leakage soaking library reference book section,"Affecting regular classes. Rainwater leaking through roof directly above rare journals and reference racks in Begum Azeezun Nisa Hall, Room 208. Kindly inspect and rectify.","Begum Azeezun Nisa Hall, Room 208",Central Library Reading Room Maintenance,high
Window blind pull cord slightly frayed,"The nylon pull cord for the roller blind in Ross Masood Hall, Room 104 has frayed threads near the bottom tassel.","Ross Masood Hall, Room 104",Hostel Room Maintenance,low
Window glass pane cracked and rattling in wind,"Affecting regular classes. One of the glass window panes in Faculty of Arts, Room Seminar Hall is cracked across the middle and needs glazing replacement. Kindly inspect and rectify.","Faculty of Arts, Room Seminar Hall",Estate Carpentry,normal
Request for additional waste bin near lawn bench,"Affecting regular classes. Students sitting near the garden area outside Abdullah Hall, Room 208 request an extra trash bin to keep grounds clean. Kindly inspect and rectify.","Abdullah Hall, Room 208",Hostel Sanitation,low
"Key server gateway unreachable, semester results page down","Affecting regular classes. Core department web server in Faculty of Law, Room 312 is unresponsive (HTTP 502). Students cannot download admit cards. Kindly inspect and rectify.","Faculty of Law, Room 312",IT Software & Portals,high
Notice board velvet cloth faded and torn,"Student grievance submitted. The pinning board outside room Faculty of Life Sciences, Room 312 has worn-out fabric with old pin marks. Has happened previously as well.","Faculty of Life Sciences, Room 312",Arts Departmental Office,low
Wall paint peeling off in corridor corner,"Urgent attention needed. Some paint plaster is flaking off near the stairwell notice board of Faculty of Management Studies, Room 305. Needs a patch coat. Please send maintenance technician as soon as possible.","Faculty of Management Studies, Room 305",Estate Civil Works,low
Short circuit sparked inside hostel room,"Reported by resident students. Sparking occurred in ceiling fan wiring in Dr. B.R. Ambedkar Hall, Room 101, circuit breaker tripped and smoke filled the room. Ongoing for several hours.","Dr. B.R. Ambedkar Hall, Room 101",Hostel Room Maintenance,urgent
Window blind pull cord slightly frayed,"Student grievance submitted. The nylon pull cord for the roller blind in Sir Shah Sulaiman Hall, Room 401 has frayed threads near the bottom tassel. Has happened previously as well.","Sir Shah Sulaiman Hall, Room 401",Hostel Room Maintenance,low
Drainage slow in laboratory sink basin,"Urgent attention needed. Water drains very slowly in wash basin 3 of Zakir Husain College of Engg & Tech, Room 305. Probably choked with residue. Please send maintenance technician as soon as possible.","Zakir Husain College of Engg & Tech, Room 305",Science Laboratory Equipment,normal
Smoke coming from server rack in computer lab,"Dense white smoke and burning plastic odor coming from server room at Jawaharlal Nehru Medical College, Room 312. Immediate fire hazard.","Jawaharlal Nehru Medical College, Room 312",Engineering Computer Systems,urgent
Central air conditioning failure in critical computer lab,"Affecting regular classes. All 40 desktop computers shutting down due to thermal throttling after AC units stopped in Faculty of Science, Room Wing B. Kindly inspect and rectify.","Faculty of Science, Room Wing B",Commerce Computer Lab Equipment,high
"Key server gateway unreachable, semester results page down","Student grievance submitted. Core department web server in Faculty of Commerce, Room 305 is unresponsive (HTTP 502). Students cannot download admit cards. Has happened previously as well.","Faculty of Commerce, Room 305",IT Software & Portals,high
Keypad letters worn off on library public search terminal,"Urgent attention needed. The keyboard letters E, T, and N are faded on the catalog computer in Faculty of Commerce, Room Wing B. Please send maintenance technician as soon as possible.","Faculty of Commerce, Room Wing B",Central Library Services,low
Short circuit sparked inside hostel room,"Urgent attention needed. Sparking occurred in ceiling fan wiring in Ross Masood Hall, Room 104, circuit breaker tripped and smoke filled the room. Please send maintenance technician as soon as possible.","Ross Masood Hall, Room 104",Hostel Room Maintenance,urgent
LPG gas cylinder leaking in dining kitchen,"Reported by resident students. Strong smell of cooking gas leaking near commercial burners in Mohsinul Mulk Hall, Room 202 mess kitchen. Risk of explosion. Ongoing for several hours.","Mohsinul Mulk Hall, Room 202",Hostel Sanitation,urgent
Ceiling fan making loud rattling noise in room,"Reported by resident students. The ceiling fan in Abdullah Hall, Room 104 vibrates excessively and produces squeaking sound when set above speed 2. Ongoing for several hours.","Abdullah Hall, Room 104",Hostel Room Maintenance,normal
Keypad letters worn off on library public search terminal,"Urgent attention needed. The keyboard letters E, T, and N are faded on the catalog computer in Jawaharlal Nehru Medical College, Room 312. Please send maintenance technician as soon as possible.","Jawaharlal Nehru Medical College, Room 312",Central Library Services,low
Main gate barrier collapsed blocking emergency ambulance access,"Urgent attention needed. Heavy security gate broke and fell across the road at Faculty of Science, Room Seminar Hall, blocking vehicular entrance completely. Please send maintenance technician as soon as possible.","Faculty of Science, Room Seminar Hall",Campus Security,urgent
Printer paper jam roller error in department office,"Student grievance submitted. Office multi-function laser printer in Central Library, Room Wing B jams paper on every double-sided print job. Has happened previously as well.","Central Library, Room Wing B",Commerce Office Equipment,normal
Door lock latch jammed from inside,"The mortise door lock of Faculty of Life Sciences, Room 312 is sticking and difficult to turn with the key. Needs oiling or realignment.","Faculty of Life Sciences, Room 312",Estate Carpentry,normal
Window blind pull cord slightly frayed,"Student grievance submitted. The nylon pull cord for the roller blind in Begum Azeezun Nisa Hall, Room Lab 2 has frayed threads near the bottom tassel. Has happened previously as well.","Begum Azeezun Nisa Hall, Room Lab 2",Hostel Room Maintenance,low
Water cooler temperature sensor not chilling,"Affecting regular classes. The drinking water cooler in Sir Syed Hall (North), Room Seminar Hall is dispensing room-temperature water even though power is on. Kindly inspect and rectify.","Sir Syed Hall (North), Room Seminar Hall",Hostel Water Supply,normal
Severe flooding entering basement electrical room,"Heavy rainwater gushing into electrical transformer room in basement of Faculty of Life Sciences, Room 305.","Faculty of Life Sciences, Room 305",Estate Civil Works,urgent
Printer paper jam roller error in department office,"Reported by resident students. Office multi-function laser printer in Faculty of Science, Room 305 jams paper on every double-sided print job. Ongoing for several hours.","Faculty of Science, Room 305",Commerce Office Equipment,normal
Main gate barrier collapsed blocking emergency ambulance access,"Reported by resident students. Heavy security gate broke and fell across the road at Faculty of Management Studies, Room 208, blocking vehicular entrance completely. Ongoing for several hours.","Faculty of Management Studies, Room 208",Campus Security,urgent
Heavy water leakage soaking library reference book section,"Student grievance submitted. Rainwater leaking through roof directly above rare journals and reference racks in Dr. B.R. Ambedkar Hall, Room 104. Has happened previously as well.","Dr. B.R. Ambedkar Hall, Room 104",Central Library Reading Room Maintenance,high
Sewage line overflow flooding hostel entrance corridor,"Drainage backflow is spilling foul-smelling sewage across the main walking pathway of Mohammad Habib Hall, Room 312.","Mohammad Habib Hall, Room 312",Hostel Sanitation,high
Ceiling fan making loud rattling noise in room,"Urgent attention needed. The ceiling fan in Sir Ziauddin Hall, Room 312 vibrates excessively and produces squeaking sound when set above speed 2. Please send maintenance technician as soon as possible.","Sir Ziauddin Hall, Room 312",Hostel Room Maintenance,normal
Campus Wi-Fi and portal completely inaccessible before exam deadline,"Affecting regular classes. Wi-Fi access points across Central Library, Room 401 are dropping all connections. Students unable to access student portal. Kindly inspect and rectify.","Central Library, Room 401",IT Network & Connectivity,high
Curtain bracket slightly bent in seminar room,"One of the curtain rod brackets near the front window in Jawaharlal Nehru Medical College, Room 305 is slightly tilted.","Jawaharlal Nehru Medical College, Room 305",Arts Classroom Furniture,low
Curtain bracket slightly bent in seminar room,"One of the curtain rod brackets near the front window in Faculty of Law, Room 401 is slightly tilted.","Faculty of Law, Room 401",Arts Classroom Furniture,low
Campus Wi-Fi and portal completely inaccessible before exam deadline,"Affecting regular classes. Wi-Fi access points across Faculty of Life Sciences, Room 305 are dropping all connections. Students unable to access student portal. Kindly inspect and rectify.","Faculty of Life Sciences, Room 305",IT Network & Connectivity,high
No water supply in entire hostel wing since morning,"Affecting regular classes. All washrooms and taps in Sir Syed Hall (South), Room 305 have zero running water for past 12 hours. Over 100 resident students affected. Kindly inspect and rectify.","Sir Syed Hall (South), Room 305",Hostel Water Supply,high
Classroom whiteboard frame loose on wall,"Reported by resident students. The wall mounting brackets on the left side of the marker board in Jawaharlal Nehru Medical College, Room 401 have come unscrewed. Ongoing for several hours.","Jawaharlal Nehru Medical College, Room 401",Arts Classroom Furniture,normal
Drainage slow in laboratory sink basin,"Urgent attention needed. Water drains very slowly in wash basin 3 of Faculty of Agricultural Sciences, Room Wing B. Probably choked with residue. Please send maintenance technician as soon as possible.","Faculty of Agricultural Sciences, Room Wing B",Science Laboratory Equipment,normal
Request for pest control spray in garden flowerbeds,"Routine seasonal insect repellent spray requested for hedges surrounding Central Library, Room 312.","Central Library, Room 312",Agricultural Infrastructure,low
"Key server gateway unreachable, semester results page down","Affecting regular classes. Core department web server in Faculty of Management Studies, Room 202 is unresponsive (HTTP 502). Students cannot download admit cards. Kindly inspect and rectify.","Faculty of Management Studies, Room 202",IT Software & Portals,high
Chemical spill in chemistry laboratory,"Affecting regular classes. Concentrated acid bottle broke on lab floor in Faculty of Science, Room Lab 2, releasing pungent toxic fumes. Area needs hazmat clearing. Kindly inspect and rectify.","Faculty of Science, Room Lab 2",Science Chemical Safety,urgent
No water supply in entire hostel wing since morning,"Affecting regular classes. All washrooms and taps in Bibi Fatima Hall, Room 401 have zero running water for past 12 hours. Over 100 resident students affected. Kindly inspect and rectify.","Bibi Fatima Hall, Room 401",Hostel Water Supply,high
Drainage slow in laboratory sink basin,"Student grievance submitted. Water drains very slowly in wash basin 3 of Central Library, Room 104. Probably choked with residue. Has happened previously as well.","Central Library, Room 104",Science Laboratory Equipment,normal
Biohazard waste bin tipped over near patient entrance,"Infectious medical waste container overturned spilling used syringes and dressings near Faculty of Science, Room Lab 2.","Faculty of Science, Room Lab 2",JNMC Hospital Infrastructure,urgent
Main gate barrier collapsed blocking emergency ambulance access,"Reported by resident students. Heavy security gate broke and fell across the road at Faculty of Law, Room 202, blocking vehicular entrance completely. Ongoing for several hours.","Faculty of Law, Room 202",Campus Security,urgent
Smoke coming from server rack in computer lab,"Student grievance submitted. Dense white smoke and burning plastic odor coming from server room at Faculty of Law, Room Wing B. Immediate fire hazard. Has happened previously as well.","Faculty of Law, Room Wing B",Engineering Computer Systems,urgent
"Key server gateway unreachable, semester results page down","Core department web server in Faculty of Management Studies, Room 401 is unresponsive (HTTP 502). Students cannot download admit cards.","Faculty of Management Studies, Room 401",IT Software & Portals,high
Washroom tap dripping continuously,"The basin tap in Faculty of Agricultural Sciences, Room 305 cannot be shut tight and drips water constantly, wasting clean water.","Faculty of Agricultural Sciences, Room 305",Estate Plumbing,normal
LAN port connector loose in computer desk,"Affecting regular classes. Ethernet RJ45 wall jack at desk 14 in Faculty of Law, Room Seminar Hall has a broken clip and disconnects whenever the wire moves. Kindly inspect and rectify.","Faculty of Law, Room Seminar Hall",IT Network & Connectivity,normal
Main water pipeline burst flooding corridor,"Main high pressure water pipe burst in Sir Ziauddin Hall, Room 104, water rushing into ground floor rooms and near power sockets.","Sir Ziauddin Hall, Room 104",Hostel Water Supply,urgent
Severe sparking from main distribution board,"Student grievance submitted. Electric sparks and burning smell coming from the main switchboard near Faculty of Arts, Room Lab 2. High risk of fire. Has happened previously as well.","Faculty of Arts, Room Lab 2",Estate Electrical Maintenance,urgent
Smoke coming from server rack in computer lab,"Urgent attention needed. Dense white smoke and burning plastic odor coming from server room at Faculty of Life Sciences, Room 401. Immediate fire hazard. Please send maintenance technician as soon as possible.","Faculty of Life Sciences, Room 401",Engineering Computer Systems,urgent
Exposed live electrical cable lying on floor,"Urgent attention needed. A thick live wire has fallen down near Faculty of Commerce, Room 104 with sparks visible. Extremely dangerous for passing students. Please send maintenance technician as soon as possible.","Faculty of Commerce, Room 104",Estate Electrical Maintenance,urgent
Floor tiles have minor scuff marks near doorway,"Scuff marks from moved equipment near the lab entrance at Faculty of Science, Room 101. Needs routine buffing.","Faculty of Science, Room 101",Estate Civil Works,low
Central air conditioning failure in critical computer lab,"All 40 desktop computers shutting down due to thermal throttling after AC units stopped in Faculty of Science, Room 305.","Faculty of Science, Room 305",Commerce Computer Lab Equipment,high
Wall paint peeling off in corridor corner,"Student grievance submitted. Some paint plaster is flaking off near the stairwell notice board of Faculty of Science, Room 104. Needs a patch coat. Has happened previously as well.","Faculty of Science, Room 104",Estate Civil Works,low
Ceiling fan making loud rattling noise in room,"Reported by resident students. The ceiling fan in Sir Syed Hall (South), Room 208 vibrates excessively and produces squeaking sound when set above speed 2. Ongoing for several hours.","Sir Syed Hall (South), Room 208",Hostel Room Maintenance,normal
Window glass pane cracked and rattling in wind,"Student grievance submitted. One of the glass window panes in Faculty of Management Studies, Room 312 is cracked across the middle and needs glazing replacement. Has happened previously as well.","Faculty of Management Studies, Room 312",Estate Carpentry,normal
LPG gas cylinder leaking in dining kitchen,"Urgent attention needed. Strong smell of cooking gas leaking near commercial burners in Abdullah Hall, Room 202 mess kitchen. Risk of explosion. Please send maintenance technician as soon as possible.","Abdullah Hall, Room 202",Hostel Sanitation,urgent
No water supply in entire hostel wing since morning,"Affecting regular classes. All washrooms and taps in Aftab Hall, Room Wing B have zero running water for past 12 hours. Over 100 resident students affected. Kindly inspect and rectify.","Aftab Hall, Room Wing B",Hostel Water Supply,high
Door stopper rubber missing on main entrance,"Urgent attention needed. The floor door stopper rubber pad in Central Library, Room Wing B has worn away, causing the door to knock against wall. Please send maintenance technician as soon as possible.","Central Library, Room Wing B",Estate Carpentry,low
Window blind pull cord slightly frayed,"Urgent attention needed. The nylon pull cord for the roller blind in NRSC, Room 401 has frayed threads near the bottom tassel. Please send maintenance technician as soon as possible.","NRSC, Room 401",Hostel Room Maintenance,low
"Hostel mess water purifier broken, no drinking water","Reported by resident students. Commercial RO water filter at Sarojini Naidu Hall, Room 305 has stopped dispensing clean drinking water. Students forced to buy bottles. Ongoing for several hours.","Sarojini Naidu Hall, Room 305",Hostel Water Supply,high
Water cooler temperature sensor not chilling,"The drinking water cooler in Sarojini Naidu Hall, Room 312 is dispensing room-temperature water even though power is on.","Sarojini Naidu Hall, Room 312",Hostel Water Supply,normal
Ceiling fan making loud rattling noise in room,"Student grievance submitted. The ceiling fan in Bibi Fatima Hall, Room 305 vibrates excessively and produces squeaking sound when set above speed 2. Has happened previously as well.","Bibi Fatima Hall, Room 305",Hostel Room Maintenance,normal
Sewage line overflow flooding hostel entrance corridor,"Drainage backflow is spilling foul-smelling sewage across the main walking pathway of Indira Gandhi Hall, Room 401.","Indira Gandhi Hall, Room 401",Hostel Sanitation,high
Window glass pane cracked and rattling in wind,"Reported by resident students. One of the glass window panes in Faculty of Agricultural Sciences, Room 305 is cracked across the middle and needs glazing replacement. Ongoing for several hours.","Faculty of Agricultural Sciences, Room 305",Estate Carpentry,normal
Window blind pull cord slightly frayed,"The nylon pull cord for the roller blind in Aftab Hall, Room Wing B has frayed threads near the bottom tassel.","Aftab Hall, Room Wing B",Hostel Room Maintenance,low
Washroom tap dripping continuously,"Urgent attention needed. The basin tap in Faculty of Agricultural Sciences, Room 401 cannot be shut tight and drips water constantly, wasting clean water. Please send maintenance technician as soon as possible.","Faculty of Agricultural Sciences, Room 401",Estate Plumbing,normal
Floor tiles have minor scuff marks near doorway,"Scuff marks from moved equipment near the lab entrance at Central Library, Room 401. Needs routine buffing.","Central Library, Room 401",Estate Civil Works,low
Campus Wi-Fi and portal completely inaccessible before exam deadline,"Affecting regular classes. Wi-Fi access points across Faculty of Life Sciences, Room Wing B are dropping all connections. Students unable to access student portal. Kindly inspect and rectify.","Faculty of Life Sciences, Room Wing B",IT Network & Connectivity,high
LPG gas cylinder leaking in dining kitchen,"Reported by resident students. Strong smell of cooking gas leaking near commercial burners in Dr. B.R. Ambedkar Hall, Room 208 mess kitchen. Risk of explosion. Ongoing for several hours.","Dr. B.R. Ambedkar Hall, Room 208",Hostel Sanitation,urgent
Campus Wi-Fi and portal completely inaccessible before exam deadline,"Affecting regular classes. Wi-Fi access points across Faculty of Law, Room Seminar Hall are dropping all connections. Students unable to access student portal. Kindly inspect and rectify.","Faculty of Law, Room Seminar Hall",IT Network & Connectivity,high
Door lock latch jammed from inside,"The mortise door lock of Faculty of Science, Room 401 is sticking and difficult to turn with the key. Needs oiling or realignment.","Faculty of Science, Room 401",Estate Carpentry,normal
"Key server gateway unreachable, semester results page down","Reported by resident students. Core department web server in Faculty of Social Sciences, Room 202 is unresponsive (HTTP 502). Students cannot download admit cards. Ongoing for several hours.","Faculty of Social Sciences, Room 202",IT Software & Portals,high
Printer paper jam roller error in department office,"Reported by resident students. Office multi-function laser printer in Faculty of Management Studies, Room Lab 2 jams paper on every double-sided print job. Ongoing for several hours.","Faculty of Management Studies, Room Lab 2",Commerce Office Equipment,normal
Exposed live electrical cable lying on floor,"Student grievance submitted. A thick live wire has fallen down near Faculty of Life Sciences, Room 208 with sparks visible. Extremely dangerous for passing students. Has happened previously as well.","Faculty of Life Sciences, Room 208",Estate Electrical Maintenance,urgent
Door lock latch jammed from inside,"Student grievance submitted. The mortise door lock of Jawaharlal Nehru Medical College, Room 305 is sticking and difficult to turn with the key. Needs oiling or realignment. Has happened previously as well.","Jawaharlal Nehru Medical College, Room 305",Estate Carpentry,normal
"Electric shock from water cooler in Faculty of Agricultural Sciences, Room 208",Student grievance submitted. Students getting mild electric shock whenever touching the water cooler body. Please disconnect power immediately. Has happened previously as well.,"Faculty of Agricultural Sciences, Room 208",Estate Electrical Maintenance,urgent
Severe flooding entering basement electrical room,"Affecting regular classes. Heavy rainwater gushing into electrical transformer room in basement of Faculty of Management Studies, Room Lab 2. Kindly inspect and rectify.","Faculty of Management Studies, Room Lab 2",Estate Civil Works,urgent
Printer paper jam roller error in department office,"Reported by resident students. Office multi-function laser printer in Faculty of Management Studies, Room 305 jams paper on every double-sided print job. Ongoing for several hours.","Faculty of Management Studies, Room 305",Commerce Office Equipment,normal
Smoke coming from server rack in computer lab,"Affecting regular classes. Dense white smoke and burning plastic odor coming from server room at Jawaharlal Nehru Medical College, Room 305. Immediate fire hazard. Kindly inspect and rectify.","Jawaharlal Nehru Medical College, Room 305",Engineering Computer Systems,urgent
No water supply in entire hostel wing since morning,"Affecting regular classes. All washrooms and taps in NRSC, Room 208 have zero running water for past 12 hours. Over 100 resident students affected. Kindly inspect and rectify.","NRSC, Room 208",Hostel Water Supply,high
LPG gas cylinder leaking in dining kitchen,"Affecting regular classes. Strong smell of cooking gas leaking near commercial burners in Bibi Fatima Hall, Room Seminar Hall mess kitchen. Risk of explosion. Kindly inspect and rectify.","Bibi Fatima Hall, Room Seminar Hall",Hostel Sanitation,urgent
Wall paint peeling off in corridor corner,"Affecting regular classes. Some paint plaster is flaking off near the stairwell notice board of Central Library, Room 305. Needs a patch coat. Kindly inspect and rectify.","Central Library, Room 305",Estate Civil Works,low
Central air conditioning failure in critical computer lab,"All 40 desktop computers shutting down due to thermal throttling after AC units stopped in Faculty of Science, Room 202.","Faculty of Science, Room 202",Commerce Computer Lab Equipment,high
Tubelight fused in study room,"Reported by resident students. The tube light fixture in Faculty of Social Sciences, Room 401 has stopped turning on. Choke or starter might need replacement. Ongoing for several hours.","Faculty of Social Sciences, Room 401",Estate Electrical Maintenance,normal
Complete power outage in academic block during lectures,"Reported by resident students. Power has gone out completely in entire Faculty of Social Sciences, Room 208 building. Inverters are not backing up the lighting. Ongoing for several hours.","Faculty of Social Sciences, Room 208",Estate Electrical Maintenance,high
Water cooler temperature sensor not chilling,"Student grievance submitted. The drinking water cooler in Bibi Fatima Hall, Room 305 is dispensing room-temperature water even though power is on. Has happened previously as well.","Bibi Fatima Hall, Room 305",Hostel Water Supply,normal
LPG gas cylinder leaking in dining kitchen,"Strong smell of cooking gas leaking near commercial burners in NRSC, Room 208 mess kitchen. Risk of explosion.","NRSC, Room 208",Hostel Sanitation,urgent
Biohazard waste bin tipped over near patient entrance,"Urgent attention needed. Infectious medical waste container overturned spilling used syringes and dressings near Faculty of Law, Room 305. Please send maintenance technician as soon as possible.","Faculty of Law, Room 305",JNMC Hospital Infrastructure,urgent
Window blind pull cord slightly frayed,"Affecting regular classes. The nylon pull cord for the roller blind in Begum Sultan Jahan Hall, Room Seminar Hall has frayed threads near the bottom tassel. Kindly inspect and rectify.","Begum Sultan Jahan Hall, Room Seminar Hall",Hostel Room Maintenance,low
Window blind pull cord slightly frayed,"Student grievance submitted. The nylon pull cord for the roller blind in Indira Gandhi Hall, Room 208 has frayed threads near the bottom tassel. Has happened previously as well.","Indira Gandhi Hall, Room 208",Hostel Room Maintenance,low
Floor tiles have minor scuff marks near doorway,"Urgent attention needed. Scuff marks from moved equipment near the lab entrance at Faculty of Law, Room 401. Needs routine buffing. Please send maintenance technician as soon as possible.","Faculty of Law, Room 401",Estate Civil Works,low
Door stopper rubber missing on main entrance,"The floor door stopper rubber pad in Jawaharlal Nehru Medical College, Room 312 has worn away, causing the door to knock against wall.","Jawaharlal Nehru Medical College, Room 312",Estate Carpentry,low
Ceiling plaster slab collapsed in classroom,"Affecting regular classes. A large heavy chunk of concrete plaster fell from the ceiling onto desks in Faculty of Law, Room 104. Luckily no student was under it. Kindly inspect and rectify.","Faculty of Law, Room 104",Estate Civil Works,urgent
Floor tiles have minor scuff marks near doorway,"Urgent attention needed. Scuff marks from moved equipment near the lab entrance at Faculty of Life Sciences, Room 312. Needs routine buffing. Please send maintenance technician as soon as possible.","Faculty of Life Sciences, Room 312",Estate Civil Works,low
Central air conditioning failure in critical computer lab,"Student grievance submitted. All 40 desktop computers shutting down due to thermal throttling after AC units stopped in Jawaharlal Nehru Medical College, Room Seminar Hall. Has happened previously as well.","Jawaharlal Nehru Medical College, Room Seminar Hall",Commerce Computer Lab Equipment,high
All projectors and audio systems failing in seminar hall,"Affecting regular classes. Audio amplifier and main display projector in Faculty of Commerce, Room Seminar Hall failed right before scheduled university guest lecture. Kindly inspect and rectify.","Faculty of Commerce, Room Seminar Hall",Arts Audio-Visual Equipment,high
LPG gas cylinder leaking in dining kitchen,"Student grievance submitted. Strong smell of cooking gas leaking near commercial burners in Begum Sultan Jahan Hall, Room 401 mess kitchen. Risk of explosion. Has happened previously as well.","Begum Sultan Jahan Hall, Room 401",Hostel Sanitation,urgent
Drainage slow in laboratory sink basin,"Urgent attention needed. Water drains very slowly in wash basin 3 of Faculty of Law, Room Seminar Hall. Probably choked with residue. Please send maintenance technician as soon as possible.","Faculty of Law, Room Seminar Hall",Science Laboratory Equipment,normal
LAN port connector loose in computer desk,"Ethernet RJ45 wall jack at desk 14 in Faculty of Management Studies, Room 104 has a broken clip and disconnects whenever the wire moves.","Faculty of Management Studies, Room 104",IT Network & Connectivity,normal
Printer paper jam roller error in department office,"Reported by resident students. Office multi-function laser printer in Faculty of Life Sciences, Room 202 jams paper on every double-sided print job. Ongoing for several hours.","Faculty of Life Sciences, Room 202",Commerce Office Equipment,normal
All projectors and audio systems failing in seminar hall,"Student grievance submitted. Audio amplifier and main display projector in Jawaharlal Nehru Medical College, Room 208 failed right before scheduled university guest lecture. Has happened previously as well.","Jawaharlal Nehru Medical College, Room 208",Arts Audio-Visual Equipment,high
Severe sparking from main distribution board,"Electric sparks and burning smell coming from the main switchboard near Faculty of Management Studies, Room 401. High risk of fire.","Faculty of Management Studies, Room 401",Estate Electrical Maintenance,urgent
"Electric shock from water cooler in Jawaharlal Nehru Medical College, Room 401",Students getting mild electric shock whenever touching the water cooler body. Please disconnect power immediately.,"Jawaharlal Nehru Medical College, Room 401",Estate Electrical Maintenance,urgent
Window glass pane cracked and rattling in wind,"Urgent attention needed. One of the glass window panes in Faculty of Agricultural Sciences, Room Seminar Hall is cracked across the middle and needs glazing replacement. Please send maintenance technician as soon as possible.","Faculty of Agricultural Sciences, Room Seminar Hall",Estate Carpentry,normal
Heavy water leakage soaking library reference book section,"Student grievance submitted. Rainwater leaking through roof directly above rare journals and reference racks in Sir Ziauddin Hall, Room Wing B. Has happened previously as well.","Sir Ziauddin Hall, Room Wing B",Central Library Reading Room Maintenance,high
"Hostel mess water purifier broken, no drinking water","Reported by resident students. Commercial RO water filter at Bibi Fatima Hall, Room 312 has stopped dispensing clean drinking water. Students forced to buy bottles. Ongoing for several hours.","Bibi Fatima Hall, Room 312",Hostel Water Supply,high
Main water storage tank overflowing continuously onto roof,"Affecting regular classes. Overhead tank motor is not auto-shutting off, thousands of liters of clean water spilling from Faculty of Law, Room 101. Kindly inspect and rectify.","Faculty of Law, Room 101",Estate Plumbing,high
Floor tiles have minor scuff marks near doorway,"Scuff marks from moved equipment near the lab entrance at Jawaharlal Nehru Medical College, Room Seminar Hall. Needs routine buffing.","Jawaharlal Nehru Medical College, Room Seminar Hall",Estate Civil Works,low
"Hostel mess water purifier broken, no drinking water","Commercial RO water filter at Begum Sultan Jahan Hall, Room 202 has stopped dispensing clean drinking water. Students forced to buy bottles.","Begum Sultan Jahan Hall, Room 202",Hostel Water Supply,high
Main water storage tank overflowing continuously onto roof,"Urgent attention needed. Overhead tank motor is not auto-shutting off, thousands of liters of clean water spilling from Central Library, Room 312. Please send maintenance technician as soon as possible.","Central Library, Room 312",Estate Plumbing,high
"Key server gateway unreachable, semester results page down","Urgent attention needed. Core department web server in Central Library, Room Wing B is unresponsive (HTTP 502). Students cannot download admit cards. Please send maintenance technician as soon as possible.","Central Library, Room Wing B",IT Software & Portals,high
Exposed live electrical cable lying on floor,"Urgent attention needed. A thick live wire has fallen down near Faculty of Commerce, Room 401 with sparks visible. Extremely dangerous for passing students. Please send maintenance technician as soon as possible.","Faculty of Commerce, Room 401",Estate Electrical Maintenance,urgent
Floor tiles have minor scuff marks near doorway,"Student grievance submitted. Scuff marks from moved equipment near the lab entrance at Jawaharlal Nehru Medical College, Room Wing B. Needs routine buffing. Has happened previously as well.","Jawaharlal Nehru Medical College, Room Wing B",Estate Civil Works,low
Window glass pane cracked and rattling in wind,"Affecting regular classes. One of the glass window panes in Faculty of Management Studies, Room 312 is cracked across the middle and needs glazing replacement. Kindly inspect and rectify.","Faculty of Management Studies, Room 312",Estate Carpentry,normal
Classroom whiteboard frame loose on wall,"Affecting regular classes. The wall mounting brackets on the left side of the marker board in Faculty of Arts, Room Lab 2 have come unscrewed. Kindly inspect and rectify.","Faculty of Arts, Room Lab 2",Arts Classroom Furniture,normal
"Hostel mess water purifier broken, no drinking water","Urgent attention needed. Commercial RO water filter at Begum Sultan Jahan Hall, Room Lab 2 has stopped dispensing clean drinking water. Students forced to buy bottles. Please send maintenance technician as soon as possible.","Begum Sultan Jahan Hall, Room Lab 2",Hostel Water Supply,high
Short circuit sparked inside hostel room,"Affecting regular classes. Sparking occurred in ceiling fan wiring in Begum Sultan Jahan Hall, Room Wing B, circuit breaker tripped and smoke filled the room. Kindly inspect and rectify.","Begum Sultan Jahan Hall, Room Wing B",Hostel Room Maintenance,urgent
Classroom whiteboard frame loose on wall,"Student grievance submitted. The wall mounting brackets on the left side of the marker board in Zakir Husain College of Engg & Tech, Room Seminar Hall have come unscrewed. Has happened previously as well.","Zakir Husain College of Engg & Tech, Room Seminar Hall",Arts Classroom Furniture,normal
Water cooler temperature sensor not chilling,"Urgent attention needed. The drinking water cooler in Sir Ziauddin Hall, Room Wing B is dispensing room-temperature water even though power is on. Please send maintenance technician as soon as possible.","Sir Ziauddin Hall, Room Wing B",Hostel Water Supply,normal
Central air conditioning failure in critical computer lab,"Reported by resident students. All 40 desktop computers shutting down due to thermal throttling after AC units stopped in Zakir Husain College of Engg & Tech, Room 312. Ongoing for several hours.","Zakir Husain College of Engg & Tech, Room 312",Commerce Computer Lab Equipment,high
LAN port connector loose in computer desk,"Student grievance submitted. Ethernet RJ45 wall jack at desk 14 in Central Library, Room 202 has a broken clip and disconnects whenever the wire moves. Has happened previously as well.","Central Library, Room 202",IT Network & Connectivity,normal
Door stopper rubber missing on main entrance,"Student grievance submitted. The floor door stopper rubber pad in Faculty of Law, Room 208 has worn away, causing the door to knock against wall. Has happened previously as well.","Faculty of Law, Room 208",Estate Carpentry,low
Window glass pane cracked and rattling in wind,"Reported by resident students. One of the glass window panes in Faculty of Arts, Room Lab 2 is cracked across the middle and needs glazing replacement. Ongoing for several hours.","Faculty of Arts, Room Lab 2",Estate Carpentry,normal
Curtain bracket slightly bent in seminar room,"Affecting regular classes. One of the curtain rod brackets near the front window in Faculty of Commerce, Room Lab 2 is slightly tilted. Kindly inspect and rectify.","Faculty of Commerce, Room Lab 2",Arts Classroom Furniture,low
Ceiling fan making loud rattling noise in room,"Student grievance submitted. The ceiling fan in Mohammad Habib Hall, Room 208 vibrates excessively and produces squeaking sound when set above speed 2. Has happened previously as well.","Mohammad Habib Hall, Room 208",Hostel Room Maintenance,normal
Printer paper jam roller error in department office,"Urgent attention needed. Office multi-function laser printer in Faculty of Commerce, Room Wing B jams paper on every double-sided print job. Please send maintenance technician as soon as possible.","Faculty of Commerce, Room Wing B",Commerce Office Equipment,normal
Notice board velvet cloth faded and torn,"Affecting regular classes. The pinning board outside room Faculty of Social Sciences, Room 101 has worn-out fabric with old pin marks. Kindly inspect and rectify.","Faculty of Social Sciences, Room 101",Arts Departmental Office,low
Central air conditioning failure in critical computer lab,"All 40 desktop computers shutting down due to thermal throttling after AC units stopped in Faculty of Management Studies, Room 305.","Faculty of Management Studies, Room 305",Commerce Computer Lab Equipment,high
Main water pipeline burst flooding corridor,"Main high pressure water pipe burst in Sir Syed Hall (South), Room Wing B, water rushing into ground floor rooms and near power sockets.","Sir Syed Hall (South), Room Wing B",Hostel Water Supply,urgent
"Key server gateway unreachable, semester results page down","Affecting regular classes. Core department web server in Faculty of Arts, Room 305 is unresponsive (HTTP 502). Students cannot download admit cards. Kindly inspect and rectify.","Faculty of Arts, Room 305",IT Software & Portals,high
Washroom tap dripping continuously,"The basin tap in Central Library, Room 305 cannot be shut tight and drips water constantly, wasting clean water.","Central Library, Room 305",Estate Plumbing,normal
Chemical spill in chemistry laboratory,"Reported by resident students. Concentrated acid bottle broke on lab floor in Faculty of Commerce, Room Wing B, releasing pungent toxic fumes. Area needs hazmat clearing. Ongoing for several hours.","Faculty of Commerce, Room Wing B",Science Chemical Safety,urgent
Ceiling plaster slab collapsed in classroom,"Affecting regular classes. A large heavy chunk of concrete plaster fell from the ceiling onto desks in Faculty of Science, Room 305. Luckily no student was under it. Kindly inspect and rectify.","Faculty of Science, Room 305",Estate Civil Works,urgent
Door stopper rubber missing on main entrance,"Student grievance submitted. The floor door stopper rubber pad in Central Library, Room 305 has worn away, causing the door to knock against wall. Has happened previously as well.","Central Library, Room 305",Estate Carpentry,low
Campus Wi-Fi and portal completely inaccessible before exam deadline,"Reported by resident students. Wi-Fi access points across Faculty of Arts, Room 202 are dropping all connections. Students unable to access student portal. Ongoing for several hours.","Faculty of Arts, Room 202",IT Network & Connectivity,high
Water cooler temperature sensor not chilling,"Reported by resident students. The drinking water cooler in Allama Iqbal Boarding House, Room 305 is dispensing room-temperature water even though power is on. Ongoing for several hours.","Allama Iqbal Boarding House, Room 305",Hostel Water Supply,normal
Drainage slow in laboratory sink basin,"Affecting regular classes. Water drains very slowly in wash basin 3 of Faculty of Law, Room Wing B. Probably choked with residue. Kindly inspect and rectify.","Faculty of Law, Room Wing B",Science Laboratory Equipment,normal
Notice board velvet cloth faded and torn,"Urgent attention needed. The pinning board outside room Jawaharlal Nehru Medical College, Room 305 has worn-out fabric with old pin marks. Please send maintenance technician as soon as possible.","Jawaharlal Nehru Medical College, Room 305",Arts Departmental Office,low
Severe flooding entering basement electrical room,"Affecting regular classes. Heavy rainwater gushing into electrical transformer room in basement of Faculty of Agricultural Sciences, Room 401. Kindly inspect and rectify.","Faculty of Agricultural Sciences, Room 401",Estate Civil Works,urgent
Complete power outage in academic block during lectures,"Reported by resident students. Power has gone out completely in entire Faculty of Agricultural Sciences, Room Wing B building. Inverters are not backing up the lighting. Ongoing for several hours.","Faculty of Agricultural Sciences, Room Wing B",Estate Electrical Maintenance,high
Sewage line overflow flooding hostel entrance corridor,"Drainage backflow is spilling foul-smelling sewage across the main walking pathway of Mohammad Habib Hall, Room 104.","Mohammad Habib Hall, Room 104",Hostel Sanitation,high
Sewage line overflow flooding hostel entrance corridor,"Affecting regular classes. Drainage backflow is spilling foul-smelling sewage across the main walking pathway of Mohammad Habib Hall, Room 202. Kindly inspect and rectify.","Mohammad Habib Hall, Room 202",Hostel Sanitation,high
Window glass pane cracked and rattling in wind,"Affecting regular classes. One of the glass window panes in Faculty of Life Sciences, Room 401 is cracked across the middle and needs glazing replacement. Kindly inspect and rectify.","Faculty of Life Sciences, Room 401",Estate Carpentry,normal
"Hostel mess water purifier broken, no drinking water","Student grievance submitted. Commercial RO water filter at Dr. B.R. Ambedkar Hall, Room 101 has stopped dispensing clean drinking water. Students forced to buy bottles. Has happened previously as well.","Dr. B.R. Ambedkar Hall, Room 101",Hostel Water Supply,high
"Key server gateway unreachable, semester results page down","Core department web server in Faculty of Management Studies, Room Seminar Hall is unresponsive (HTTP 502). Students cannot download admit cards.","Faculty of Management Studies, Room Seminar Hall",IT Software & Portals,high
Chemical spill in chemistry laboratory,"Concentrated acid bottle broke on lab floor in Central Library, Room 101, releasing pungent toxic fumes. Area needs hazmat clearing.","Central Library, Room 101",Science Chemical Safety,urgent
Tubelight fused in study room,"Student grievance submitted. The tube light fixture in Faculty of Life Sciences, Room 312 has stopped turning on. Choke or starter might need replacement. Has happened previously as well.","Faculty of Life Sciences, Room 312",Estate Electrical Maintenance,normal
Tubelight fused in study room,"Reported by resident students. The tube light fixture in Zakir Husain College of Engg & Tech, Room Seminar Hall has stopped turning on. Choke or starter might need replacement. Ongoing for several hours.","Zakir Husain College of Engg & Tech, Room Seminar Hall",Estate Electrical Maintenance,normal
Ceiling fan making loud rattling noise in room,"Affecting regular classes. The ceiling fan in Aftab Hall, Room Lab 2 vibrates excessively and produces squeaking sound when set above speed 2. Kindly inspect and rectify.","Aftab Hall, Room Lab 2",Hostel Room Maintenance,normal
Drainage slow in laboratory sink basin,"Urgent attention needed. Water drains very slowly in wash basin 3 of Faculty of Science, Room 101. Probably choked with residue. Please send maintenance technician as soon as possible.","Faculty of Science, Room 101",Science Laboratory Equipment,normal
"Key server gateway unreachable, semester results page down","Affecting regular classes. Core department web server in Faculty of Life Sciences, Room Seminar Hall is unresponsive (HTTP 502). Students cannot download admit cards. Kindly inspect and rectify.","Faculty of Life Sciences, Room Seminar Hall",IT Software & Portals,high
Request for pest control spray in garden flowerbeds,"Urgent attention needed. Routine seasonal insect repellent spray requested for hedges surrounding Central Library, Room 202. Please send maintenance technician as soon as possible.","Central Library, Room 202",Agricultural Infrastructure,low
Ceiling plaster slab collapsed in classroom,"Reported by resident students. A large heavy chunk of concrete plaster fell from the ceiling onto desks in Faculty of Agricultural Sciences, Room 305. Luckily no student was under it. Ongoing for several hours.","Faculty of Agricultural Sciences, Room 305",Estate Civil Works,urgent
Sewage line overflow flooding hostel entrance corridor,"Urgent attention needed. Drainage backflow is spilling foul-smelling sewage across the main walking pathway of Begum Azeezun Nisa Hall, Room Seminar Hall. Please send maintenance technician as soon as possible.","Begum Azeezun Nisa Hall, Room Seminar Hall",Hostel Sanitation,high
Severe sparking from main distribution board,"Student grievance submitted. Electric sparks and burning smell coming from the main switchboard near Faculty of Science, Room 202. High risk of fire. Has happened previously as well.","Faculty of Science, Room 202",Estate Electrical Maintenance,urgent
Central air conditioning failure in critical computer lab,"Urgent attention needed. All 40 desktop computers shutting down due to thermal throttling after AC units stopped in Jawaharlal Nehru Medical College, Room Wing B. Please send maintenance technician as soon as possible.","Jawaharlal Nehru Medical College, Room Wing B",Commerce Computer Lab Equipment,high
"Hostel mess water purifier broken, no drinking water","Urgent attention needed. Commercial RO water filter at Ross Masood Hall, Room 401 has stopped dispensing clean drinking water. Students forced to buy bottles. Please send maintenance technician as soon as possible.","Ross Masood Hall, Room 401",Hostel Water Supply,high
Washroom tap dripping continuously,"Urgent attention needed. The basin tap in Zakir Husain College of Engg & Tech, Room 202 cannot be shut tight and drips water constantly, wasting clean water. Please send maintenance technician as soon as possible.","Zakir Husain College of Engg & Tech, Room 202",Estate Plumbing,normal
Central air conditioning failure in critical computer lab,"Urgent attention needed. All 40 desktop computers shutting down due to thermal throttling after AC units stopped in Faculty of Social Sciences, Room 401. Please send maintenance technician as soon as possible.","Faculty of Social Sciences, Room 401",Commerce Computer Lab Equipment,high
Door stopper rubber missing on main entrance,"Student grievance submitted. The floor door stopper rubber pad in Central Library, Room 305 has worn away, causing the door to knock against wall. Has happened previously as well.","Central Library, Room 305",Estate Carpentry,low
Ceiling fan making loud rattling noise in room,"Reported by resident students. The ceiling fan in Indira Gandhi Hall, Room Lab 2 vibrates excessively and produces squeaking sound when set above speed 2. Ongoing for several hours.","Indira Gandhi Hall, Room Lab 2",Hostel Room Maintenance,normal
Severe sparking from main distribution board,"Affecting regular classes. Electric sparks and burning smell coming from the main switchboard near Faculty of Commerce, Room Lab 2. High risk of fire. Kindly inspect and rectify.","Faculty of Commerce, Room Lab 2",Estate Electrical Maintenance,urgent
LAN port connector loose in computer desk,"Reported by resident students. Ethernet RJ45 wall jack at desk 14 in Faculty of Arts, Room 312 has a broken clip and disconnects whenever the wire moves. Ongoing for several hours.","Faculty of Arts, Room 312",IT Network & Connectivity,normal
Wall paint peeling off in corridor corner,"Urgent attention needed. Some paint plaster is flaking off near the stairwell notice board of Faculty of Law, Room 312. Needs a patch coat. Please send maintenance technician as soon as possible.","Faculty of Law, Room 312",Estate Civil Works,low
"Hostel mess water purifier broken, no drinking water","Affecting regular classes. Commercial RO water filter at Dr. B.R. Ambedkar Hall, Room 101 has stopped dispensing clean drinking water. Students forced to buy bottles. Kindly inspect and rectify.","Dr. B.R. Ambedkar Hall, Room 101",Hostel Water Supply,high
Notice board velvet cloth faded and torn,"Urgent attention needed. The pinning board outside room Faculty of Law, Room Wing B has worn-out fabric with old pin marks. Please send maintenance technician as soon as possible.","Faculty of Law, Room Wing B",Arts Departmental Office,low
Water cooler temperature sensor not chilling,"The drinking water cooler in Sarojini Naidu Hall, Room Wing B is dispensing room-temperature water even though power is on.","Sarojini Naidu Hall, Room Wing B",Hostel Water Supply,normal
Keypad letters worn off on library public search terminal,"Urgent attention needed. The keyboard letters E, T, and N are faded on the catalog computer in Faculty of Commerce, Room 401. Please send maintenance technician as soon as possible.","Faculty of Commerce, Room 401",Central Library Services,low
Drainage slow in laboratory sink basin,"Reported by resident students. Water drains very slowly in wash basin 3 of Faculty of Law, Room 208. Probably choked with residue. Ongoing for several hours.","Faculty of Law, Room 208",Science Laboratory Equipment,normal
"Electric shock from water cooler in Central Library, Room 401",Reported by resident students. Students getting mild electric shock whenever touching the water cooler body. Please disconnect power immediately. Ongoing for several hours.,"Central Library, Room 401",Estate Electrical Maintenance,urgent
Floor tiles have minor scuff marks near doorway,"Scuff marks from moved equipment near the lab entrance at Faculty of Agricultural Sciences, Room 312. Needs routine buffing.","Faculty of Agricultural Sciences, Room 312",Estate Civil Works,low
Window blind pull cord slightly frayed,"Reported by resident students. The nylon pull cord for the roller blind in Begum Sultan Jahan Hall, Room 101 has frayed threads near the bottom tassel. Ongoing for several hours.","Begum Sultan Jahan Hall, Room 101",Hostel Room Maintenance,low
Window glass pane cracked and rattling in wind,"Student grievance submitted. One of the glass window panes in Faculty of Law, Room 202 is cracked across the middle and needs glazing replacement. Has happened previously as well.","Faculty of Law, Room 202",Estate Carpentry,normal
Floor tiles have minor scuff marks near doorway,"Urgent attention needed. Scuff marks from moved equipment near the lab entrance at Faculty of Law, Room 101. Needs routine buffing. Please send maintenance technician as soon as possible.","Faculty of Law, Room 101",Estate Civil Works,low
Main water storage tank overflowing continuously onto roof,"Urgent attention needed. Overhead tank motor is not auto-shutting off, thousands of liters of clean water spilling from Faculty of Law, Room Wing B. Please send maintenance technician as soon as possible.","Faculty of Law, Room Wing B",Estate Plumbing,high
Short circuit sparked inside hostel room,"Affecting regular classes. Sparking occurred in ceiling fan wiring in Bibi Fatima Hall, Room 104, circuit breaker tripped and smoke filled the room. Kindly inspect and rectify.","Bibi Fatima Hall, Room 104",Hostel Room Maintenance,urgent
Classroom whiteboard frame loose on wall,"Affecting regular classes. The wall mounting brackets on the left side of the marker board in Faculty of Life Sciences, Room Lab 2 have come unscrewed. Kindly inspect and rectify.","Faculty of Life Sciences, Room Lab 2",Arts Classroom Furniture,normal
Heavy water leakage soaking library reference book section,"Affecting regular classes. Rainwater leaking through roof directly above rare journals and reference racks in Aftab Hall, Room Wing B. Kindly inspect and rectify.","Aftab Hall, Room Wing B",Central Library Reading Room Maintenance,high
Tubelight fused in study room,"The tube light fixture in Faculty of Science, Room Wing B has stopped turning on. Choke or starter might need replacement.","Faculty of Science, Room Wing B",Estate Electrical Maintenance,normal
LAN port connector loose in computer desk,"Student grievance submitted. Ethernet RJ45 wall jack at desk 14 in Zakir Husain College of Engg & Tech, Room 312 has a broken clip and disconnects whenever the wire moves. Has happened previously as well.","Zakir Husain College of Engg & Tech, Room 312",IT Network & Connectivity,normal
Severe sparking from main distribution board,"Urgent attention needed. Electric sparks and burning smell coming from the main switchboard near Faculty of Management Studies, Room Seminar Hall. High risk of fire. Please send maintenance technician as soon as possible.","Faculty of Management Studies, Room Seminar Hall",Estate Electrical Maintenance,urgent
Wall paint peeling off in corridor corner,"Urgent attention needed. Some paint plaster is flaking off near the stairwell notice board of Faculty of Agricultural Sciences, Room 305. Needs a patch coat. Please send maintenance technician as soon as possible.","Faculty of Agricultural Sciences, Room 305",Estate Civil Works,low
LAN port connector loose in computer desk,"Urgent attention needed. Ethernet RJ45 wall jack at desk 14 in Central Library, Room 401 has a broken clip and disconnects whenever the wire moves. Please send maintenance technician as soon as possible.","Central Library, Room 401",IT Network & Connectivity,normal
Water cooler temperature sensor not chilling,"Urgent attention needed. The drinking water cooler in Mohsinul Mulk Hall, Room Seminar Hall is dispensing room-temperature water even though power is on. Please send maintenance technician as soon as possible.","Mohsinul Mulk Hall, Room Seminar Hall",Hostel Water Supply,normal
Door lock latch jammed from inside,"Urgent attention needed. The mortise door lock of Central Library, Room 208 is sticking and difficult to turn with the key. Needs oiling or realignment. Please send maintenance technician as soon as possible.","Central Library, Room 208",Estate Carpentry,normal
Door stopper rubber missing on main entrance,"Reported by resident students. The floor door stopper rubber pad in Faculty of Social Sciences, Room 101 has worn away, causing the door to knock against wall. Ongoing for several hours.","Faculty of Social Sciences, Room 101",Estate Carpentry,low
"Hostel mess water purifier broken, no drinking water","Reported by resident students. Commercial RO water filter at Begum Azeezun Nisa Hall, Room Wing B has stopped dispensing clean drinking water. Students forced to buy bottles. Ongoing for several hours.","Begum Azeezun Nisa Hall, Room Wing B",Hostel Water Supply,high
Request for additional waste bin near lawn bench,"Affecting regular classes. Students sitting near the garden area outside Viqarul Mulk Hall, Room 312 request an extra trash bin to keep grounds clean. Kindly inspect and rectify.","Viqarul Mulk Hall, Room 312",Hostel Sanitation,low
Ceiling plaster slab collapsed in classroom,"A large heavy chunk of concrete plaster fell from the ceiling onto desks in Zakir Husain College of Engg & Tech, Room 401. Luckily no student was under it.","Zakir Husain College of Engg & Tech, Room 401",Estate Civil Works,urgent
"Electric shock from water cooler in Central Library, Room 401",Urgent attention needed. Students getting mild electric shock whenever touching the water cooler body. Please disconnect power immediately. Please send maintenance technician as soon as possible.,"Central Library, Room 401",Estate Electrical Maintenance,urgent
Severe sparking from main distribution board,"Reported by resident students. Electric sparks and burning smell coming from the main switchboard near Zakir Husain College of Engg & Tech, Room Seminar Hall. High risk of fire. Ongoing for several hours.","Zakir Husain College of Engg & Tech, Room Seminar Hall",Estate Electrical Maintenance,urgent
Washroom tap dripping continuously,"Urgent attention needed. The basin tap in Faculty of Agricultural Sciences, Room 101 cannot be shut tight and drips water constantly, wasting clean water. Please send maintenance technician as soon as possible.","Faculty of Agricultural Sciences, Room 101",Estate Plumbing,normal
Tubelight fused in study room,"Affecting regular classes. The tube light fixture in Faculty of Social Sciences, Room Wing B has stopped turning on. Choke or starter might need replacement. Kindly inspect and rectify.","Faculty of Social Sciences, Room Wing B",Estate Electrical Maintenance,normal
Window blind pull cord slightly frayed,"Affecting regular classes. The nylon pull cord for the roller blind in Aftab Hall, Room Lab 2 has frayed threads near the bottom tassel. Kindly inspect and rectify.","Aftab Hall, Room Lab 2",Hostel Room Maintenance,low
Heavy water leakage soaking library reference book section,"Affecting regular classes. Rainwater leaking through roof directly above rare journals and reference racks in Aftab Hall, Room Wing B. Kindly inspect and rectify.","Aftab Hall, Room Wing B",Central Library Reading Room Maintenance,high
Main gate barrier collapsed blocking emergency ambulance access,"Urgent attention needed. Heavy security gate broke and fell across the road at Faculty of Law, Room 305, blocking vehicular entrance completely. Please send maintenance technician as soon as possible.","Faculty of Law, Room 305",Campus Security,urgent
Ceiling fan making loud rattling noise in room,"Urgent attention needed. The ceiling fan in Sir Syed Hall (South), Room Seminar Hall vibrates excessively and produces squeaking sound when set above speed 2. Please send maintenance technician as soon as possible.","Sir Syed Hall (South), Room Seminar Hall",Hostel Room Maintenance,normal
Smoke coming from server rack in computer lab,"Dense white smoke and burning plastic odor coming from server room at Jawaharlal Nehru Medical College, Room Lab 2. Immediate fire hazard.","Jawaharlal Nehru Medical College, Room Lab 2",Engineering Computer Systems,urgent
Keypad letters worn off on library public search terminal,"Affecting regular classes. The keyboard letters E, T, and N are faded on the catalog computer in Faculty of Commerce, Room 202. Kindly inspect and rectify.","Faculty of Commerce, Room 202",Central Library Services,low
"Electric shock from water cooler in Jawaharlal Nehru Medical College, Room Seminar Hall",Urgent attention needed. Students getting mild electric shock whenever touching the water cooler body. Please disconnect power immediately. Please send maintenance technician as soon as possible.,"Jawaharlal Nehru Medical College, Room Seminar Hall",Estate Electrical Maintenance,urgent
LAN port connector loose in computer desk,"Affecting regular classes. Ethernet RJ45 wall jack at desk 14 in Faculty of Social Sciences, Room Seminar Hall has a broken clip and disconnects whenever the wire moves. Kindly inspect and rectify.","Faculty of Social Sciences, Room Seminar Hall",IT Network & Connectivity,normal
Curtain bracket slightly bent in seminar room,"Urgent attention needed. One of the curtain rod brackets near the front window in Faculty of Commerce, Room Seminar Hall is slightly tilted. Please send maintenance technician as soon as possible.","Faculty of Commerce, Room Seminar Hall",Arts Classroom Furniture,low
Main water storage tank overflowing continuously onto roof,"Student grievance submitted. Overhead tank motor is not auto-shutting off, thousands of liters of clean water spilling from Faculty of Commerce, Room 312. Has happened previously as well.","Faculty of Commerce, Room 312",Estate Plumbing,high
Ceiling plaster slab collapsed in classroom,"Reported by resident students. A large heavy chunk of concrete plaster fell from the ceiling onto desks in Faculty of Social Sciences, Room Lab 2. Luckily no student was under it. Ongoing for several hours.","Faculty of Social Sciences, Room Lab 2",Estate Civil Works,urgent
Sewage line overflow flooding hostel entrance corridor,"Student grievance submitted. Drainage backflow is spilling foul-smelling sewage across the main walking pathway of Begum Sultan Jahan Hall, Room Seminar Hall. Has happened previously as well.","Begum Sultan Jahan Hall, Room Seminar Hall",Hostel Sanitation,high
Ceiling fan making loud rattling noise in room,"Affecting regular classes. The ceiling fan in Sir Syed Hall (South), Room Wing B vibrates excessively and produces squeaking sound when set above speed 2. Kindly inspect and rectify.","Sir Syed Hall (South), Room Wing B",Hostel Room Maintenance,normal
Ceiling fan making loud rattling noise in room,"Affecting regular classes. The ceiling fan in Mohsinul Mulk Hall, Room 208 vibrates excessively and produces squeaking sound when set above speed 2. Kindly inspect and rectify.","Mohsinul Mulk Hall, Room 208",Hostel Room Maintenance,normal
Chemical spill in chemistry laboratory,"Concentrated acid bottle broke on lab floor in Faculty of Arts, Room 312, releasing pungent toxic fumes. Area needs hazmat clearing.","Faculty of Arts, Room 312",Science Chemical Safety,urgent
Washroom tap dripping continuously,"Student grievance submitted. The basin tap in Jawaharlal Nehru Medical College, Room 305 cannot be shut tight and drips water constantly, wasting clean water. Has happened previously as well.","Jawaharlal Nehru Medical College, Room 305",Estate Plumbing,normal
"Key server gateway unreachable, semester results page down","Reported by resident students. Core department web server in Faculty of Law, Room 101 is unresponsive (HTTP 502). Students cannot download admit cards. Ongoing for several hours.","Faculty of Law, Room 101",IT Software & Portals,high
Request for additional waste bin near lawn bench,"Student grievance submitted. Students sitting near the garden area outside Indira Gandhi Hall, Room 202 request an extra trash bin to keep grounds clean. Has happened previously as well.","Indira Gandhi Hall, Room 202",Hostel Sanitation,low
Smoke coming from server rack in computer lab,"Reported by resident students. Dense white smoke and burning plastic odor coming from server room at Faculty of Management Studies, Room 208. Immediate fire hazard. Ongoing for several hours.","Faculty of Management Studies, Room 208",Engineering Computer Systems,urgent
Chemical spill in chemistry laboratory,"Urgent attention needed. Concentrated acid bottle broke on lab floor in Faculty of Law, Room 312, releasing pungent toxic fumes. Area needs hazmat clearing. Please send maintenance technician as soon as possible.","Faculty of Law, Room 312",Science Chemical Safety,urgent
Keypad letters worn off on library public search terminal,"Reported by resident students. The keyboard letters E, T, and N are faded on the catalog computer in Faculty of Social Sciences, Room 202. Ongoing for several hours.","Faculty of Social Sciences, Room 202",Central Library Services,low
Window glass pane cracked and rattling in wind,"One of the glass window panes in Faculty of Agricultural Sciences, Room 202 is cracked across the middle and needs glazing replacement.","Faculty of Agricultural Sciences, Room 202",Estate Carpentry,normal
Sewage line overflow flooding hostel entrance corridor,"Urgent attention needed. Drainage backflow is spilling foul-smelling sewage across the main walking pathway of Allama Iqbal Boarding House, Room Lab 2. Please send maintenance technician as soon as possible.","Allama Iqbal Boarding House, Room Lab 2",Hostel Sanitation,high
Complete power outage in academic block during lectures,"Urgent attention needed. Power has gone out completely in entire Faculty of Life Sciences, Room Lab 2 building. Inverters are not backing up the lighting. Please send maintenance technician as soon as possible.","Faculty of Life Sciences, Room Lab 2",Estate Electrical Maintenance,high
Campus Wi-Fi and portal completely inaccessible before exam deadline,"Wi-Fi access points across Central Library, Room Seminar Hall are dropping all connections. Students unable to access student portal.","Central Library, Room Seminar Hall",IT Network & Connectivity,high
Severe sparking from main distribution board,"Urgent attention needed. Electric sparks and burning smell coming from the main switchboard near Faculty of Life Sciences, Room 305. High risk of fire. Please send maintenance technician as soon as possible.","Faculty of Life Sciences, Room 305",Estate Electrical Maintenance,urgent
No water supply in entire hostel wing since morning,"Urgent attention needed. All washrooms and taps in Hadi Hasan Hall, Room 208 have zero running water for past 12 hours. Over 100 resident students affected. Please send maintenance technician as soon as possible.","Hadi Hasan Hall, Room 208",Hostel Water Supply,high
Central air conditioning failure in critical computer lab,"All 40 desktop computers shutting down due to thermal throttling after AC units stopped in Jawaharlal Nehru Medical College, Room Seminar Hall.","Jawaharlal Nehru Medical College, Room Seminar Hall",Commerce Computer Lab Equipment,high
Request for additional waste bin near lawn bench,"Student grievance submitted. Students sitting near the garden area outside Aftab Hall, Room 305 request an extra trash bin to keep grounds clean. Has happened previously as well.","Aftab Hall, Room 305",Hostel Sanitation,low
Smoke coming from server rack in computer lab,"Student grievance submitted. Dense white smoke and burning plastic odor coming from server room at Zakir Husain College of Engg & Tech, Room 208. Immediate fire hazard. Has happened previously as well.","Zakir Husain College of Engg & Tech, Room 208",Engineering Computer Systems,urgent
Severe flooding entering basement electrical room,"Student grievance submitted. Heavy rainwater gushing into electrical transformer room in basement of Faculty of Management Studies, Room 208. Has happened previously as well.","Faculty of Management Studies, Room 208",Estate Civil Works,urgent
Floor tiles have minor scuff marks near doorway,"Urgent attention needed. Scuff marks from moved equipment near the lab entrance at Central Library, Room Seminar Hall. Needs routine buffing. Please send maintenance technician as soon as possible.","Central Library, Room Seminar Hall",Estate Civil Works,low
Window blind pull cord slightly frayed,"The nylon pull cord for the roller blind in Aftab Hall, Room Lab 2 has frayed threads near the bottom tassel.","Aftab Hall, Room Lab 2",Hostel Room Maintenance,low
LAN port connector loose in computer desk,"Ethernet RJ45 wall jack at desk 14 in Jawaharlal Nehru Medical College, Room Wing B has a broken clip and disconnects whenever the wire moves.","Jawaharlal Nehru Medical College, Room Wing B",IT Network & Connectivity,normal
Request for pest control spray in garden flowerbeds,"Student grievance submitted. Routine seasonal insect repellent spray requested for hedges surrounding Zakir Husain College of Engg & Tech, Room 101. Has happened previously as well.","Zakir Husain College of Engg & Tech, Room 101",Agricultural Infrastructure,low
Request for additional waste bin near lawn bench,"Students sitting near the garden area outside Sir Syed Hall (South), Room 401 request an extra trash bin to keep grounds clean.","Sir Syed Hall (South), Room 401",Hostel Sanitation,low
Request for additional waste bin near lawn bench,"Reported by resident students. Students sitting near the garden area outside Sir Shah Sulaiman Hall, Room 104 request an extra trash bin to keep grounds clean. Ongoing for several hours.","Sir Shah Sulaiman Hall, Room 104",Hostel Sanitation,low
Campus Wi-Fi and portal completely inaccessible before exam deadline,"Reported by resident students. Wi-Fi access points across Faculty of Management Studies, Room 305 are dropping all connections. Students unable to access student portal. Ongoing for several hours.","Faculty of Management Studies, Room 305",IT Network & Connectivity,high
"Key server gateway unreachable, semester results page down","Affecting regular classes. Core department web server in Faculty of Commerce, Room 305 is unresponsive (HTTP 502). Students cannot download admit cards. Kindly inspect and rectify.","Faculty of Commerce, Room 305",IT Software & Portals,high
Central air conditioning failure in critical computer lab,"All 40 desktop computers shutting down due to thermal throttling after AC units stopped in Faculty of Commerce, Room 104.","Faculty of Commerce, Room 104",Commerce Computer Lab Equipment,high
Sewage line overflow flooding hostel entrance corridor,"Student grievance submitted. Drainage backflow is spilling foul-smelling sewage across the main walking pathway of Begum Sultan Jahan Hall, Room Wing B. Has happened previously as well.","Begum Sultan Jahan Hall, Room Wing B",Hostel Sanitation,high
Central air conditioning failure in critical computer lab,"Affecting regular classes. All 40 desktop computers shutting down due to thermal throttling after AC units stopped in Faculty of Arts, Room Wing B. Kindly inspect and rectify.","Faculty of Arts, Room Wing B",Commerce Computer Lab Equipment,high
Window blind pull cord slightly frayed,"Urgent attention needed. The nylon pull cord for the roller blind in Aftab Hall, Room 202 has frayed threads near the bottom tassel. Please send maintenance technician as soon as possible.","Aftab Hall, Room 202",Hostel Room Maintenance,low
Short circuit sparked inside hostel room,"Student grievance submitted. Sparking occurred in ceiling fan wiring in Begum Azeezun Nisa Hall, Room 401, circuit breaker tripped and smoke filled the room. Has happened previously as well.","Begum Azeezun Nisa Hall, Room 401",Hostel Room Maintenance,urgent
Printer paper jam roller error in department office,"Urgent attention needed. Office multi-function laser printer in Faculty of Life Sciences, Room 305 jams paper on every double-sided print job. Please send maintenance technician as soon as possible.","Faculty of Life Sciences, Room 305",Commerce Office Equipment,normal
Main gate barrier collapsed blocking emergency ambulance access,"Reported by resident students. Heavy security gate broke and fell across the road at Faculty of Commerce, Room Seminar Hall, blocking vehicular entrance completely. Ongoing for several hours.","Faculty of Commerce, Room Seminar Hall",Campus Security,urgent
Complete power outage in academic block during lectures,"Power has gone out completely in entire Zakir Husain College of Engg & Tech, Room Wing B building. Inverters are not backing up the lighting.","Zakir Husain College of Engg & Tech, Room Wing B",Estate Electrical Maintenance,high
Wall paint peeling off in corridor corner,"Student grievance submitted. Some paint plaster is flaking off near the stairwell notice board of Faculty of Agricultural Sciences, Room 305. Needs a patch coat. Has happened previously as well.","Faculty of Agricultural Sciences, Room 305",Estate Civil Works,low
No water supply in entire hostel wing since morning,"Student grievance submitted. All washrooms and taps in Sir Syed Hall (North), Room 305 have zero running water for past 12 hours. Over 100 resident students affected. Has happened previously as well.","Sir Syed Hall (North), Room 305",Hostel Water Supply,high
Request for pest control spray in garden flowerbeds,"Student grievance submitted. Routine seasonal insect repellent spray requested for hedges surrounding Faculty of Life Sciences, Room 208. Has happened previously as well.","Faculty of Life Sciences, Room 208",Agricultural Infrastructure,low
Sewage line overflow flooding hostel entrance corridor,"Affecting regular classes. Drainage backflow is spilling foul-smelling sewage across the main walking pathway of Abdullah Hall, Room Wing B. Kindly inspect and rectify.","Abdullah Hall, Room Wing B",Hostel Sanitation,high
LPG gas cylinder leaking in dining kitchen,"Reported by resident students. Strong smell of cooking gas leaking near commercial burners in Abdullah Hall, Room 104 mess kitchen. Risk of explosion. Ongoing for several hours.","Abdullah Hall, Room 104",Hostel Sanitation,urgent
Window blind pull cord slightly frayed,"Urgent attention needed. The nylon pull cord for the roller blind in Abdullah Hall, Room Wing B has frayed threads near the bottom tassel. Please send maintenance technician as soon as possible.","Abdullah Hall, Room Wing B",Hostel Room Maintenance,low
Main water storage tank overflowing continuously onto roof,"Overhead tank motor is not auto-shutting off, thousands of liters of clean water spilling from Faculty of Science, Room 104.","Faculty of Science, Room 104",Estate Plumbing,high
Wall paint peeling off in corridor corner,"Affecting regular classes. Some paint plaster is flaking off near the stairwell notice board of Faculty of Science, Room 101. Needs a patch coat. Kindly inspect and rectify.","Faculty of Science, Room 101",Estate Civil Works,low
Window blind pull cord slightly frayed,"Affecting regular classes. The nylon pull cord for the roller blind in Aftab Hall, Room 101 has frayed threads near the bottom tassel. Kindly inspect and rectify.","Aftab Hall, Room 101",Hostel Room Maintenance,low
Window blind pull cord slightly frayed,"Student grievance submitted. The nylon pull cord for the roller blind in Abdullah Hall, Room 208 has frayed threads near the bottom tassel. Has happened previously as well.","Abdullah Hall, Room 208",Hostel Room Maintenance,low
Biohazard waste bin tipped over near patient entrance,"Reported by resident students. Infectious medical waste container overturned spilling used syringes and dressings near Faculty of Commerce, Room 208. Ongoing for several hours.","Faculty of Commerce, Room 208",JNMC Hospital Infrastructure,urgent
Request for additional waste bin near lawn bench,"Affecting regular classes. Students sitting near the garden area outside Abdullah Hall, Room 305 request an extra trash bin to keep grounds clean. Kindly inspect and rectify.","Abdullah Hall, Room 305",Hostel Sanitation,low
Campus Wi-Fi and portal completely inaccessible before exam deadline,"Reported by resident students. Wi-Fi access points across Faculty of Law, Room 104 are dropping all connections. Students unable to access student portal. Ongoing for several hours.","Faculty of Law, Room 104",IT Network & Connectivity,high
Campus Wi-Fi and portal completely inaccessible before exam deadline,"Urgent attention needed. Wi-Fi access points across Faculty of Commerce, Room 104 are dropping all connections. Students unable to access student portal. Please send maintenance technician as soon as possible.","Faculty of Commerce, Room 104",IT Network & Connectivity,high
"Electric shock from water cooler in Faculty of Life Sciences, Room Seminar Hall",Students getting mild electric shock whenever touching the water cooler body. Please disconnect power immediately.,"Faculty of Life Sciences, Room Seminar Hall",Estate Electrical Maintenance,urgent
Elevator stuck between floors with students inside,"Lift in Jawaharlal Nehru Medical College, Room 202 suddenly stopped between 2nd and 3rd floor. 4 students trapped inside with alarm ringing.","Jawaharlal Nehru Medical College, Room 202",Estate Civil Works,urgent
"Key server gateway unreachable, semester results page down","Reported by resident students. Core department web server in Faculty of Agricultural Sciences, Room 202 is unresponsive (HTTP 502). Students cannot download admit cards. Ongoing for several hours.","Faculty of Agricultural Sciences, Room 202",IT Software & Portals,high
Water cooler temperature sensor not chilling,"The drinking water cooler in Hadi Hasan Hall, Room 208 is dispensing room-temperature water even though power is on.","Hadi Hasan Hall, Room 208",Hostel Water Supply,normal
"Hostel mess water purifier broken, no drinking water","Reported by resident students. Commercial RO water filter at Sir Ziauddin Hall, Room 208 has stopped dispensing clean drinking water. Students forced to buy bottles. Ongoing for several hours.","Sir Ziauddin Hall, Room 208",Hostel Water Supply,high
Request for additional waste bin near lawn bench,"Reported by resident students. Students sitting near the garden area outside Sarojini Naidu Hall, Room 104 request an extra trash bin to keep grounds clean. Ongoing for several hours.","Sarojini Naidu Hall, Room 104",Hostel Sanitation,low
Main water storage tank overflowing continuously onto roof,"Urgent attention needed. Overhead tank motor is not auto-shutting off, thousands of liters of clean water spilling from Faculty of Law, Room Lab 2. Please send maintenance technician as soon as possible.","Faculty of Law, Room Lab 2",Estate Plumbing,high
Smoke coming from server rack in computer lab,"Student grievance submitted. Dense white smoke and burning plastic odor coming from server room at Faculty of Arts, Room Seminar Hall. Immediate fire hazard. Has happened previously as well.","Faculty of Arts, Room Seminar Hall",Engineering Computer Systems,urgent
Window blind pull cord slightly frayed,"Urgent attention needed. The nylon pull cord for the roller blind in Allama Iqbal Boarding House, Room Lab 2 has frayed threads near the bottom tassel. Please send maintenance technician as soon as possible.","Allama Iqbal Boarding House, Room Lab 2",Hostel Room Maintenance,low
Severe sparking from main distribution board,"Electric sparks and burning smell coming from the main switchboard near Faculty of Social Sciences, Room Lab 2. High risk of fire.","Faculty of Social Sciences, Room Lab 2",Estate Electrical Maintenance,urgent
"Hostel mess water purifier broken, no drinking water","Reported by resident students. Commercial RO water filter at Sir Ziauddin Hall, Room 305 has stopped dispensing clean drinking water. Students forced to buy bottles. Ongoing for several hours.","Sir Ziauddin Hall, Room 305",Hostel Water Supply,high
Sewage line overflow flooding hostel entrance corridor,"Affecting regular classes. Drainage backflow is spilling foul-smelling sewage across the main walking pathway of Dr. B.R. Ambedkar Hall, Room 312. Kindly inspect and rectify.","Dr. B.R. Ambedkar Hall, Room 312",Hostel Sanitation,high
Minor squeaking in library wooden chair,"Student grievance submitted. Two wooden reading chairs at table 4 in Faculty of Life Sciences, Room Seminar Hall squeak when sitting down. Has happened previously as well.","Faculty of Life Sciences, Room Seminar Hall",Central Library Services,low
Window glass pane cracked and rattling in wind,"Student grievance submitted. One of the glass window panes in Jawaharlal Nehru Medical College, Room 208 is cracked across the middle and needs glazing replacement. Has happened previously as well.","Jawaharlal Nehru Medical College, Room 208",Estate Carpentry,normal
No water supply in entire hostel wing since morning,"Affecting regular classes. All washrooms and taps in NRSC, Room 202 have zero running water for past 12 hours. Over 100 resident students affected. Kindly inspect and rectify.","NRSC, Room 202",Hostel Water Supply,high
LAN port connector loose in computer desk,"Ethernet RJ45 wall jack at desk 14 in Faculty of Law, Room 202 has a broken clip and disconnects whenever the wire moves.","Faculty of Law, Room 202",IT Network & Connectivity,normal
Tubelight fused in study room,"Student grievance submitted. The tube light fixture in Faculty of Science, Room 202 has stopped turning on. Choke or starter might need replacement. Has happened previously as well.","Faculty of Science, Room 202",Estate Electrical Maintenance,normal
Classroom whiteboard frame loose on wall,"Student grievance submitted. The wall mounting brackets on the left side of the marker board in Jawaharlal Nehru Medical College, Room Seminar Hall have come unscrewed. Has happened previously as well.","Jawaharlal Nehru Medical College, Room Seminar Hall",Arts Classroom Furniture,normal
Door lock latch jammed from inside,"The mortise door lock of Faculty of Science, Room Lab 2 is sticking and difficult to turn with the key. Needs oiling or realignment.","Faculty of Science, Room Lab 2",Estate Carpentry,normal
Minor squeaking in library wooden chair,"Two wooden reading chairs at table 4 in Zakir Husain College of Engg & Tech, Room 208 squeak when sitting down.","Zakir Husain College of Engg & Tech, Room 208",Central Library Services,low
Elevator stuck between floors with students inside,"Urgent attention needed. Lift in Faculty of Life Sciences, Room Wing B suddenly stopped between 2nd and 3rd floor. 4 students trapped inside with alarm ringing. Please send maintenance technician as soon as possible.","Faculty of Life Sciences, Room Wing B",Estate Civil Works,urgent
Sewage line overflow flooding hostel entrance corridor,"Reported by resident students. Drainage backflow is spilling foul-smelling sewage across the main walking pathway of Mohammad Habib Hall, Room Wing B. Ongoing for several hours.","Mohammad Habib Hall, Room Wing B",Hostel Sanitation,high
Floor tiles have minor scuff marks near doorway,"Affecting regular classes. Scuff marks from moved equipment near the lab entrance at Faculty of Management Studies, Room 208. Needs routine buffing. Kindly inspect and rectify.","Faculty of Management Studies, Room 208",Estate Civil Works,low
Short circuit sparked inside hostel room,"Urgent attention needed. Sparking occurred in ceiling fan wiring in Mohammad Habib Hall, Room Wing B, circuit breaker tripped and smoke filled the room. Please send maintenance technician as soon as possible.","Mohammad Habib Hall, Room Wing B",Hostel Room Maintenance,urgent
Main gate barrier collapsed blocking emergency ambulance access,"Urgent attention needed. Heavy security gate broke and fell across the road at Central Library, Room Seminar Hall, blocking vehicular entrance completely. Please send maintenance technician as soon as possible.","Central Library, Room Seminar Hall",Campus Security,urgent
Elevator stuck between floors with students inside,"Reported by resident students. Lift in Faculty of Social Sciences, Room 401 suddenly stopped between 2nd and 3rd floor. 4 students trapped inside with alarm ringing. Ongoing for several hours.","Faculty of Social Sciences, Room 401",Estate Civil Works,urgent
Chemical spill in chemistry laboratory,"Urgent attention needed. Concentrated acid bottle broke on lab floor in Jawaharlal Nehru Medical College, Room 305, releasing pungent toxic fumes. Area needs hazmat clearing. Please send maintenance technician as soon as possible.","Jawaharlal Nehru Medical College, Room 305",Science Chemical Safety,urgent
All projectors and audio systems failing in seminar hall,"Audio amplifier and main display projector in Faculty of Social Sciences, Room 312 failed right before scheduled university guest lecture.","Faculty of Social Sciences, Room 312",Arts Audio-Visual Equipment,high
All projectors and audio systems failing in seminar hall,"Reported by resident students. Audio amplifier and main display projector in Faculty of Law, Room 104 failed right before scheduled university guest lecture. Ongoing for several hours.","Faculty of Law, Room 104",Arts Audio-Visual Equipment,high
Washroom tap dripping continuously,"Student grievance submitted. The basin tap in Faculty of Law, Room Wing B cannot be shut tight and drips water constantly, wasting clean water. Has happened previously as well.","Faculty of Law, Room Wing B",Estate Plumbing,normal
Window glass pane cracked and rattling in wind,"Affecting regular classes. One of the glass window panes in Faculty of Law, Room 104 is cracked across the middle and needs glazing replacement. Kindly inspect and rectify.","Faculty of Law, Room 104",Estate Carpentry,normal
Classroom whiteboard frame loose on wall,"Affecting regular classes. The wall mounting brackets on the left side of the marker board in Faculty of Commerce, Room 202 have come unscrewed. Kindly inspect and rectify.","Faculty of Commerce, Room 202",Arts Classroom Furniture,normal
Minor squeaking in library wooden chair,"Reported by resident students. Two wooden reading chairs at table 4 in Faculty of Social Sciences, Room 104 squeak when sitting down. Ongoing for several hours.","Faculty of Social Sciences, Room 104",Central Library Services,low
All projectors and audio systems failing in seminar hall,"Audio amplifier and main display projector in Central Library, Room 101 failed right before scheduled university guest lecture.","Central Library, Room 101",Arts Audio-Visual Equipment,high
Campus Wi-Fi and portal completely inaccessible before exam deadline,"Affecting regular classes. Wi-Fi access points across Faculty of Management Studies, Room Wing B are dropping all connections. Students unable to access student portal. Kindly inspect and rectify.","Faculty of Management Studies, Room Wing B",IT Network & Connectivity,high
Washroom tap dripping continuously,"Student grievance submitted. The basin tap in Faculty of Management Studies, Room 202 cannot be shut tight and drips water constantly, wasting clean water. Has happened previously as well.","Faculty of Management Studies, Room 202",Estate Plumbing,normal
Severe sparking from main distribution board,"Student grievance submitted. Electric sparks and burning smell coming from the main switchboard near Faculty of Agricultural Sciences, Room Seminar Hall. High risk of fire. Has happened previously as well.","Faculty of Agricultural Sciences, Room Seminar Hall",Estate Electrical Maintenance,urgent
Floor tiles have minor scuff marks near doorway,"Student grievance submitted. Scuff marks from moved equipment near the lab entrance at Faculty of Science, Room 208. Needs routine buffing. Has happened previously as well.","Faculty of Science, Room 208",Estate Civil Works,low
Tubelight fused in study room,"Student grievance submitted. The tube light fixture in Jawaharlal Nehru Medical College, Room Lab 2 has stopped turning on. Choke or starter might need replacement. Has happened previously as well.","Jawaharlal Nehru Medical College, Room Lab 2",Estate Electrical Maintenance,normal
"Key server gateway unreachable, semester results page down","Core department web server in Faculty of Life Sciences, Room Seminar Hall is unresponsive (HTTP 502). Students cannot download admit cards.","Faculty of Life Sciences, Room Seminar Hall",IT Software & Portals,high
Water cooler temperature sensor not chilling,"The drinking water cooler in Mohsinul Mulk Hall, Room 202 is dispensing room-temperature water even though power is on.","Mohsinul Mulk Hall, Room 202",Hostel Water Supply,normal
Exposed live electrical cable lying on floor,"A thick live wire has fallen down near Faculty of Agricultural Sciences, Room 305 with sparks visible. Extremely dangerous for passing students.","Faculty of Agricultural Sciences, Room 305",Estate Electrical Maintenance,urgent
Tubelight fused in study room,"Reported by resident students. The tube light fixture in Faculty of Commerce, Room 305 has stopped turning on. Choke or starter might need replacement. Ongoing for several hours.","Faculty of Commerce, Room 305",Estate Electrical Maintenance,normal
Heavy water leakage soaking library reference book section,"Rainwater leaking through roof directly above rare journals and reference racks in Nadeem Tarin Hall, Room 202.","Nadeem Tarin Hall, Room 202",Central Library Reading Room Maintenance,high
Classroom whiteboard frame loose on wall,"Urgent attention needed. The wall mounting brackets on the left side of the marker board in Faculty of Social Sciences, Room 208 have come unscrewed. Please send maintenance technician as soon as possible.","Faculty of Social Sciences, Room 208",Arts Classroom Furniture,normal
Chemical spill in chemistry laboratory,"Reported by resident students. Concentrated acid bottle broke on lab floor in Faculty of Science, Room 101, releasing pungent toxic fumes. Area needs hazmat clearing. Ongoing for several hours.","Faculty of Science, Room 101",Science Chemical Safety,urgent
Ceiling fan making loud rattling noise in room,"Urgent attention needed. The ceiling fan in Mohsinul Mulk Hall, Room 312 vibrates excessively and produces squeaking sound when set above speed 2. Please send maintenance technician as soon as possible.","Mohsinul Mulk Hall, Room 312",Hostel Room Maintenance,normal
Complete power outage in academic block during lectures,"Reported by resident students. Power has gone out completely in entire Faculty of Law, Room 101 building. Inverters are not backing up the lighting. Ongoing for several hours.","Faculty of Law, Room 101",Estate Electrical Maintenance,high
Drainage slow in laboratory sink basin,"Urgent attention needed. Water drains very slowly in wash basin 3 of Jawaharlal Nehru Medical College, Room 401. Probably choked with residue. Please send maintenance technician as soon as possible.","Jawaharlal Nehru Medical College, Room 401",Science Laboratory Equipment,normal
LPG gas cylinder leaking in dining kitchen,"Affecting regular classes. Strong smell of cooking gas leaking near commercial burners in Sarojini Naidu Hall, Room 202 mess kitchen. Risk of explosion. Kindly inspect and rectify.","Sarojini Naidu Hall, Room 202",Hostel Sanitation,urgent
Exposed live electrical cable lying on floor,"Urgent attention needed. A thick live wire has fallen down near Jawaharlal Nehru Medical College, Room 101 with sparks visible. Extremely dangerous for passing students. Please send maintenance technician as soon as possible.","Jawaharlal Nehru Medical College, Room 101",Estate Electrical Maintenance,urgent
Floor tiles have minor scuff marks near doorway,"Urgent attention needed. Scuff marks from moved equipment near the lab entrance at Zakir Husain College of Engg & Tech, Room 312. Needs routine buffing. Please send maintenance technician as soon as possible.","Zakir Husain College of Engg & Tech, Room 312",Estate Civil Works,low
Short circuit sparked inside hostel room,"Student grievance submitted. Sparking occurred in ceiling fan wiring in Nadeem Tarin Hall, Room 312, circuit breaker tripped and smoke filled the room. Has happened previously as well.","Nadeem Tarin Hall, Room 312",Hostel Room Maintenance,urgent
Notice board velvet cloth faded and torn,"The pinning board outside room Zakir Husain College of Engg & Tech, Room 104 has worn-out fabric with old pin marks.","Zakir Husain College of Engg & Tech, Room 104",Arts Departmental Office,low
Minor squeaking in library wooden chair,"Urgent attention needed. Two wooden reading chairs at table 4 in Zakir Husain College of Engg & Tech, Room 312 squeak when sitting down. Please send maintenance technician as soon as possible.","Zakir Husain College of Engg & Tech, Room 312",Central Library Services,low
"Key server gateway unreachable, semester results page down","Urgent attention needed. Core department web server in Faculty of Life Sciences, Room 202 is unresponsive (HTTP 502). Students cannot download admit cards. Please send maintenance technician as soon as possible.","Faculty of Life Sciences, Room 202",IT Software & Portals,high
Heavy water leakage soaking library reference book section,"Affecting regular classes. Rainwater leaking through roof directly above rare journals and reference racks in Hadi Hasan Hall, Room 401. Kindly inspect and rectify.","Hadi Hasan Hall, Room 401",Central Library Reading Room Maintenance,high
No water supply in entire hostel wing since morning,"Affecting regular classes. All washrooms and taps in Ross Masood Hall, Room 101 have zero running water for past 12 hours. Over 100 resident students affected. Kindly inspect and rectify.","Ross Masood Hall, Room 101",Hostel Water Supply,high
Sewage line overflow flooding hostel entrance corridor,"Urgent attention needed. Drainage backflow is spilling foul-smelling sewage across the main walking pathway of Mohsinul Mulk Hall, Room Lab 2. Please send maintenance technician as soon as possible.","Mohsinul Mulk Hall, Room Lab 2",Hostel Sanitation,high
Central air conditioning failure in critical computer lab,"Student grievance submitted. All 40 desktop computers shutting down due to thermal throttling after AC units stopped in Faculty of Life Sciences, Room 305. Has happened previously as well.","Faculty of Life Sciences, Room 305",Commerce Computer Lab Equipment,high
Heavy water leakage soaking library reference book section,"Rainwater leaking through roof directly above rare journals and reference racks in Mohammad Habib Hall, Room Lab 2.","Mohammad Habib Hall, Room Lab 2",Central Library Reading Room Maintenance,high
Drainage slow in laboratory sink basin,"Reported by resident students. Water drains very slowly in wash basin 3 of Faculty of Science, Room 101. Probably choked with residue. Ongoing for several hours.","Faculty of Science, Room 101",Science Laboratory Equipment,normal
Door lock latch jammed from inside,"Reported by resident students. The mortise door lock of Faculty of Commerce, Room 208 is sticking and difficult to turn with the key. Needs oiling or realignment. Ongoing for several hours.","Faculty of Commerce, Room 208",Estate Carpentry,normal
Heavy water leakage soaking library reference book section,"Reported by resident students. Rainwater leaking through roof directly above rare journals and reference racks in Aftab Hall, Room Seminar Hall. Ongoing for several hours.","Aftab Hall, Room Seminar Hall",Central Library Reading Room Maintenance,high
Heavy water leakage soaking library reference book section,"Affecting regular classes. Rainwater leaking through roof directly above rare journals and reference racks in Indira Gandhi Hall, Room Wing B. Kindly inspect and rectify.","Indira Gandhi Hall, Room Wing B",Central Library Reading Room Maintenance,high
Drainage slow in laboratory sink basin,"Water drains very slowly in wash basin 3 of Faculty of Science, Room 312. Probably choked with residue.","Faculty of Science, Room 312",Science Laboratory Equipment,normal
Tubelight fused in study room,"Urgent attention needed. The tube light fixture in Faculty of Commerce, Room 312 has stopped turning on. Choke or starter might need replacement. Please send maintenance technician as soon as possible.","Faculty of Commerce, Room 312",Estate Electrical Maintenance,normal
Washroom tap dripping continuously,"Affecting regular classes. The basin tap in Zakir Husain College of Engg & Tech, Room 401 cannot be shut tight and drips water constantly, wasting clean water. Kindly inspect and rectify.","Zakir Husain College of Engg & Tech, Room 401",Estate Plumbing,normal
Tubelight fused in study room,"Affecting regular classes. The tube light fixture in Faculty of Arts, Room Seminar Hall has stopped turning on. Choke or starter might need replacement. Kindly inspect and rectify.","Faculty of Arts, Room Seminar Hall",Estate Electrical Maintenance,normal
Drainage slow in laboratory sink basin,"Affecting regular classes. Water drains very slowly in wash basin 3 of Faculty of Law, Room 101. Probably choked with residue. Kindly inspect and rectify.","Faculty of Law, Room 101",Science Laboratory Equipment,normal
Minor squeaking in library wooden chair,"Student grievance submitted. Two wooden reading chairs at table 4 in Faculty of Commerce, Room Wing B squeak when sitting down. Has happened previously as well.","Faculty of Commerce, Room Wing B",Central Library Services,low
Chemical spill in chemistry laboratory,"Reported by resident students. Concentrated acid bottle broke on lab floor in Faculty of Management Studies, Room Lab 2, releasing pungent toxic fumes. Area needs hazmat clearing. Ongoing for several hours.","Faculty of Management Studies, Room Lab 2",Science Chemical Safety,urgent
Tubelight fused in study room,"Affecting regular classes. The tube light fixture in Zakir Husain College of Engg & Tech, Room 101 has stopped turning on. Choke or starter might need replacement. Kindly inspect and rectify.","Zakir Husain College of Engg & Tech, Room 101",Estate Electrical Maintenance,normal
Floor tiles have minor scuff marks near doorway,"Affecting regular classes. Scuff marks from moved equipment near the lab entrance at Faculty of Management Studies, Room Lab 2. Needs routine buffing. Kindly inspect and rectify.","Faculty of Management Studies, Room Lab 2",Estate Civil Works,low
Heavy water leakage soaking library reference book section,"Reported by resident students. Rainwater leaking through roof directly above rare journals and reference racks in Mohammad Habib Hall, Room 101. Ongoing for several hours.","Mohammad Habib Hall, Room 101",Central Library Reading Room Maintenance,high
Complete power outage in academic block during lectures,"Student grievance submitted. Power has gone out completely in entire Zakir Husain College of Engg & Tech, Room Seminar Hall building. Inverters are not backing up the lighting. Has happened previously as well.","Zakir Husain College of Engg & Tech, Room Seminar Hall",Estate Electrical Maintenance,high
Main water pipeline burst flooding corridor,"Urgent attention needed. Main high pressure water pipe burst in Begum Azeezun Nisa Hall, Room Lab 2, water rushing into ground floor rooms and near power sockets. Please send maintenance technician as soon as possible.","Begum Azeezun Nisa Hall, Room Lab 2",Hostel Water Supply,urgent
Notice board velvet cloth faded and torn,"Urgent attention needed. The pinning board outside room Jawaharlal Nehru Medical College, Room 101 has worn-out fabric with old pin marks. Please send maintenance technician as soon as possible.","Jawaharlal Nehru Medical College, Room 101",Arts Departmental Office,low
Washroom tap dripping continuously,"The basin tap in Jawaharlal Nehru Medical College, Room Seminar Hall cannot be shut tight and drips water constantly, wasting clean water.","Jawaharlal Nehru Medical College, Room Seminar Hall",Estate Plumbing,normal
LPG gas cylinder leaking in dining kitchen,"Urgent attention needed. Strong smell of cooking gas leaking near commercial burners in Abdullah Hall, Room 202 mess kitchen. Risk of explosion. Please send maintenance technician as soon as possible.","Abdullah Hall, Room 202",Hostel Sanitation,urgent
Complete power outage in academic block during lectures,"Student grievance submitted. Power has gone out completely in entire Faculty of Social Sciences, Room 104 building. Inverters are not backing up the lighting. Has happened previously as well.","Faculty of Social Sciences, Room 104",Estate Electrical Maintenance,high
LAN port connector loose in computer desk,"Urgent attention needed. Ethernet RJ45 wall jack at desk 14 in Faculty of Agricultural Sciences, Room 208 has a broken clip and disconnects whenever the wire moves. Please send maintenance technician as soon as possible.","Faculty of Agricultural Sciences, Room 208",IT Network & Connectivity,normal
Ceiling fan making loud rattling noise in room,"Reported by resident students. The ceiling fan in Indira Gandhi Hall, Room 305 vibrates excessively and produces squeaking sound when set above speed 2. Ongoing for several hours.","Indira Gandhi Hall, Room 305",Hostel Room Maintenance,normal
"Hostel mess water purifier broken, no drinking water","Affecting regular classes. Commercial RO water filter at Mohsinul Mulk Hall, Room 305 has stopped dispensing clean drinking water. Students forced to buy bottles. Kindly inspect and rectify.","Mohsinul Mulk Hall, Room 305",Hostel Water Supply,high
Wall paint peeling off in corridor corner,"Affecting regular classes. Some paint plaster is flaking off near the stairwell notice board of Faculty of Management Studies, Room 202. Needs a patch coat. Kindly inspect and rectify.","Faculty of Management Studies, Room 202",Estate Civil Works,low
Curtain bracket slightly bent in seminar room,"One of the curtain rod brackets near the front window in Faculty of Law, Room 101 is slightly tilted.","Faculty of Law, Room 101",Arts Classroom Furniture,low
Printer paper jam roller error in department office,"Office multi-function laser printer in Zakir Husain College of Engg & Tech, Room 104 jams paper on every double-sided print job.","Zakir Husain College of Engg & Tech, Room 104",Commerce Office Equipment,normal
Tubelight fused in study room,"The tube light fixture in Jawaharlal Nehru Medical College, Room 101 has stopped turning on. Choke or starter might need replacement.","Jawaharlal Nehru Medical College, Room 101",Estate Electrical Maintenance,normal
Door lock latch jammed from inside,"Urgent attention needed. The mortise door lock of Central Library, Room 101 is sticking and difficult to turn with the key. Needs oiling or realignment. Please send maintenance technician as soon as possible.","Central Library, Room 101",Estate Carpentry,normal
Door lock latch jammed from inside,"Reported by resident students. The mortise door lock of Faculty of Arts, Room 208 is sticking and difficult to turn with the key. Needs oiling or realignment. Ongoing for several hours.","Faculty of Arts, Room 208",Estate Carpentry,normal
Classroom whiteboard frame loose on wall,"Reported by resident students. The wall mounting brackets on the left side of the marker board in Faculty of Social Sciences, Room 202 have come unscrewed. Ongoing for several hours.","Faculty of Social Sciences, Room 202",Arts Classroom Furniture,normal
Notice board velvet cloth faded and torn,"Student grievance submitted. The pinning board outside room Faculty of Law, Room 208 has worn-out fabric with old pin marks. Has happened previously as well.","Faculty of Law, Room 208",Arts Departmental Office,low
Floor tiles have minor scuff marks near doorway,"Scuff marks from moved equipment near the lab entrance at Faculty of Life Sciences, Room 101. Needs routine buffing.","Faculty of Life Sciences, Room 101",Estate Civil Works,low
Chemical spill in chemistry laboratory,"Student grievance submitted. Concentrated acid bottle broke on lab floor in Faculty of Science, Room Lab 2, releasing pungent toxic fumes. Area needs hazmat clearing. Has happened previously as well.","Faculty of Science, Room Lab 2",Science Chemical Safety,urgent
Campus Wi-Fi and portal completely inaccessible before exam deadline,"Student grievance submitted. Wi-Fi access points across Faculty of Science, Room 202 are dropping all connections. Students unable to access student portal. Has happened previously as well.","Faculty of Science, Room 202",IT Network & Connectivity,high
Notice board velvet cloth faded and torn,"Reported by resident students. The pinning board outside room Central Library, Room Wing B has worn-out fabric with old pin marks. Ongoing for several hours.","Central Library, Room Wing B",Arts Departmental Office,low
Campus Wi-Fi and portal completely inaccessible before exam deadline,"Student grievance submitted. Wi-Fi access points across Faculty of Life Sciences, Room Lab 2 are dropping all connections. Students unable to access student portal. Has happened previously as well.","Faculty of Life Sciences, Room Lab 2",IT Network & Connectivity,high
Short circuit sparked inside hostel room,"Sparking occurred in ceiling fan wiring in Indira Gandhi Hall, Room 104, circuit breaker tripped and smoke filled the room.","Indira Gandhi Hall, Room 104",Hostel Room Maintenance,urgent
Elevator stuck between floors with students inside,"Student grievance submitted. Lift in Faculty of Social Sciences, Room Wing B suddenly stopped between 2nd and 3rd floor. 4 students trapped inside with alarm ringing. Has happened previously as well.","Faculty of Social Sciences, Room Wing B",Estate Civil Works,urgent
Washroom tap dripping continuously,"Urgent attention needed. The basin tap in Jawaharlal Nehru Medical College, Room Lab 2 cannot be shut tight and drips water constantly, wasting clean water. Please send maintenance technician as soon as possible.","Jawaharlal Nehru Medical College, Room Lab 2",Estate Plumbing,normal
Central air conditioning failure in critical computer lab,"Urgent attention needed. All 40 desktop computers shutting down due to thermal throttling after AC units stopped in Faculty of Management Studies, Room 312. Please send maintenance technician as soon as possible.","Faculty of Management Studies, Room 312",Commerce Computer Lab Equipment,high
LAN port connector loose in computer desk,"Reported by resident students. Ethernet RJ45 wall jack at desk 14 in Faculty of Law, Room 101 has a broken clip and disconnects whenever the wire moves. Ongoing for several hours.","Faculty of Law, Room 101",IT Network & Connectivity,normal
Window glass pane cracked and rattling in wind,"Reported by resident students. One of the glass window panes in Faculty of Social Sciences, Room Seminar Hall is cracked across the middle and needs glazing replacement. Ongoing for several hours.","Faculty of Social Sciences, Room Seminar Hall",Estate Carpentry,normal
LAN port connector loose in computer desk,"Student grievance submitted. Ethernet RJ45 wall jack at desk 14 in Central Library, Room 401 has a broken clip and disconnects whenever the wire moves. Has happened previously as well.","Central Library, Room 401",IT Network & Connectivity,normal
Window glass pane cracked and rattling in wind,"Affecting regular classes. One of the glass window panes in Central Library, Room 101 is cracked across the middle and needs glazing replacement. Kindly inspect and rectify.","Central Library, Room 101",Estate Carpentry,normal
Curtain bracket slightly bent in seminar room,"Affecting regular classes. One of the curtain rod brackets near the front window in Faculty of Social Sciences, Room 208 is slightly tilted. Kindly inspect and rectify.","Faculty of Social Sciences, Room 208",Arts Classroom Furniture,low
Washroom tap dripping continuously,"The basin tap in Faculty of Agricultural Sciences, Room 208 cannot be shut tight and drips water constantly, wasting clean water.","Faculty of Agricultural Sciences, Room 208",Estate Plumbing,normal
Door stopper rubber missing on main entrance,"Student grievance submitted. The floor door stopper rubber pad in Faculty of Commerce, Room Lab 2 has worn away, causing the door to knock against wall. Has happened previously as well.","Faculty of Commerce, Room Lab 2",Estate Carpentry,low
Severe flooding entering basement electrical room,"Reported by resident students. Heavy rainwater gushing into electrical transformer room in basement of Faculty of Agricultural Sciences, Room 101. Ongoing for several hours.","Faculty of Agricultural Sciences, Room 101",Estate Civil Works,urgent
Tubelight fused in study room,"Reported by resident students. The tube light fixture in Faculty of Commerce, Room 305 has stopped turning on. Choke or starter might need replacement. Ongoing for several hours.","Faculty of Commerce, Room 305",Estate Electrical Maintenance,normal
Window glass pane cracked and rattling in wind,"One of the glass window panes in Faculty of Management Studies, Room Wing B is cracked across the middle and needs glazing replacement.","Faculty of Management Studies, Room Wing B",Estate Carpentry,normal
"Hostel mess water purifier broken, no drinking water","Student grievance submitted. Commercial RO water filter at Hadi Hasan Hall, Room Wing B has stopped dispensing clean drinking water. Students forced to buy bottles. Has happened previously as well.","Hadi Hasan Hall, Room Wing B",Hostel Water Supply,high
Printer paper jam roller error in department office,"Reported by resident students. Office multi-function laser printer in Zakir Husain College of Engg & Tech, Room 305 jams paper on every double-sided print job. Ongoing for several hours.","Zakir Husain College of Engg & Tech, Room 305",Commerce Office Equipment,normal
Door stopper rubber missing on main entrance,"Reported by resident students. The floor door stopper rubber pad in Faculty of Management Studies, Room 104 has worn away, causing the door to knock against wall. Ongoing for several hours.","Faculty of Management Studies, Room 104",Estate Carpentry,low
Washroom tap dripping continuously,"Reported by resident students. The basin tap in Jawaharlal Nehru Medical College, Room Lab 2 cannot be shut tight and drips water constantly, wasting clean water. Ongoing for several hours.","Jawaharlal Nehru Medical College, Room Lab 2",Estate Plumbing,normal
Keypad letters worn off on library public search terminal,"Urgent attention needed. The keyboard letters E, T, and N are faded on the catalog computer in Faculty of Law, Room 305. Please send maintenance technician as soon as possible.","Faculty of Law, Room 305",Central Library Services,low
Campus Wi-Fi and portal completely inaccessible before exam deadline,"Urgent attention needed. Wi-Fi access points across Faculty of Management Studies, Room Lab 2 are dropping all connections. Students unable to access student portal. Please send maintenance technician as soon as possible.","Faculty of Management Studies, Room Lab 2",IT Network & Connectivity,high
"Key server gateway unreachable, semester results page down","Reported by resident students. Core department web server in Jawaharlal Nehru Medical College, Room 401 is unresponsive (HTTP 502). Students cannot download admit cards. Ongoing for several hours.","Jawaharlal Nehru Medical College, Room 401",IT Software & Portals,high
Water cooler temperature sensor not chilling,"The drinking water cooler in Mohsinul Mulk Hall, Room 305 is dispensing room-temperature water even though power is on.","Mohsinul Mulk Hall, Room 305",Hostel Water Supply,normal
LPG gas cylinder leaking in dining kitchen,"Reported by resident students. Strong smell of cooking gas leaking near commercial burners in Aftab Hall, Room 104 mess kitchen. Risk of explosion. Ongoing for several hours.","Aftab Hall, Room 104",Hostel Sanitation,urgent
Drainage slow in laboratory sink basin,"Urgent attention needed. Water drains very slowly in wash basin 3 of Jawaharlal Nehru Medical College, Room Lab 2. Probably choked with residue. Please send maintenance technician as soon as possible.","Jawaharlal Nehru Medical College, Room Lab 2",Science Laboratory Equipment,normal
"Key server gateway unreachable, semester results page down","Core department web server in Faculty of Law, Room 305 is unresponsive (HTTP 502). Students cannot download admit cards.","Faculty of Law, Room 305",IT Software & Portals,high
Central air conditioning failure in critical computer lab,"Urgent attention needed. All 40 desktop computers shutting down due to thermal throttling after AC units stopped in Faculty of Law, Room Seminar Hall. Please send maintenance technician as soon as possible.","Faculty of Law, Room Seminar Hall",Commerce Computer Lab Equipment,high
Biohazard waste bin tipped over near patient entrance,"Student grievance submitted. Infectious medical waste container overturned spilling used syringes and dressings near Faculty of Science, Room 305. Has happened previously as well.","Faculty of Science, Room 305",JNMC Hospital Infrastructure,urgent
Window blind pull cord slightly frayed,"Urgent attention needed. The nylon pull cord for the roller blind in Sir Syed Hall (South), Room Wing B has frayed threads near the bottom tassel. Please send maintenance technician as soon as possible.","Sir Syed Hall (South), Room Wing B",Hostel Room Maintenance,low
Severe flooding entering basement electrical room,"Urgent attention needed. Heavy rainwater gushing into electrical transformer room in basement of Faculty of Management Studies, Room 202. Please send maintenance technician as soon as possible.","Faculty of Management Studies, Room 202",Estate Civil Works,urgent
Campus Wi-Fi and portal completely inaccessible before exam deadline,"Urgent attention needed. Wi-Fi access points across Central Library, Room 305 are dropping all connections. Students unable to access student portal. Please send maintenance technician as soon as possible.","Central Library, Room 305",IT Network & Connectivity,high
Complete power outage in academic block during lectures,"Reported by resident students. Power has gone out completely in entire Jawaharlal Nehru Medical College, Room 202 building. Inverters are not backing up the lighting. Ongoing for several hours.","Jawaharlal Nehru Medical College, Room 202",Estate Electrical Maintenance,high
Notice board velvet cloth faded and torn,"The pinning board outside room Faculty of Law, Room Lab 2 has worn-out fabric with old pin marks.","Faculty of Law, Room Lab 2",Arts Departmental Office,low
"Key server gateway unreachable, semester results page down","Affecting regular classes. Core department web server in Faculty of Commerce, Room 104 is unresponsive (HTTP 502). Students cannot download admit cards. Kindly inspect and rectify.","Faculty of Commerce, Room 104",IT Software & Portals,high
Tubelight fused in study room,"Student grievance submitted. The tube light fixture in Faculty of Life Sciences, Room Seminar Hall has stopped turning on. Choke or starter might need replacement. Has happened previously as well.","Faculty of Life Sciences, Room Seminar Hall",Estate Electrical Maintenance,normal
Ceiling fan making loud rattling noise in room,"Affecting regular classes. The ceiling fan in Hadi Hasan Hall, Room Lab 2 vibrates excessively and produces squeaking sound when set above speed 2. Kindly inspect and rectify.","Hadi Hasan Hall, Room Lab 2",Hostel Room Maintenance,normal
Curtain bracket slightly bent in seminar room,"One of the curtain rod brackets near the front window in Faculty of Social Sciences, Room 208 is slightly tilted.","Faculty of Social Sciences, Room 208",Arts Classroom Furniture,low
Drainage slow in laboratory sink basin,"Water drains very slowly in wash basin 3 of Faculty of Commerce, Room 202. Probably choked with residue.","Faculty of Commerce, Room 202",Science Laboratory Equipment,normal
Washroom tap dripping continuously,"Urgent attention needed. The basin tap in Zakir Husain College of Engg & Tech, Room Lab 2 cannot be shut tight and drips water constantly, wasting clean water. Please send maintenance technician as soon as possible.","Zakir Husain College of Engg & Tech, Room Lab 2",Estate Plumbing,normal
Floor tiles have minor scuff marks near doorway,"Scuff marks from moved equipment near the lab entrance at Jawaharlal Nehru Medical College, Room Lab 2. Needs routine buffing.","Jawaharlal Nehru Medical College, Room Lab 2",Estate Civil Works,low
Minor squeaking in library wooden chair,"Reported by resident students. Two wooden reading chairs at table 4 in Faculty of Life Sciences, Room 312 squeak when sitting down. Ongoing for several hours.","Faculty of Life Sciences, Room 312",Central Library Services,low
Classroom whiteboard frame loose on wall,"Urgent attention needed. The wall mounting brackets on the left side of the marker board in Faculty of Science, Room 401 have come unscrewed. Please send maintenance technician as soon as possible.","Faculty of Science, Room 401",Arts Classroom Furniture,normal
Ceiling fan making loud rattling noise in room,"Student grievance submitted. The ceiling fan in Viqarul Mulk Hall, Room Wing B vibrates excessively and produces squeaking sound when set above speed 2. Has happened previously as well.","Viqarul Mulk Hall, Room Wing B",Hostel Room Maintenance,normal
Water cooler temperature sensor not chilling,"Student grievance submitted. The drinking water cooler in Aftab Hall, Room Seminar Hall is dispensing room-temperature water even though power is on. Has happened previously as well.","Aftab Hall, Room Seminar Hall",Hostel Water Supply,normal
Floor tiles have minor scuff marks near doorway,"Urgent attention needed. Scuff marks from moved equipment near the lab entrance at Jawaharlal Nehru Medical College, Room Lab 2. Needs routine buffing. Please send maintenance technician as soon as possible.","Jawaharlal Nehru Medical College, Room Lab 2",Estate Civil Works,low
Tubelight fused in study room,"The tube light fixture in Faculty of Social Sciences, Room 312 has stopped turning on. Choke or starter might need replacement.","Faculty of Social Sciences, Room 312",Estate Electrical Maintenance,normal
Biohazard waste bin tipped over near patient entrance,"Student grievance submitted. Infectious medical waste container overturned spilling used syringes and dressings near Faculty of Commerce, Room 401. Has happened previously as well.","Faculty of Commerce, Room 401",JNMC Hospital Infrastructure,urgent
Smoke coming from server rack in computer lab,"Reported by resident students. Dense white smoke and burning plastic odor coming from server room at Faculty of Commerce, Room 305. Immediate fire hazard. Ongoing for several hours.","Faculty of Commerce, Room 305",Engineering Computer Systems,urgent
Short circuit sparked inside hostel room,"Student grievance submitted. Sparking occurred in ceiling fan wiring in Ross Masood Hall, Room 305, circuit breaker tripped and smoke filled the room. Has happened previously as well.","Ross Masood Hall, Room 305",Hostel Room Maintenance,urgent
Complete power outage in academic block during lectures,"Reported by resident students. Power has gone out completely in entire Faculty of Management Studies, Room 202 building. Inverters are not backing up the lighting. Ongoing for several hours.","Faculty of Management Studies, Room 202",Estate Electrical Maintenance,high
Door lock latch jammed from inside,"Affecting regular classes. The mortise door lock of Faculty of Agricultural Sciences, Room Seminar Hall is sticking and difficult to turn with the key. Needs oiling or realignment. Kindly inspect and rectify.","Faculty of Agricultural Sciences, Room Seminar Hall",Estate Carpentry,normal
Printer paper jam roller error in department office,"Affecting regular classes. Office multi-function laser printer in Jawaharlal Nehru Medical College, Room 305 jams paper on every double-sided print job. Kindly inspect and rectify.","Jawaharlal Nehru Medical College, Room 305",Commerce Office Equipment,normal
Heavy water leakage soaking library reference book section,"Student grievance submitted. Rainwater leaking through roof directly above rare journals and reference racks in Viqarul Mulk Hall, Room 305. Has happened previously as well.","Viqarul Mulk Hall, Room 305",Central Library Reading Room Maintenance,high
Wall paint peeling off in corridor corner,"Urgent attention needed. Some paint plaster is flaking off near the stairwell notice board of Faculty of Life Sciences, Room Lab 2. Needs a patch coat. Please send maintenance technician as soon as possible.","Faculty of Life Sciences, Room Lab 2",Estate Civil Works,low
Campus Wi-Fi and portal completely inaccessible before exam deadline,"Urgent attention needed. Wi-Fi access points across Faculty of Management Studies, Room Lab 2 are dropping all connections. Students unable to access student portal. Please send maintenance technician as soon as possible.","Faculty of Management Studies, Room Lab 2",IT Network & Connectivity,high
Chemical spill in chemistry laboratory,"Urgent attention needed. Concentrated acid bottle broke on lab floor in Faculty of Commerce, Room 208, releasing pungent toxic fumes. Area needs hazmat clearing. Please send maintenance technician as soon as possible.","Faculty of Commerce, Room 208",Science Chemical Safety,urgent
Window blind pull cord slightly frayed,"The nylon pull cord for the roller blind in Nadeem Tarin Hall, Room 312 has frayed threads near the bottom tassel.","Nadeem Tarin Hall, Room 312",Hostel Room Maintenance,low
Keypad letters worn off on library public search terminal,"The keyboard letters E, T, and N are faded on the catalog computer in Faculty of Agricultural Sciences, Room Wing B.","Faculty of Agricultural Sciences, Room Wing B",Central Library Services,low
Exposed live electrical cable lying on floor,"Student grievance submitted. A thick live wire has fallen down near Faculty of Law, Room 104 with sparks visible. Extremely dangerous for passing students. Has happened previously as well.","Faculty of Law, Room 104",Estate Electrical Maintenance,urgent
Washroom tap dripping continuously,"Urgent attention needed. The basin tap in Jawaharlal Nehru Medical College, Room 208 cannot be shut tight and drips water constantly, wasting clean water. Please send maintenance technician as soon as possible.","Jawaharlal Nehru Medical College, Room 208",Estate Plumbing,normal
Curtain bracket slightly bent in seminar room,"Affecting regular classes. One of the curtain rod brackets near the front window in Faculty of Agricultural Sciences, Room 202 is slightly tilted. Kindly inspect and rectify.","Faculty of Agricultural Sciences, Room 202",Arts Classroom Furniture,low
Heavy water leakage soaking library reference book section,"Urgent attention needed. Rainwater leaking through roof directly above rare journals and reference racks in Mohammad Habib Hall, Room Lab 2. Please send maintenance technician as soon as possible.","Mohammad Habib Hall, Room Lab 2",Central Library Reading Room Maintenance,high
Drainage slow in laboratory sink basin,"Affecting regular classes. Water drains very slowly in wash basin 3 of Faculty of Life Sciences, Room 401. Probably choked with residue. Kindly inspect and rectify.","Faculty of Life Sciences, Room 401",Science Laboratory Equipment,normal
Door stopper rubber missing on main entrance,"Affecting regular classes. The floor door stopper rubber pad in Faculty of Science, Room 101 has worn away, causing the door to knock against wall. Kindly inspect and rectify.","Faculty of Science, Room 101",Estate Carpentry,low
Drainage slow in laboratory sink basin,"Affecting regular classes. Water drains very slowly in wash basin 3 of Faculty of Management Studies, Room 312. Probably choked with residue. Kindly inspect and rectify.","Faculty of Management Studies, Room 312",Science Laboratory Equipment,normal
Heavy water leakage soaking library reference book section,"Urgent attention needed. Rainwater leaking through roof directly above rare journals and reference racks in Begum Azeezun Nisa Hall, Room 208. Please send maintenance technician as soon as possible.","Begum Azeezun Nisa Hall, Room 208",Central Library Reading Room Maintenance,high
Door stopper rubber missing on main entrance,"The floor door stopper rubber pad in Jawaharlal Nehru Medical College, Room Lab 2 has worn away, causing the door to knock against wall.","Jawaharlal Nehru Medical College, Room Lab 2",Estate Carpentry,low
Door stopper rubber missing on main entrance,"Affecting regular classes. The floor door stopper rubber pad in Central Library, Room 202 has worn away, causing the door to knock against wall. Kindly inspect and rectify.","Central Library, Room 202",Estate Carpentry,low
Drainage slow in laboratory sink basin,"Reported by resident students. Water drains very slowly in wash basin 3 of Faculty of Agricultural Sciences, Room 101. Probably choked with residue. Ongoing for several hours.","Faculty of Agricultural Sciences, Room 101",Science Laboratory Equipment,normal
Wall paint peeling off in corridor corner,"Student grievance submitted. Some paint plaster is flaking off near the stairwell notice board of Faculty of Science, Room Lab 2. Needs a patch coat. Has happened previously as well.","Faculty of Science, Room Lab 2",Estate Civil Works,low
Central air conditioning failure in critical computer lab,"Affecting regular classes. All 40 desktop computers shutting down due to thermal throttling after AC units stopped in Faculty of Management Studies, Room 202. Kindly inspect and rectify.","Faculty of Management Studies, Room 202",Commerce Computer Lab Equipment,high
Smoke coming from server rack in computer lab,"Reported by resident students. Dense white smoke and burning plastic odor coming from server room at Faculty of Management Studies, Room 104. Immediate fire hazard. Ongoing for several hours.","Faculty of Management Studies, Room 104",Engineering Computer Systems,urgent
Heavy water leakage soaking library reference book section,"Urgent attention needed. Rainwater leaking through roof directly above rare journals and reference racks in Indira Gandhi Hall, Room 101. Please send maintenance technician as soon as possible.","Indira Gandhi Hall, Room 101",Central Library Reading Room Maintenance,high
Floor tiles have minor scuff marks near doorway,"Reported by resident students. Scuff marks from moved equipment near the lab entrance at Central Library, Room 101. Needs routine buffing. Ongoing for several hours.","Central Library, Room 101",Estate Civil Works,low
"Hostel mess water purifier broken, no drinking water","Commercial RO water filter at Mohsinul Mulk Hall, Room 312 has stopped dispensing clean drinking water. Students forced to buy bottles.","Mohsinul Mulk Hall, Room 312",Hostel Water Supply,high
Wall paint peeling off in corridor corner,"Urgent attention needed. Some paint plaster is flaking off near the stairwell notice board of Faculty of Law, Room Seminar Hall. Needs a patch coat. Please send maintenance technician as soon as possible.","Faculty of Law, Room Seminar Hall",Estate Civil Works,low
Minor squeaking in library wooden chair,"Reported by resident students. Two wooden reading chairs at table 4 in Faculty of Science, Room Wing B squeak when sitting down. Ongoing for several hours.","Faculty of Science, Room Wing B",Central Library Services,low
Central air conditioning failure in critical computer lab,"Student grievance submitted. All 40 desktop computers shutting down due to thermal throttling after AC units stopped in Faculty of Agricultural Sciences, Room 401. Has happened previously as well.","Faculty of Agricultural Sciences, Room 401",Commerce Computer Lab Equipment,high
Drainage slow in laboratory sink basin,"Reported by resident students. Water drains very slowly in wash basin 3 of Faculty of Law, Room 202. Probably choked with residue. Ongoing for several hours.","Faculty of Law, Room 202",Science Laboratory Equipment,normal
Wall paint peeling off in corridor corner,"Reported by resident students. Some paint plaster is flaking off near the stairwell notice board of Faculty of Agricultural Sciences, Room 202. Needs a patch coat. Ongoing for several hours.","Faculty of Agricultural Sciences, Room 202",Estate Civil Works,low
Heavy water leakage soaking library reference book section,"Urgent attention needed. Rainwater leaking through roof directly above rare journals and reference racks in Abdullah Hall, Room 208. Please send maintenance technician as soon as possible.","Abdullah Hall, Room 208",Central Library Reading Room Maintenance,high
Smoke coming from server rack in computer lab,"Dense white smoke and burning plastic odor coming from server room at Faculty of Life Sciences, Room Wing B. Immediate fire hazard.","Faculty of Life Sciences, Room Wing B",Engineering Computer Systems,urgent
Water cooler temperature sensor not chilling,"Reported by resident students. The drinking water cooler in Ross Masood Hall, Room 104 is dispensing room-temperature water even though power is on. Ongoing for several hours.","Ross Masood Hall, Room 104",Hostel Water Supply,normal
Window glass pane cracked and rattling in wind,"Affecting regular classes. One of the glass window panes in Faculty of Social Sciences, Room Seminar Hall is cracked across the middle and needs glazing replacement. Kindly inspect and rectify.","Faculty of Social Sciences, Room Seminar Hall",Estate Carpentry,normal
Curtain bracket slightly bent in seminar room,"Urgent attention needed. One of the curtain rod brackets near the front window in Faculty of Social Sciences, Room 312 is slightly tilted. Please send maintenance technician as soon as possible.","Faculty of Social Sciences, Room 312",Arts Classroom Furniture,low
Drainage slow in laboratory sink basin,"Urgent attention needed. Water drains very slowly in wash basin 3 of Faculty of Law, Room 101. Probably choked with residue. Please send maintenance technician as soon as possible.","Faculty of Law, Room 101",Science Laboratory Equipment,normal
Water cooler temperature sensor not chilling,"Reported by resident students. The drinking water cooler in Sir Syed Hall (South), Room 104 is dispensing room-temperature water even though power is on. Ongoing for several hours.","Sir Syed Hall (South), Room 104",Hostel Water Supply,normal
Tubelight fused in study room,"Reported by resident students. The tube light fixture in Faculty of Management Studies, Room 305 has stopped turning on. Choke or starter might need replacement. Ongoing for several hours.","Faculty of Management Studies, Room 305",Estate Electrical Maintenance,normal
Window blind pull cord slightly frayed,"Affecting regular classes. The nylon pull cord for the roller blind in Indira Gandhi Hall, Room Lab 2 has frayed threads near the bottom tassel. Kindly inspect and rectify.","Indira Gandhi Hall, Room Lab 2",Hostel Room Maintenance,low
"Electric shock from water cooler in Faculty of Agricultural Sciences, Room 101",Affecting regular classes. Students getting mild electric shock whenever touching the water cooler body. Please disconnect power immediately. Kindly inspect and rectify.,"Faculty of Agricultural Sciences, Room 101",Estate Electrical Maintenance,urgent
Main water pipeline burst flooding corridor,"Reported by resident students. Main high pressure water pipe burst in Sir Syed Hall (South), Room Seminar Hall, water rushing into ground floor rooms and near power sockets. Ongoing for several hours.","Sir Syed Hall (South), Room Seminar Hall",Hostel Water Supply,urgent
Minor squeaking in library wooden chair,"Reported by resident students. Two wooden reading chairs at table 4 in Faculty of Arts, Room Seminar Hall squeak when sitting down. Ongoing for several hours.","Faculty of Arts, Room Seminar Hall",Central Library Services,low
Window blind pull cord slightly frayed,"Urgent attention needed. The nylon pull cord for the roller blind in Indira Gandhi Hall, Room 208 has frayed threads near the bottom tassel. Please send maintenance technician as soon as possible.","Indira Gandhi Hall, Room 208",Hostel Room Maintenance,low
Main water pipeline burst flooding corridor,"Urgent attention needed. Main high pressure water pipe burst in Dr. B.R. Ambedkar Hall, Room 208, water rushing into ground floor rooms and near power sockets. Please send maintenance technician as soon as possible.","Dr. B.R. Ambedkar Hall, Room 208",Hostel Water Supply,urgent
No water supply in entire hostel wing since morning,"All washrooms and taps in Sir Syed Hall (North), Room 104 have zero running water for past 12 hours. Over 100 resident students affected.","Sir Syed Hall (North), Room 104",Hostel Water Supply,high
Heavy water leakage soaking library reference book section,"Student grievance submitted. Rainwater leaking through roof directly above rare journals and reference racks in Mohsinul Mulk Hall, Room 208. Has happened previously as well.","Mohsinul Mulk Hall, Room 208",Central Library Reading Room Maintenance,high
Complete power outage in academic block during lectures,"Power has gone out completely in entire Faculty of Law, Room 312 building. Inverters are not backing up the lighting.","Faculty of Law, Room 312",Estate Electrical Maintenance,high
Elevator stuck between floors with students inside,"Lift in Faculty of Life Sciences, Room Seminar Hall suddenly stopped between 2nd and 3rd floor. 4 students trapped inside with alarm ringing.","Faculty of Life Sciences, Room Seminar Hall",Estate Civil Works,urgent
Request for pest control spray in garden flowerbeds,"Urgent attention needed. Routine seasonal insect repellent spray requested for hedges surrounding Faculty of Life Sciences, Room 202. Please send maintenance technician as soon as possible.","Faculty of Life Sciences, Room 202",Agricultural Infrastructure,low
Sewage line overflow flooding hostel entrance corridor,"Affecting regular classes. Drainage backflow is spilling foul-smelling sewage across the main walking pathway of Allama Iqbal Boarding House, Room 305. Kindly inspect and rectify.","Allama Iqbal Boarding House, Room 305",Hostel Sanitation,high
Curtain bracket slightly bent in seminar room,"Affecting regular classes. One of the curtain rod brackets near the front window in Faculty of Management Studies, Room 101 is slightly tilted. Kindly inspect and rectify.","Faculty of Management Studies, Room 101",Arts Classroom Furniture,low
Drainage slow in laboratory sink basin,"Affecting regular classes. Water drains very slowly in wash basin 3 of Faculty of Arts, Room Lab 2. Probably choked with residue. Kindly inspect and rectify.","Faculty of Arts, Room Lab 2",Science Laboratory Equipment,normal
Biohazard waste bin tipped over near patient entrance,"Infectious medical waste container overturned spilling used syringes and dressings near Faculty of Social Sciences, Room Wing B.","Faculty of Social Sciences, Room Wing B",JNMC Hospital Infrastructure,urgent
"Hostel mess water purifier broken, no drinking water","Commercial RO water filter at NRSC, Room Seminar Hall has stopped dispensing clean drinking water. Students forced to buy bottles.","NRSC, Room Seminar Hall",Hostel Water Supply,high
Main gate barrier collapsed blocking emergency ambulance access,"Urgent attention needed. Heavy security gate broke and fell across the road at Faculty of Law, Room Seminar Hall, blocking vehicular entrance completely. Please send maintenance technician as soon as possible.","Faculty of Law, Room Seminar Hall",Campus Security,urgent
Severe sparking from main distribution board,"Affecting regular classes. Electric sparks and burning smell coming from the main switchboard near Faculty of Agricultural Sciences, Room 312. High risk of fire. Kindly inspect and rectify.","Faculty of Agricultural Sciences, Room 312",Estate Electrical Maintenance,urgent
Request for additional waste bin near lawn bench,"Student grievance submitted. Students sitting near the garden area outside Sir Ziauddin Hall, Room 104 request an extra trash bin to keep grounds clean. Has happened previously as well.","Sir Ziauddin Hall, Room 104",Hostel Sanitation,low
Sewage line overflow flooding hostel entrance corridor,"Student grievance submitted. Drainage backflow is spilling foul-smelling sewage across the main walking pathway of Begum Sultan Jahan Hall, Room 202. Has happened previously as well.","Begum Sultan Jahan Hall, Room 202",Hostel Sanitation,high
Sewage line overflow flooding hostel entrance corridor,"Affecting regular classes. Drainage backflow is spilling foul-smelling sewage across the main walking pathway of Mohammad Habib Hall, Room 101. Kindly inspect and rectify.","Mohammad Habib Hall, Room 101",Hostel Sanitation,high
Severe flooding entering basement electrical room,"Urgent attention needed. Heavy rainwater gushing into electrical transformer room in basement of Faculty of Social Sciences, Room Wing B. Please send maintenance technician as soon as possible.","Faculty of Social Sciences, Room Wing B",Estate Civil Works,urgent
Door stopper rubber missing on main entrance,"Urgent attention needed. The floor door stopper rubber pad in Zakir Husain College of Engg & Tech, Room 305 has worn away, causing the door to knock against wall. Please send maintenance technician as soon as possible.","Zakir Husain College of Engg & Tech, Room 305",Estate Carpentry,low
Ceiling fan making loud rattling noise in room,"The ceiling fan in Bibi Fatima Hall, Room Seminar Hall vibrates excessively and produces squeaking sound when set above speed 2.","Bibi Fatima Hall, Room Seminar Hall",Hostel Room Maintenance,normal
LPG gas cylinder leaking in dining kitchen,"Strong smell of cooking gas leaking near commercial burners in Ross Masood Hall, Room 104 mess kitchen. Risk of explosion.","Ross Masood Hall, Room 104",Hostel Sanitation,urgent
Complete power outage in academic block during lectures,"Student grievance submitted. Power has gone out completely in entire Faculty of Management Studies, Room 104 building. Inverters are not backing up the lighting. Has happened previously as well.","Faculty of Management Studies, Room 104",Estate Electrical Maintenance,high
Minor squeaking in library wooden chair,"Urgent attention needed. Two wooden reading chairs at table 4 in Faculty of Law, Room 305 squeak when sitting down. Please send maintenance technician as soon as possible.","Faculty of Law, Room 305",Central Library Services,low
No water supply in entire hostel wing since morning,"Student grievance submitted. All washrooms and taps in Viqarul Mulk Hall, Room 208 have zero running water for past 12 hours. Over 100 resident students affected. Has happened previously as well.","Viqarul Mulk Hall, Room 208",Hostel Water Supply,high
Elevator stuck between floors with students inside,"Student grievance submitted. Lift in Faculty of Social Sciences, Room Lab 2 suddenly stopped between 2nd and 3rd floor. 4 students trapped inside with alarm ringing. Has happened previously as well.","Faculty of Social Sciences, Room Lab 2",Estate Civil Works,urgent
Heavy water leakage soaking library reference book section,"Student grievance submitted. Rainwater leaking through roof directly above rare journals and reference racks in Hadi Hasan Hall, Room 208. Has happened previously as well.","Hadi Hasan Hall, Room 208",Central Library Reading Room Maintenance,high
Main water pipeline burst flooding corridor,"Affecting regular classes. Main high pressure water pipe burst in Allama Iqbal Boarding House, Room 208, water rushing into ground floor rooms and near power sockets. Kindly inspect and rectify.","Allama Iqbal Boarding House, Room 208",Hostel Water Supply,urgent
Window glass pane cracked and rattling in wind,"Reported by resident students. One of the glass window panes in Central Library, Room 305 is cracked across the middle and needs glazing replacement. Ongoing for several hours.","Central Library, Room 305",Estate Carpentry,normal
Ceiling fan making loud rattling noise in room,"Urgent attention needed. The ceiling fan in Allama Iqbal Boarding House, Room 401 vibrates excessively and produces squeaking sound when set above speed 2. Please send maintenance technician as soon as possible.","Allama Iqbal Boarding House, Room 401",Hostel Room Maintenance,normal
Keypad letters worn off on library public search terminal,"The keyboard letters E, T, and N are faded on the catalog computer in Faculty of Life Sciences, Room 312.","Faculty of Life Sciences, Room 312",Central Library Services,low
Water cooler temperature sensor not chilling,"Reported by resident students. The drinking water cooler in Sir Syed Hall (South), Room 101 is dispensing room-temperature water even though power is on. Ongoing for several hours.","Sir Syed Hall (South), Room 101",Hostel Water Supply,normal
Minor squeaking in library wooden chair,"Student grievance submitted. Two wooden reading chairs at table 4 in Jawaharlal Nehru Medical College, Room 101 squeak when sitting down. Has happened previously as well.","Jawaharlal Nehru Medical College, Room 101",Central Library Services,low
Water cooler temperature sensor not chilling,"Urgent attention needed. The drinking water cooler in Indira Gandhi Hall, Room 202 is dispensing room-temperature water even though power is on. Please send maintenance technician as soon as possible.","Indira Gandhi Hall, Room 202",Hostel Water Supply,normal
Central air conditioning failure in critical computer lab,"Student grievance submitted. All 40 desktop computers shutting down due to thermal throttling after AC units stopped in Jawaharlal Nehru Medical College, Room Seminar Hall. Has happened previously as well.","Jawaharlal Nehru Medical College, Room Seminar Hall",Commerce Computer Lab Equipment,high
"Electric shock from water cooler in Faculty of Science, Room 101",Students getting mild electric shock whenever touching the water cooler body. Please disconnect power immediately.,"Faculty of Science, Room 101",Estate Electrical Maintenance,urgent
Main water pipeline burst flooding corridor,"Urgent attention needed. Main high pressure water pipe burst in Mohsinul Mulk Hall, Room 208, water rushing into ground floor rooms and near power sockets. Please send maintenance technician as soon as possible.","Mohsinul Mulk Hall, Room 208",Hostel Water Supply,urgent
Door stopper rubber missing on main entrance,"Student grievance submitted. The floor door stopper rubber pad in Faculty of Life Sciences, Room 202 has worn away, causing the door to knock against wall. Has happened previously as well.","Faculty of Life Sciences, Room 202",Estate Carpentry,low
Minor squeaking in library wooden chair,"Two wooden reading chairs at table 4 in Faculty of Social Sciences, Room 101 squeak when sitting down.","Faculty of Social Sciences, Room 101",Central Library Services,low
Heavy water leakage soaking library reference book section,"Affecting regular classes. Rainwater leaking through roof directly above rare journals and reference racks in Viqarul Mulk Hall, Room Seminar Hall. Kindly inspect and rectify.","Viqarul Mulk Hall, Room Seminar Hall",Central Library Reading Room Maintenance,high
Tubelight fused in study room,"Student grievance submitted. The tube light fixture in Faculty of Law, Room 202 has stopped turning on. Choke or starter might need replacement. Has happened previously as well.","Faculty of Law, Room 202",Estate Electrical Maintenance,normal
Request for additional waste bin near lawn bench,"Affecting regular classes. Students sitting near the garden area outside Viqarul Mulk Hall, Room 305 request an extra trash bin to keep grounds clean. Kindly inspect and rectify.","Viqarul Mulk Hall, Room 305",Hostel Sanitation,low
Ceiling plaster slab collapsed in classroom,"Student grievance submitted. A large heavy chunk of concrete plaster fell from the ceiling onto desks in Faculty of Arts, Room Lab 2. Luckily no student was under it. Has happened previously as well.","Faculty of Arts, Room Lab 2",Estate Civil Works,urgent
Request for additional waste bin near lawn bench,"Student grievance submitted. Students sitting near the garden area outside Nadeem Tarin Hall, Room Lab 2 request an extra trash bin to keep grounds clean. Has happened previously as well.","Nadeem Tarin Hall, Room Lab 2",Hostel Sanitation,low
Printer paper jam roller error in department office,"Affecting regular classes. Office multi-function laser printer in Faculty of Commerce, Room 208 jams paper on every double-sided print job. Kindly inspect and rectify.","Faculty of Commerce, Room 208",Commerce Office Equipment,normal
Short circuit sparked inside hostel room,"Reported by resident students. Sparking occurred in ceiling fan wiring in Mohammad Habib Hall, Room 312, circuit breaker tripped and smoke filled the room. Ongoing for several hours.","Mohammad Habib Hall, Room 312",Hostel Room Maintenance,urgent
Smoke coming from server rack in computer lab,"Dense white smoke and burning plastic odor coming from server room at Central Library, Room 208. Immediate fire hazard.","Central Library, Room 208",Engineering Computer Systems,urgent
Window glass pane cracked and rattling in wind,"Urgent attention needed. One of the glass window panes in Faculty of Science, Room Seminar Hall is cracked across the middle and needs glazing replacement. Please send maintenance technician as soon as possible.","Faculty of Science, Room Seminar Hall",Estate Carpentry,normal
Drainage slow in laboratory sink basin,"Urgent attention needed. Water drains very slowly in wash basin 3 of Faculty of Agricultural Sciences, Room 104. Probably choked with residue. Please send maintenance technician as soon as possible.","Faculty of Agricultural Sciences, Room 104",Science Laboratory Equipment,normal
Request for additional waste bin near lawn bench,"Student grievance submitted. Students sitting near the garden area outside Ross Masood Hall, Room 202 request an extra trash bin to keep grounds clean. Has happened previously as well.","Ross Masood Hall, Room 202",Hostel Sanitation,low
Washroom tap dripping continuously,"Affecting regular classes. The basin tap in Central Library, Room 312 cannot be shut tight and drips water constantly, wasting clean water. Kindly inspect and rectify.","Central Library, Room 312",Estate Plumbing,normal
Complete power outage in academic block during lectures,"Student grievance submitted. Power has gone out completely in entire Central Library, Room Seminar Hall building. Inverters are not backing up the lighting. Has happened previously as well.","Central Library, Room Seminar Hall",Estate Electrical Maintenance,high
Floor tiles have minor scuff marks near doorway,"Student grievance submitted. Scuff marks from moved equipment near the lab entrance at Central Library, Room 104. Needs routine buffing. Has happened previously as well.","Central Library, Room 104",Estate Civil Works,low
Floor tiles have minor scuff marks near doorway,"Student grievance submitted. Scuff marks from moved equipment near the lab entrance at Faculty of Science, Room Lab 2. Needs routine buffing. Has happened previously as well.","Faculty of Science, Room Lab 2",Estate Civil Works,low
Window glass pane cracked and rattling in wind,"Student grievance submitted. One of the glass window panes in Central Library, Room 401 is cracked across the middle and needs glazing replacement. Has happened previously as well.","Central Library, Room 401",Estate Carpentry,normal
Main water storage tank overflowing continuously onto roof,"Affecting regular classes. Overhead tank motor is not auto-shutting off, thousands of liters of clean water spilling from Faculty of Agricultural Sciences, Room 101. Kindly inspect and rectify.","Faculty of Agricultural Sciences, Room 101",Estate Plumbing,high
Curtain bracket slightly bent in seminar room,"Student grievance submitted. One of the curtain rod brackets near the front window in Faculty of Science, Room 101 is slightly tilted. Has happened previously as well.","Faculty of Science, Room 101",Arts Classroom Furniture,low
Biohazard waste bin tipped over near patient entrance,"Reported by resident students. Infectious medical waste container overturned spilling used syringes and dressings near Faculty of Law, Room 305. Ongoing for several hours.","Faculty of Law, Room 305",JNMC Hospital Infrastructure,urgent
Drainage slow in laboratory sink basin,"Student grievance submitted. Water drains very slowly in wash basin 3 of Faculty of Science, Room 101. Probably choked with residue. Has happened previously as well.","Faculty of Science, Room 101",Science Laboratory Equipment,normal
No water supply in entire hostel wing since morning,"Student grievance submitted. All washrooms and taps in Hadi Hasan Hall, Room Seminar Hall have zero running water for past 12 hours. Over 100 resident students affected. Has happened previously as well.","Hadi Hasan Hall, Room Seminar Hall",Hostel Water Supply,high
Complete power outage in academic block during lectures,"Student grievance submitted. Power has gone out completely in entire Faculty of Science, Room 104 building. Inverters are not backing up the lighting. Has happened previously as well.","Faculty of Science, Room 104",Estate Electrical Maintenance,high
Water cooler temperature sensor not chilling,"Urgent attention needed. The drinking water cooler in Sir Syed Hall (North), Room 305 is dispensing room-temperature water even though power is on. Please send maintenance technician as soon as possible.","Sir Syed Hall (North), Room 305",Hostel Water Supply,normal
Floor tiles have minor scuff marks near doorway,"Affecting regular classes. Scuff marks from moved equipment near the lab entrance at Jawaharlal Nehru Medical College, Room 104. Needs routine buffing. Kindly inspect and rectify.","Jawaharlal Nehru Medical College, Room 104",Estate Civil Works,low
Exposed live electrical cable lying on floor,"A thick live wire has fallen down near Faculty of Agricultural Sciences, Room Seminar Hall with sparks visible. Extremely dangerous for passing students.","Faculty of Agricultural Sciences, Room Seminar Hall",Estate Electrical Maintenance,urgent
Central air conditioning failure in critical computer lab,"Student grievance submitted. All 40 desktop computers shutting down due to thermal throttling after AC units stopped in Faculty of Science, Room 208. Has happened previously as well.","Faculty of Science, Room 208",Commerce Computer Lab Equipment,high
Severe flooding entering basement electrical room,"Affecting regular classes. Heavy rainwater gushing into electrical transformer room in basement of Faculty of Arts, Room 202. Kindly inspect and rectify.","Faculty of Arts, Room 202",Estate Civil Works,urgent
Main water storage tank overflowing continuously onto roof,"Urgent attention needed. Overhead tank motor is not auto-shutting off, thousands of liters of clean water spilling from Central Library, Room 305. Please send maintenance technician as soon as possible.","Central Library, Room 305",Estate Plumbing,high
Sewage line overflow flooding hostel entrance corridor,"Drainage backflow is spilling foul-smelling sewage across the main walking pathway of Sir Ziauddin Hall, Room 104.","Sir Ziauddin Hall, Room 104",Hostel Sanitation,high
Sewage line overflow flooding hostel entrance corridor,"Reported by resident students. Drainage backflow is spilling foul-smelling sewage across the main walking pathway of Begum Sultan Jahan Hall, Room 401. Ongoing for several hours.","Begum Sultan Jahan Hall, Room 401",Hostel Sanitation,high
Ceiling fan making loud rattling noise in room,"Urgent attention needed. The ceiling fan in Ross Masood Hall, Room Wing B vibrates excessively and produces squeaking sound when set above speed 2. Please send maintenance technician as soon as possible.","Ross Masood Hall, Room Wing B",Hostel Room Maintenance,normal
"Key server gateway unreachable, semester results page down","Reported by resident students. Core department web server in Central Library, Room 401 is unresponsive (HTTP 502). Students cannot download admit cards. Ongoing for several hours.","Central Library, Room 401",IT Software & Portals,high
"Hostel mess water purifier broken, no drinking water","Commercial RO water filter at Hadi Hasan Hall, Room 202 has stopped dispensing clean drinking water. Students forced to buy bottles.","Hadi Hasan Hall, Room 202",Hostel Water Supply,high
Sewage line overflow flooding hostel entrance corridor,"Drainage backflow is spilling foul-smelling sewage across the main walking pathway of Sir Syed Hall (South), Room 208.","Sir Syed Hall (South), Room 208",Hostel Sanitation,high
Water cooler temperature sensor not chilling,"Urgent attention needed. The drinking water cooler in Sir Syed Hall (South), Room 305 is dispensing room-temperature water even though power is on. Please send maintenance technician as soon as possible.","Sir Syed Hall (South), Room 305",Hostel Water Supply,normal
Wall paint peeling off in corridor corner,"Some paint plaster is flaking off near the stairwell notice board of Faculty of Social Sciences, Room Lab 2. Needs a patch coat.","Faculty of Social Sciences, Room Lab 2",Estate Civil Works,low
Campus Wi-Fi and portal completely inaccessible before exam deadline,"Wi-Fi access points across Faculty of Life Sciences, Room Seminar Hall are dropping all connections. Students unable to access student portal.","Faculty of Life Sciences, Room Seminar Hall",IT Network & Connectivity,high
"Key server gateway unreachable, semester results page down","Core department web server in Faculty of Arts, Room 401 is unresponsive (HTTP 502). Students cannot download admit cards.","Faculty of Arts, Room 401",IT Software & Portals,high
Smoke coming from server rack in computer lab,"Reported by resident students. Dense white smoke and burning plastic odor coming from server room at Jawaharlal Nehru Medical College, Room 401. Immediate fire hazard. Ongoing for several hours.","Jawaharlal Nehru Medical College, Room 401",Engineering Computer Systems,urgent
Main water storage tank overflowing continuously onto roof,"Affecting regular classes. Overhead tank motor is not auto-shutting off, thousands of liters of clean water spilling from Faculty of Management Studies, Room Seminar Hall. Kindly inspect and rectify.","Faculty of Management Studies, Room Seminar Hall",Estate Plumbing,high
Request for pest control spray in garden flowerbeds,"Urgent attention needed. Routine seasonal insect repellent spray requested for hedges surrounding Faculty of Agricultural Sciences, Room Seminar Hall. Please send maintenance technician as soon as possible.","Faculty of Agricultural Sciences, Room Seminar Hall",Agricultural Infrastructure,low
"Key server gateway unreachable, semester results page down","Core department web server in Faculty of Law, Room 305 is unresponsive (HTTP 502). Students cannot download admit cards.","Faculty of Law, Room 305",IT Software & Portals,high
Water cooler temperature sensor not chilling,"Urgent attention needed. The drinking water cooler in Sir Ziauddin Hall, Room Wing B is dispensing room-temperature water even though power is on. Please send maintenance technician as soon as possible.","Sir Ziauddin Hall, Room Wing B",Hostel Water Supply,normal
Ceiling plaster slab collapsed in classroom,"Affecting regular classes. A large heavy chunk of concrete plaster fell from the ceiling onto desks in Faculty of Law, Room 305. Luckily no student was under it. Kindly inspect and rectify.","Faculty of Law, Room 305",Estate Civil Works,urgent
Wall paint peeling off in corridor corner,"Student grievance submitted. Some paint plaster is flaking off near the stairwell notice board of Faculty of Science, Room 101. Needs a patch coat. Has happened previously as well.","Faculty of Science, Room 101",Estate Civil Works,low
Main water storage tank overflowing continuously onto roof,"Overhead tank motor is not auto-shutting off, thousands of liters of clean water spilling from Faculty of Law, Room Wing B.","Faculty of Law, Room Wing B",Estate Plumbing,high
All projectors and audio systems failing in seminar hall,"Reported by resident students. Audio amplifier and main display projector in Jawaharlal Nehru Medical College, Room 202 failed right before scheduled university guest lecture. Ongoing for several hours.","Jawaharlal Nehru Medical College, Room 202",Arts Audio-Visual Equipment,high
Water cooler temperature sensor not chilling,"Affecting regular classes. The drinking water cooler in Sir Syed Hall (North), Room 104 is dispensing room-temperature water even though power is on. Kindly inspect and rectify.","Sir Syed Hall (North), Room 104",Hostel Water Supply,normal
Wall paint peeling off in corridor corner,"Some paint plaster is flaking off near the stairwell notice board of Faculty of Social Sciences, Room 401. Needs a patch coat.","Faculty of Social Sciences, Room 401",Estate Civil Works,low
Main water storage tank overflowing continuously onto roof,"Student grievance submitted. Overhead tank motor is not auto-shutting off, thousands of liters of clean water spilling from Jawaharlal Nehru Medical College, Room 401. Has happened previously as well.","Jawaharlal Nehru Medical College, Room 401",Estate Plumbing,high
Short circuit sparked inside hostel room,"Affecting regular classes. Sparking occurred in ceiling fan wiring in Sir Shah Sulaiman Hall, Room 104, circuit breaker tripped and smoke filled the room. Kindly inspect and rectify.","Sir Shah Sulaiman Hall, Room 104",Hostel Room Maintenance,urgent
Severe sparking from main distribution board,"Electric sparks and burning smell coming from the main switchboard near Faculty of Science, Room 401. High risk of fire.","Faculty of Science, Room 401",Estate Electrical Maintenance,urgent
Severe sparking from main distribution board,"Reported by resident students. Electric sparks and burning smell coming from the main switchboard near Jawaharlal Nehru Medical College, Room 312. High risk of fire. Ongoing for several hours.","Jawaharlal Nehru Medical College, Room 312",Estate Electrical Maintenance,urgent
"Hostel mess water purifier broken, no drinking water","Affecting regular classes. Commercial RO water filter at Viqarul Mulk Hall, Room Seminar Hall has stopped dispensing clean drinking water. Students forced to buy bottles. Kindly inspect and rectify.","Viqarul Mulk Hall, Room Seminar Hall",Hostel Water Supply,high
Main water storage tank overflowing continuously onto roof,"Affecting regular classes. Overhead tank motor is not auto-shutting off, thousands of liters of clean water spilling from Faculty of Life Sciences, Room 104. Kindly inspect and rectify.","Faculty of Life Sciences, Room 104",Estate Plumbing,high
Tubelight fused in study room,"Student grievance submitted. The tube light fixture in Faculty of Science, Room 401 has stopped turning on. Choke or starter might need replacement. Has happened previously as well.","Faculty of Science, Room 401",Estate Electrical Maintenance,normal
Campus Wi-Fi and portal completely inaccessible before exam deadline,"Student grievance submitted. Wi-Fi access points across Faculty of Social Sciences, Room 312 are dropping all connections. Students unable to access student portal. Has happened previously as well.","Faculty of Social Sciences, Room 312",IT Network & Connectivity,high
Main gate barrier collapsed blocking emergency ambulance access,"Heavy security gate broke and fell across the road at Faculty of Management Studies, Room 202, blocking vehicular entrance completely.","Faculty of Management Studies, Room 202",Campus Security,urgent
Window glass pane cracked and rattling in wind,"Urgent attention needed. One of the glass window panes in Faculty of Arts, Room 104 is cracked across the middle and needs glazing replacement. Please send maintenance technician as soon as possible.","Faculty of Arts, Room 104",Estate Carpentry,normal
Main water storage tank overflowing continuously onto roof,"Urgent attention needed. Overhead tank motor is not auto-shutting off, thousands of liters of clean water spilling from Faculty of Commerce, Room 305. Please send maintenance technician as soon as possible.","Faculty of Commerce, Room 305",Estate Plumbing,high
Keypad letters worn off on library public search terminal,"Affecting regular classes. The keyboard letters E, T, and N are faded on the catalog computer in Faculty of Life Sciences, Room 312. Kindly inspect and rectify.","Faculty of Life Sciences, Room 312",Central Library Services,low
Main water storage tank overflowing continuously onto roof,"Student grievance submitted. Overhead tank motor is not auto-shutting off, thousands of liters of clean water spilling from Jawaharlal Nehru Medical College, Room Lab 2. Has happened previously as well.","Jawaharlal Nehru Medical College, Room Lab 2",Estate Plumbing,high
Tubelight fused in study room,"The tube light fixture in Faculty of Life Sciences, Room Lab 2 has stopped turning on. Choke or starter might need replacement.","Faculty of Life Sciences, Room Lab 2",Estate Electrical Maintenance,normal
Window glass pane cracked and rattling in wind,"Affecting regular classes. One of the glass window panes in Faculty of Science, Room 208 is cracked across the middle and needs glazing replacement. Kindly inspect and rectify.","Faculty of Science, Room 208",Estate Carpentry,normal
Minor squeaking in library wooden chair,"Urgent attention needed. Two wooden reading chairs at table 4 in Faculty of Life Sciences, Room 208 squeak when sitting down. Please send maintenance technician as soon as possible.","Faculty of Life Sciences, Room 208",Central Library Services,low
All projectors and audio systems failing in seminar hall,"Urgent attention needed. Audio amplifier and main display projector in Faculty of Commerce, Room Lab 2 failed right before scheduled university guest lecture. Please send maintenance technician as soon as possible.","Faculty of Commerce, Room Lab 2",Arts Audio-Visual Equipment,high
Window glass pane cracked and rattling in wind,"Urgent attention needed. One of the glass window panes in Faculty of Agricultural Sciences, Room Wing B is cracked across the middle and needs glazing replacement. Please send maintenance technician as soon as possible.","Faculty of Agricultural Sciences, Room Wing B",Estate Carpentry,normal
Classroom whiteboard frame loose on wall,"The wall mounting brackets on the left side of the marker board in Faculty of Arts, Room 305 have come unscrewed.","Faculty of Arts, Room 305",Arts Classroom Furniture,normal
LAN port connector loose in computer desk,"Urgent attention needed. Ethernet RJ45 wall jack at desk 14 in Faculty of Law, Room Seminar Hall has a broken clip and disconnects whenever the wire moves. Please send maintenance technician as soon as possible.","Faculty of Law, Room Seminar Hall",IT Network & Connectivity,normal
Central air conditioning failure in critical computer lab,"Affecting regular classes. All 40 desktop computers shutting down due to thermal throttling after AC units stopped in Central Library, Room 104. Kindly inspect and rectify.","Central Library, Room 104",Commerce Computer Lab Equipment,high
"Hostel mess water purifier broken, no drinking water","Reported by resident students. Commercial RO water filter at Sir Syed Hall (North), Room 101 has stopped dispensing clean drinking water. Students forced to buy bottles. Ongoing for several hours.","Sir Syed Hall (North), Room 101",Hostel Water Supply,high
Keypad letters worn off on library public search terminal,"Affecting regular classes. The keyboard letters E, T, and N are faded on the catalog computer in Faculty of Social Sciences, Room 305. Kindly inspect and rectify.","Faculty of Social Sciences, Room 305",Central Library Services,low
"Key server gateway unreachable, semester results page down","Core department web server in Faculty of Life Sciences, Room Seminar Hall is unresponsive (HTTP 502). Students cannot download admit cards.","Faculty of Life Sciences, Room Seminar Hall",IT Software & Portals,high
Printer paper jam roller error in department office,"Office multi-function laser printer in Faculty of Social Sciences, Room 208 jams paper on every double-sided print job.","Faculty of Social Sciences, Room 208",Commerce Office Equipment,normal
Window blind pull cord slightly frayed,"The nylon pull cord for the roller blind in Bibi Fatima Hall, Room 208 has frayed threads near the bottom tassel.","Bibi Fatima Hall, Room 208",Hostel Room Maintenance,low
"Electric shock from water cooler in Faculty of Life Sciences, Room Lab 2",Students getting mild electric shock whenever touching the water cooler body. Please disconnect power immediately.,"Faculty of Life Sciences, Room Lab 2",Estate Electrical Maintenance,urgent
Main gate barrier collapsed blocking emergency ambulance access,"Reported by resident students. Heavy security gate broke and fell across the road at Zakir Husain College of Engg & Tech, Room Lab 2, blocking vehicular entrance completely. Ongoing for several hours.","Zakir Husain College of Engg & Tech, Room Lab 2",Campus Security,urgent
Wall paint peeling off in corridor corner,"Urgent attention needed. Some paint plaster is flaking off near the stairwell notice board of Jawaharlal Nehru Medical College, Room 101. Needs a patch coat. Please send maintenance technician as soon as possible.","Jawaharlal Nehru Medical College, Room 101",Estate Civil Works,low
Sewage line overflow flooding hostel entrance corridor,"Drainage backflow is spilling foul-smelling sewage across the main walking pathway of Sir Syed Hall (South), Room 208.","Sir Syed Hall (South), Room 208",Hostel Sanitation,high
Classroom whiteboard frame loose on wall,"The wall mounting brackets on the left side of the marker board in Faculty of Life Sciences, Room 312 have come unscrewed.","Faculty of Life Sciences, Room 312",Arts Classroom Furniture,normal
Heavy water leakage soaking library reference book section,"Reported by resident students. Rainwater leaking through roof directly above rare journals and reference racks in Sir Syed Hall (North), Room 208. Ongoing for several hours.","Sir Syed Hall (North), Room 208",Central Library Reading Room Maintenance,high
Heavy water leakage soaking library reference book section,"Urgent attention needed. Rainwater leaking through roof directly above rare journals and reference racks in Sir Ziauddin Hall, Room 401. Please send maintenance technician as soon as possible.","Sir Ziauddin Hall, Room 401",Central Library Reading Room Maintenance,high
Printer paper jam roller error in department office,"Student grievance submitted. Office multi-function laser printer in Zakir Husain College of Engg & Tech, Room 401 jams paper on every double-sided print job. Has happened previously as well.","Zakir Husain College of Engg & Tech, Room 401",Commerce Office Equipment,normal
Request for pest control spray in garden flowerbeds,"Student grievance submitted. Routine seasonal insect repellent spray requested for hedges surrounding Faculty of Commerce, Room 202. Has happened previously as well.","Faculty of Commerce, Room 202",Agricultural Infrastructure,low
Main water storage tank overflowing continuously onto roof,"Affecting regular classes. Overhead tank motor is not auto-shutting off, thousands of liters of clean water spilling from Faculty of Life Sciences, Room Lab 2. Kindly inspect and rectify.","Faculty of Life Sciences, Room Lab 2",Estate Plumbing,high
Classroom whiteboard frame loose on wall,"Student grievance submitted. The wall mounting brackets on the left side of the marker board in Central Library, Room 208 have come unscrewed. Has happened previously as well.","Central Library, Room 208",Arts Classroom Furniture,normal
Water cooler temperature sensor not chilling,"The drinking water cooler in Hadi Hasan Hall, Room 312 is dispensing room-temperature water even though power is on.","Hadi Hasan Hall, Room 312",Hostel Water Supply,normal
No water supply in entire hostel wing since morning,"Student grievance submitted. All washrooms and taps in Dr. B.R. Ambedkar Hall, Room Seminar Hall have zero running water for past 12 hours. Over 100 resident students affected. Has happened previously as well.","Dr. B.R. Ambedkar Hall, Room Seminar Hall",Hostel Water Supply,high
Wall paint peeling off in corridor corner,"Urgent attention needed. Some paint plaster is flaking off near the stairwell notice board of Faculty of Law, Room 305. Needs a patch coat. Please send maintenance technician as soon as possible.","Faculty of Law, Room 305",Estate Civil Works,low
LAN port connector loose in computer desk,"Reported by resident students. Ethernet RJ45 wall jack at desk 14 in Faculty of Commerce, Room 312 has a broken clip and disconnects whenever the wire moves. Ongoing for several hours.","Faculty of Commerce, Room 312",IT Network & Connectivity,normal
Washroom tap dripping continuously,"The basin tap in Faculty of Commerce, Room 101 cannot be shut tight and drips water constantly, wasting clean water.","Faculty of Commerce, Room 101",Estate Plumbing,normal
Chemical spill in chemistry laboratory,"Reported by resident students. Concentrated acid bottle broke on lab floor in Faculty of Commerce, Room 401, releasing pungent toxic fumes. Area needs hazmat clearing. Ongoing for several hours.","Faculty of Commerce, Room 401",Science Chemical Safety,urgent
Classroom whiteboard frame loose on wall,"Student grievance submitted. The wall mounting brackets on the left side of the marker board in Faculty of Science, Room Seminar Hall have come unscrewed. Has happened previously as well.","Faculty of Science, Room Seminar Hall",Arts Classroom Furniture,normal
Printer paper jam roller error in department office,"Student grievance submitted. Office multi-function laser printer in Faculty of Life Sciences, Room 208 jams paper on every double-sided print job. Has happened previously as well.","Faculty of Life Sciences, Room 208",Commerce Office Equipment,normal
Severe sparking from main distribution board,"Student grievance submitted. Electric sparks and burning smell coming from the main switchboard near Faculty of Life Sciences, Room Lab 2. High risk of fire. Has happened previously as well.","Faculty of Life Sciences, Room Lab 2",Estate Electrical Maintenance,urgent
Classroom whiteboard frame loose on wall,"Reported by resident students. The wall mounting brackets on the left side of the marker board in Faculty of Arts, Room Wing B have come unscrewed. Ongoing for several hours.","Faculty of Arts, Room Wing B",Arts Classroom Furniture,normal
Exposed live electrical cable lying on floor,"A thick live wire has fallen down near Faculty of Social Sciences, Room 101 with sparks visible. Extremely dangerous for passing students.","Faculty of Social Sciences, Room 101",Estate Electrical Maintenance,urgent
Central air conditioning failure in critical computer lab,"Student grievance submitted. All 40 desktop computers shutting down due to thermal throttling after AC units stopped in Faculty of Social Sciences, Room 305. Has happened previously as well.","Faculty of Social Sciences, Room 305",Commerce Computer Lab Equipment,high
Elevator stuck between floors with students inside,"Lift in Faculty of Life Sciences, Room 312 suddenly stopped between 2nd and 3rd floor. 4 students trapped inside with alarm ringing.","Faculty of Life Sciences, Room 312",Estate Civil Works,urgent
Window blind pull cord slightly frayed,"The nylon pull cord for the roller blind in Viqarul Mulk Hall, Room 104 has frayed threads near the bottom tassel.","Viqarul Mulk Hall, Room 104",Hostel Room Maintenance,low
Main water storage tank overflowing continuously onto roof,"Overhead tank motor is not auto-shutting off, thousands of liters of clean water spilling from Central Library, Room 104.","Central Library, Room 104",Estate Plumbing,high
Elevator stuck between floors with students inside,"Reported by resident students. Lift in Zakir Husain College of Engg & Tech, Room 305 suddenly stopped between 2nd and 3rd floor. 4 students trapped inside with alarm ringing. Ongoing for several hours.","Zakir Husain College of Engg & Tech, Room 305",Estate Civil Works,urgent
Central air conditioning failure in critical computer lab,"Urgent attention needed. All 40 desktop computers shutting down due to thermal throttling after AC units stopped in Faculty of Social Sciences, Room Wing B. Please send maintenance technician as soon as possible.","Faculty of Social Sciences, Room Wing B",Commerce Computer Lab Equipment,high
Central air conditioning failure in critical computer lab,"Student grievance submitted. All 40 desktop computers shutting down due to thermal throttling after AC units stopped in Jawaharlal Nehru Medical College, Room 202. Has happened previously as well.","Jawaharlal Nehru Medical College, Room 202",Commerce Computer Lab Equipment,high
Chemical spill in chemistry laboratory,"Concentrated acid bottle broke on lab floor in Zakir Husain College of Engg & Tech, Room Seminar Hall, releasing pungent toxic fumes. Area needs hazmat clearing.","Zakir Husain College of Engg & Tech, Room Seminar Hall",Science Chemical Safety,urgent
Chemical spill in chemistry laboratory,"Urgent attention needed. Concentrated acid bottle broke on lab floor in Faculty of Commerce, Room 305, releasing pungent toxic fumes. Area needs hazmat clearing. Please send maintenance technician as soon as possible.","Faculty of Commerce, Room 305",Science Chemical Safety,urgent
LAN port connector loose in computer desk,"Urgent attention needed. Ethernet RJ45 wall jack at desk 14 in Faculty of Agricultural Sciences, Room 305 has a broken clip and disconnects whenever the wire moves. Please send maintenance technician as soon as possible.","Faculty of Agricultural Sciences, Room 305",IT Network & Connectivity,normal
Printer paper jam roller error in department office,"Affecting regular classes. Office multi-function laser printer in Faculty of Life Sciences, Room Seminar Hall jams paper on every double-sided print job. Kindly inspect and rectify.","Faculty of Life Sciences, Room Seminar Hall",Commerce Office Equipment,normal
Wall paint peeling off in corridor corner,"Student grievance submitted. Some paint plaster is flaking off near the stairwell notice board of Faculty of Social Sciences, Room 401. Needs a patch coat. Has happened previously as well.","Faculty of Social Sciences, Room 401",Estate Civil Works,low
Biohazard waste bin tipped over near patient entrance,"Affecting regular classes. Infectious medical waste container overturned spilling used syringes and dressings near Jawaharlal Nehru Medical College, Room 312. Kindly inspect and rectify.","Jawaharlal Nehru Medical College, Room 312",JNMC Hospital Infrastructure,urgent
Printer paper jam roller error in department office,"Affecting regular classes. Office multi-function laser printer in Faculty of Arts, Room Seminar Hall jams paper on every double-sided print job. Kindly inspect and rectify.","Faculty of Arts, Room Seminar Hall",Commerce Office Equipment,normal
Keypad letters worn off on library public search terminal,"Urgent attention needed. The keyboard letters E, T, and N are faded on the catalog computer in Faculty of Management Studies, Room 208. Please send maintenance technician as soon as possible.","Faculty of Management Studies, Room 208",Central Library Services,low
"Key server gateway unreachable, semester results page down","Urgent attention needed. Core department web server in Jawaharlal Nehru Medical College, Room Seminar Hall is unresponsive (HTTP 502). Students cannot download admit cards. Please send maintenance technician as soon as possible.","Jawaharlal Nehru Medical College, Room Seminar Hall",IT Software & Portals,high
Minor squeaking in library wooden chair,"Student grievance submitted. Two wooden reading chairs at table 4 in Faculty of Management Studies, Room Wing B squeak when sitting down. Has happened previously as well.","Faculty of Management Studies, Room Wing B",Central Library Services,low
Ceiling plaster slab collapsed in classroom,"A large heavy chunk of concrete plaster fell from the ceiling onto desks in Central Library, Room 202. Luckily no student was under it.","Central Library, Room 202",Estate Civil Works,urgent
Request for pest control spray in garden flowerbeds,"Reported by resident students. Routine seasonal insect repellent spray requested for hedges surrounding Zakir Husain College of Engg & Tech, Room 312. Ongoing for several hours.","Zakir Husain College of Engg & Tech, Room 312",Agricultural Infrastructure,low
Chemical spill in chemistry laboratory,"Affecting regular classes. Concentrated acid bottle broke on lab floor in Faculty of Commerce, Room Seminar Hall, releasing pungent toxic fumes. Area needs hazmat clearing. Kindly inspect and rectify.","Faculty of Commerce, Room Seminar Hall",Science Chemical Safety,urgent
Door stopper rubber missing on main entrance,"Student grievance submitted. The floor door stopper rubber pad in Faculty of Social Sciences, Room 312 has worn away, causing the door to knock against wall. Has happened previously as well.","Faculty of Social Sciences, Room 312",Estate Carpentry,low
Main water pipeline burst flooding corridor,"Reported by resident students. Main high pressure water pipe burst in Bibi Fatima Hall, Room 101, water rushing into ground floor rooms and near power sockets. Ongoing for several hours.","Bibi Fatima Hall, Room 101",Hostel Water Supply,urgent
Campus Wi-Fi and portal completely inaccessible before exam deadline,"Affecting regular classes. Wi-Fi access points across Faculty of Management Studies, Room 312 are dropping all connections. Students unable to access student portal. Kindly inspect and rectify.","Faculty of Management Studies, Room 312",IT Network & Connectivity,high
Minor squeaking in library wooden chair,"Reported by resident students. Two wooden reading chairs at table 4 in Faculty of Life Sciences, Room 104 squeak when sitting down. Ongoing for several hours.","Faculty of Life Sciences, Room 104",Central Library Services,low
Tubelight fused in study room,"Student grievance submitted. The tube light fixture in Faculty of Law, Room Lab 2 has stopped turning on. Choke or starter might need replacement. Has happened previously as well.","Faculty of Law, Room Lab 2",Estate Electrical Maintenance,normal
Door lock latch jammed from inside,"Affecting regular classes. The mortise door lock of Faculty of Management Studies, Room 101 is sticking and difficult to turn with the key. Needs oiling or realignment. Kindly inspect and rectify.","Faculty of Management Studies, Room 101",Estate Carpentry,normal
Ceiling fan making loud rattling noise in room,"Urgent attention needed. The ceiling fan in Aftab Hall, Room Wing B vibrates excessively and produces squeaking sound when set above speed 2. Please send maintenance technician as soon as possible.","Aftab Hall, Room Wing B",Hostel Room Maintenance,normal
Main water storage tank overflowing continuously onto roof,"Urgent attention needed. Overhead tank motor is not auto-shutting off, thousands of liters of clean water spilling from Faculty of Social Sciences, Room 101. Please send maintenance technician as soon as possible.","Faculty of Social Sciences, Room 101",Estate Plumbing,high
Central air conditioning failure in critical computer lab,"All 40 desktop computers shutting down due to thermal throttling after AC units stopped in Faculty of Commerce, Room Lab 2.","Faculty of Commerce, Room Lab 2",Commerce Computer Lab Equipment,high
"Electric shock from water cooler in Faculty of Management Studies, Room 208",Reported by resident students. Students getting mild electric shock whenever touching the water cooler body. Please disconnect power immediately. Ongoing for several hours.,"Faculty of Management Studies, Room 208",Estate Electrical Maintenance,urgent
LPG gas cylinder leaking in dining kitchen,"Affecting regular classes. Strong smell of cooking gas leaking near commercial burners in Mohsinul Mulk Hall, Room 101 mess kitchen. Risk of explosion. Kindly inspect and rectify.","Mohsinul Mulk Hall, Room 101",Hostel Sanitation,urgent
Main gate barrier collapsed blocking emergency ambulance access,"Reported by resident students. Heavy security gate broke and fell across the road at Central Library, Room 101, blocking vehicular entrance completely. Ongoing for several hours.","Central Library, Room 101",Campus Security,urgent
Main gate barrier collapsed blocking emergency ambulance access,"Student grievance submitted. Heavy security gate broke and fell across the road at Faculty of Arts, Room 305, blocking vehicular entrance completely. Has happened previously as well.","Faculty of Arts, Room 305",Campus Security,urgent
Central air conditioning failure in critical computer lab,"Affecting regular classes. All 40 desktop computers shutting down due to thermal throttling after AC units stopped in Faculty of Science, Room Lab 2. Kindly inspect and rectify.","Faculty of Science, Room Lab 2",Commerce Computer Lab Equipment,high
Complete power outage in academic block during lectures,"Power has gone out completely in entire Faculty of Commerce, Room 202 building. Inverters are not backing up the lighting.","Faculty of Commerce, Room 202",Estate Electrical Maintenance,high
Central air conditioning failure in critical computer lab,"Affecting regular classes. All 40 desktop computers shutting down due to thermal throttling after AC units stopped in Faculty of Social Sciences, Room Seminar Hall. Kindly inspect and rectify.","Faculty of Social Sciences, Room Seminar Hall",Commerce Computer Lab Equipment,high
LAN port connector loose in computer desk,"Urgent attention needed. Ethernet RJ45 wall jack at desk 14 in Faculty of Commerce, Room 401 has a broken clip and disconnects whenever the wire moves. Please send maintenance technician as soon as possible.","Faculty of Commerce, Room 401",IT Network & Connectivity,normal
Campus Wi-Fi and portal completely inaccessible before exam deadline,"Urgent attention needed. Wi-Fi access points across Faculty of Science, Room 312 are dropping all connections. Students unable to access student portal. Please send maintenance technician as soon as possible.","Faculty of Science, Room 312",IT Network & Connectivity,high
Notice board velvet cloth faded and torn,"Reported by resident students. The pinning board outside room Faculty of Social Sciences, Room 312 has worn-out fabric with old pin marks. Ongoing for several hours.","Faculty of Social Sciences, Room 312",Arts Departmental Office,low
"Hostel mess water purifier broken, no drinking water","Reported by resident students. Commercial RO water filter at Dr. B.R. Ambedkar Hall, Room Seminar Hall has stopped dispensing clean drinking water. Students forced to buy bottles. Ongoing for several hours.","Dr. B.R. Ambedkar Hall, Room Seminar Hall",Hostel Water Supply,high
Ceiling fan making loud rattling noise in room,"Affecting regular classes. The ceiling fan in Bibi Fatima Hall, Room 101 vibrates excessively and produces squeaking sound when set above speed 2. Kindly inspect and rectify.","Bibi Fatima Hall, Room 101",Hostel Room Maintenance,normal
Heavy water leakage soaking library reference book section,"Rainwater leaking through roof directly above rare journals and reference racks in Sarojini Naidu Hall, Room 208.","Sarojini Naidu Hall, Room 208",Central Library Reading Room Maintenance,high
Complete power outage in academic block during lectures,"Affecting regular classes. Power has gone out completely in entire Faculty of Social Sciences, Room Lab 2 building. Inverters are not backing up the lighting. Kindly inspect and rectify.","Faculty of Social Sciences, Room Lab 2",Estate Electrical Maintenance,high
Smoke coming from server rack in computer lab,"Student grievance submitted. Dense white smoke and burning plastic odor coming from server room at Faculty of Life Sciences, Room Wing B. Immediate fire hazard. Has happened previously as well.","Faculty of Life Sciences, Room Wing B",Engineering Computer Systems,urgent
"Hostel mess water purifier broken, no drinking water","Urgent attention needed. Commercial RO water filter at Ross Masood Hall, Room Seminar Hall has stopped dispensing clean drinking water. Students forced to buy bottles. Please send maintenance technician as soon as possible.","Ross Masood Hall, Room Seminar Hall",Hostel Water Supply,high
All projectors and audio systems failing in seminar hall,"Urgent attention needed. Audio amplifier and main display projector in Faculty of Science, Room 401 failed right before scheduled university guest lecture. Please send maintenance technician as soon as possible.","Faculty of Science, Room 401",Arts Audio-Visual Equipment,high
Heavy water leakage soaking library reference book section,"Student grievance submitted. Rainwater leaking through roof directly above rare journals and reference racks in Indira Gandhi Hall, Room 208. Has happened previously as well.","Indira Gandhi Hall, Room 208",Central Library Reading Room Maintenance,high
LAN port connector loose in computer desk,"Ethernet RJ45 wall jack at desk 14 in Faculty of Agricultural Sciences, Room Wing B has a broken clip and disconnects whenever the wire moves.","Faculty of Agricultural Sciences, Room Wing B",IT Network & Connectivity,normal
Severe flooding entering basement electrical room,"Student grievance submitted. Heavy rainwater gushing into electrical transformer room in basement of Faculty of Law, Room 101. Has happened previously as well.","Faculty of Law, Room 101",Estate Civil Works,urgent
Complete power outage in academic block during lectures,"Reported by resident students. Power has gone out completely in entire Jawaharlal Nehru Medical College, Room 312 building. Inverters are not backing up the lighting. Ongoing for several hours.","Jawaharlal Nehru Medical College, Room 312",Estate Electrical Maintenance,high
Door stopper rubber missing on main entrance,"The floor door stopper rubber pad in Faculty of Management Studies, Room 305 has worn away, causing the door to knock against wall.","Faculty of Management Studies, Room 305",Estate Carpentry,low
Ceiling fan making loud rattling noise in room,"The ceiling fan in Begum Sultan Jahan Hall, Room Lab 2 vibrates excessively and produces squeaking sound when set above speed 2.","Begum Sultan Jahan Hall, Room Lab 2",Hostel Room Maintenance,normal
Heavy water leakage soaking library reference book section,"Affecting regular classes. Rainwater leaking through roof directly above rare journals and reference racks in Ross Masood Hall, Room 312. Kindly inspect and rectify.","Ross Masood Hall, Room 312",Central Library Reading Room Maintenance,high
Window blind pull cord slightly frayed,"The nylon pull cord for the roller blind in Begum Azeezun Nisa Hall, Room Seminar Hall has frayed threads near the bottom tassel.","Begum Azeezun Nisa Hall, Room Seminar Hall",Hostel Room Maintenance,low
Water cooler temperature sensor not chilling,"Urgent attention needed. The drinking water cooler in Hadi Hasan Hall, Room 208 is dispensing room-temperature water even though power is on. Please send maintenance technician as soon as possible.","Hadi Hasan Hall, Room 208",Hostel Water Supply,normal
Smoke coming from server rack in computer lab,"Affecting regular classes. Dense white smoke and burning plastic odor coming from server room at Faculty of Social Sciences, Room 101. Immediate fire hazard. Kindly inspect and rectify.","Faculty of Social Sciences, Room 101",Engineering Computer Systems,urgent
Washroom tap dripping continuously,"Reported by resident students. The basin tap in Faculty of Management Studies, Room Seminar Hall cannot be shut tight and drips water constantly, wasting clean water. Ongoing for several hours.","Faculty of Management Studies, Room Seminar Hall",Estate Plumbing,normal
"Key server gateway unreachable, semester results page down","Reported by resident students. Core department web server in Faculty of Law, Room 101 is unresponsive (HTTP 502). Students cannot download admit cards. Ongoing for several hours.","Faculty of Law, Room 101",IT Software & Portals,high
Window glass pane cracked and rattling in wind,"Student grievance submitted. One of the glass window panes in Faculty of Life Sciences, Room 208 is cracked across the middle and needs glazing replacement. Has happened previously as well.","Faculty of Life Sciences, Room 208",Estate Carpentry,normal
Window glass pane cracked and rattling in wind,"Student grievance submitted. One of the glass window panes in Faculty of Life Sciences, Room 104 is cracked across the middle and needs glazing replacement. Has happened previously as well.","Faculty of Life Sciences, Room 104",Estate Carpentry,normal
"Hostel mess water purifier broken, no drinking water","Commercial RO water filter at Mohammad Habib Hall, Room Lab 2 has stopped dispensing clean drinking water. Students forced to buy bottles.","Mohammad Habib Hall, Room Lab 2",Hostel Water Supply,high
Classroom whiteboard frame loose on wall,"Urgent attention needed. The wall mounting brackets on the left side of the marker board in Faculty of Social Sciences, Room 305 have come unscrewed. Please send maintenance technician as soon as possible.","Faculty of Social Sciences, Room 305",Arts Classroom Furniture,normal
"Key server gateway unreachable, semester results page down","Student grievance submitted. Core department web server in Jawaharlal Nehru Medical College, Room 401 is unresponsive (HTTP 502). Students cannot download admit cards. Has happened previously as well.","Jawaharlal Nehru Medical College, Room 401",IT Software & Portals,high
Floor tiles have minor scuff marks near doorway,"Urgent attention needed. Scuff marks from moved equipment near the lab entrance at Faculty of Social Sciences, Room Wing B. Needs routine buffing. Please send maintenance technician as soon as possible.","Faculty of Social Sciences, Room Wing B",Estate Civil Works,low
Washroom tap dripping continuously,"The basin tap in Faculty of Commerce, Room Wing B cannot be shut tight and drips water constantly, wasting clean water.","Faculty of Commerce, Room Wing B",Estate Plumbing,normal
LPG gas cylinder leaking in dining kitchen,"Student grievance submitted. Strong smell of cooking gas leaking near commercial burners in Mohammad Habib Hall, Room 312 mess kitchen. Risk of explosion. Has happened previously as well.","Mohammad Habib Hall, Room 312",Hostel Sanitation,urgent
Washroom tap dripping continuously,"The basin tap in Central Library, Room 312 cannot be shut tight and drips water constantly, wasting clean water.","Central Library, Room 312",Estate Plumbing,normal
Wall paint peeling off in corridor corner,"Student grievance submitted. Some paint plaster is flaking off near the stairwell notice board of Faculty of Law, Room 401. Needs a patch coat. Has happened previously as well.","Faculty of Law, Room 401",Estate Civil Works,low
Main water pipeline burst flooding corridor,"Urgent attention needed. Main high pressure water pipe burst in Begum Sultan Jahan Hall, Room 208, water rushing into ground floor rooms and near power sockets. Please send maintenance technician as soon as possible.","Begum Sultan Jahan Hall, Room 208",Hostel Water Supply,urgent
Tubelight fused in study room,"Affecting regular classes. The tube light fixture in Faculty of Life Sciences, Room 208 has stopped turning on. Choke or starter might need replacement. Kindly inspect and rectify.","Faculty of Life Sciences, Room 208",Estate Electrical Maintenance,normal
Window glass pane cracked and rattling in wind,"Student grievance submitted. One of the glass window panes in Faculty of Law, Room 401 is cracked across the middle and needs glazing replacement. Has happened previously as well.","Faculty of Law, Room 401",Estate Carpentry,normal
Printer paper jam roller error in department office,"Office multi-function laser printer in Faculty of Science, Room 305 jams paper on every double-sided print job.","Faculty of Science, Room 305",Commerce Office Equipment,normal
Drainage slow in laboratory sink basin,"Urgent attention needed. Water drains very slowly in wash basin 3 of Central Library, Room 101. Probably choked with residue. Please send maintenance technician as soon as possible.","Central Library, Room 101",Science Laboratory Equipment,normal
Sewage line overflow flooding hostel entrance corridor,"Affecting regular classes. Drainage backflow is spilling foul-smelling sewage across the main walking pathway of Aftab Hall, Room 208. Kindly inspect and rectify.","Aftab Hall, Room 208",Hostel Sanitation,high
Washroom tap dripping continuously,"Affecting regular classes. The basin tap in Faculty of Law, Room Wing B cannot be shut tight and drips water constantly, wasting clean water. Kindly inspect and rectify.","Faculty of Law, Room Wing B",Estate Plumbing,normal
Keypad letters worn off on library public search terminal,"Urgent attention needed. The keyboard letters E, T, and N are faded on the catalog computer in Faculty of Management Studies, Room Lab 2. Please send maintenance technician as soon as possible.","Faculty of Management Studies, Room Lab 2",Central Library Services,low
Request for additional waste bin near lawn bench,"Students sitting near the garden area outside Sir Syed Hall (North), Room 104 request an extra trash bin to keep grounds clean.","Sir Syed Hall (North), Room 104",Hostel Sanitation,low
Main water storage tank overflowing continuously onto roof,"Urgent attention needed. Overhead tank motor is not auto-shutting off, thousands of liters of clean water spilling from Jawaharlal Nehru Medical College, Room Seminar Hall. Please send maintenance technician as soon as possible.","Jawaharlal Nehru Medical College, Room Seminar Hall",Estate Plumbing,high
LAN port connector loose in computer desk,"Affecting regular classes. Ethernet RJ45 wall jack at desk 14 in Central Library, Room 312 has a broken clip and disconnects whenever the wire moves. Kindly inspect and rectify.","Central Library, Room 312",IT Network & Connectivity,normal
No water supply in entire hostel wing since morning,"Affecting regular classes. All washrooms and taps in Allama Iqbal Boarding House, Room 104 have zero running water for past 12 hours. Over 100 resident students affected. Kindly inspect and rectify.","Allama Iqbal Boarding House, Room 104",Hostel Water Supply,high
Keypad letters worn off on library public search terminal,"Urgent attention needed. The keyboard letters E, T, and N are faded on the catalog computer in Faculty of Law, Room 202. Please send maintenance technician as soon as possible.","Faculty of Law, Room 202",Central Library Services,low
Tubelight fused in study room,"Urgent attention needed. The tube light fixture in Faculty of Science, Room Lab 2 has stopped turning on. Choke or starter might need replacement. Please send maintenance technician as soon as possible.","Faculty of Science, Room Lab 2",Estate Electrical Maintenance,normal
Wall paint peeling off in corridor corner,"Student grievance submitted. Some paint plaster is flaking off near the stairwell notice board of Jawaharlal Nehru Medical College, Room 101. Needs a patch coat. Has happened previously as well.","Jawaharlal Nehru Medical College, Room 101",Estate Civil Works,low
Wall paint peeling off in corridor corner,"Reported by resident students. Some paint plaster is flaking off near the stairwell notice board of Jawaharlal Nehru Medical College, Room Seminar Hall. Needs a patch coat. Ongoing for several hours.","Jawaharlal Nehru Medical College, Room Seminar Hall",Estate Civil Works,low
Heavy water leakage soaking library reference book section,"Rainwater leaking through roof directly above rare journals and reference racks in Aftab Hall, Room 401.","Aftab Hall, Room 401",Central Library Reading Room Maintenance,high
Request for pest control spray in garden flowerbeds,"Urgent attention needed. Routine seasonal insect repellent spray requested for hedges surrounding Faculty of Management Studies, Room 104. Please send maintenance technician as soon as possible.","Faculty of Management Studies, Room 104",Agricultural Infrastructure,low
Complete power outage in academic block during lectures,"Power has gone out completely in entire Faculty of Social Sciences, Room Wing B building. Inverters are not backing up the lighting.","Faculty of Social Sciences, Room Wing B",Estate Electrical Maintenance,high
Washroom tap dripping continuously,"The basin tap in Faculty of Life Sciences, Room 202 cannot be shut tight and drips water constantly, wasting clean water.","Faculty of Life Sciences, Room 202",Estate Plumbing,normal
Drainage slow in laboratory sink basin,"Water drains very slowly in wash basin 3 of Zakir Husain College of Engg & Tech, Room 104. Probably choked with residue.","Zakir Husain College of Engg & Tech, Room 104",Science Laboratory Equipment,normal
Tubelight fused in study room,"Affecting regular classes. The tube light fixture in Faculty of Commerce, Room Seminar Hall has stopped turning on. Choke or starter might need replacement. Kindly inspect and rectify.","Faculty of Commerce, Room Seminar Hall",Estate Electrical Maintenance,normal
Severe flooding entering basement electrical room,"Heavy rainwater gushing into electrical transformer room in basement of Faculty of Arts, Room 202.","Faculty of Arts, Room 202",Estate Civil Works,urgent
Curtain bracket slightly bent in seminar room,"One of the curtain rod brackets near the front window in Faculty of Life Sciences, Room 401 is slightly tilted.","Faculty of Life Sciences, Room 401",Arts Classroom Furniture,low
No water supply in entire hostel wing since morning,"All washrooms and taps in Viqarul Mulk Hall, Room 101 have zero running water for past 12 hours. Over 100 resident students affected.","Viqarul Mulk Hall, Room 101",Hostel Water Supply,high
Classroom whiteboard frame loose on wall,"Affecting regular classes. The wall mounting brackets on the left side of the marker board in Central Library, Room 101 have come unscrewed. Kindly inspect and rectify.","Central Library, Room 101",Arts Classroom Furniture,normal
Chemical spill in chemistry laboratory,"Affecting regular classes. Concentrated acid bottle broke on lab floor in Faculty of Commerce, Room 202, releasing pungent toxic fumes. Area needs hazmat clearing. Kindly inspect and rectify.","Faculty of Commerce, Room 202",Science Chemical Safety,urgent
Wall paint peeling off in corridor corner,"Reported by resident students. Some paint plaster is flaking off near the stairwell notice board of Faculty of Arts, Room Seminar Hall. Needs a patch coat. Ongoing for several hours.","Faculty of Arts, Room Seminar Hall",Estate Civil Works,low
Exposed live electrical cable lying on floor,"Student grievance submitted. A thick live wire has fallen down near Faculty of Management Studies, Room 305 with sparks visible. Extremely dangerous for passing students. Has happened previously as well.","Faculty of Management Studies, Room 305",Estate Electrical Maintenance,urgent
Classroom whiteboard frame loose on wall,"The wall mounting brackets on the left side of the marker board in Faculty of Life Sciences, Room 202 have come unscrewed.","Faculty of Life Sciences, Room 202",Arts Classroom Furniture,normal
Curtain bracket slightly bent in seminar room,"Urgent attention needed. One of the curtain rod brackets near the front window in Faculty of Law, Room 401 is slightly tilted. Please send maintenance technician as soon as possible.","Faculty of Law, Room 401",Arts Classroom Furniture,low
Sewage line overflow flooding hostel entrance corridor,"Reported by resident students. Drainage backflow is spilling foul-smelling sewage across the main walking pathway of Indira Gandhi Hall, Room 305. Ongoing for several hours.","Indira Gandhi Hall, Room 305",Hostel Sanitation,high
Drainage slow in laboratory sink basin,"Urgent attention needed. Water drains very slowly in wash basin 3 of Faculty of Management Studies, Room Wing B. Probably choked with residue. Please send maintenance technician as soon as possible.","Faculty of Management Studies, Room Wing B",Science Laboratory Equipment,normal
Sewage line overflow flooding hostel entrance corridor,"Urgent attention needed. Drainage backflow is spilling foul-smelling sewage across the main walking pathway of Mohsinul Mulk Hall, Room 312. Please send maintenance technician as soon as possible.","Mohsinul Mulk Hall, Room 312",Hostel Sanitation,high
Elevator stuck between floors with students inside,"Lift in Faculty of Law, Room 305 suddenly stopped between 2nd and 3rd floor. 4 students trapped inside with alarm ringing.","Faculty of Law, Room 305",Estate Civil Works,urgent
All projectors and audio systems failing in seminar hall,"Urgent attention needed. Audio amplifier and main display projector in Faculty of Law, Room 208 failed right before scheduled university guest lecture. Please send maintenance technician as soon as possible.","Faculty of Law, Room 208",Arts Audio-Visual Equipment,high
All projectors and audio systems failing in seminar hall,"Student grievance submitted. Audio amplifier and main display projector in Jawaharlal Nehru Medical College, Room Wing B failed right before scheduled university guest lecture. Has happened previously as well.","Jawaharlal Nehru Medical College, Room Wing B",Arts Audio-Visual Equipment,high
Window blind pull cord slightly frayed,"Affecting regular classes. The nylon pull cord for the roller blind in Allama Iqbal Boarding House, Room 312 has frayed threads near the bottom tassel. Kindly inspect and rectify.","Allama Iqbal Boarding House, Room 312",Hostel Room Maintenance,low
Classroom whiteboard frame loose on wall,"The wall mounting brackets on the left side of the marker board in Faculty of Social Sciences, Room 202 have come unscrewed.","Faculty of Social Sciences, Room 202",Arts Classroom Furniture,normal
Ceiling plaster slab collapsed in classroom,"A large heavy chunk of concrete plaster fell from the ceiling onto desks in Faculty of Science, Room 208. Luckily no student was under it.","Faculty of Science, Room 208",Estate Civil Works,urgent
Window glass pane cracked and rattling in wind,"Affecting regular classes. One of the glass window panes in Faculty of Agricultural Sciences, Room 312 is cracked across the middle and needs glazing replacement. Kindly inspect and rectify.","Faculty of Agricultural Sciences, Room 312",Estate Carpentry,normal
Tubelight fused in study room,"Student grievance submitted. The tube light fixture in Faculty of Management Studies, Room 305 has stopped turning on. Choke or starter might need replacement. Has happened previously as well.","Faculty of Management Studies, Room 305",Estate Electrical Maintenance,normal
Water cooler temperature sensor not chilling,"Urgent attention needed. The drinking water cooler in Sir Ziauddin Hall, Room Wing B is dispensing room-temperature water even though power is on. Please send maintenance technician as soon as possible.","Sir Ziauddin Hall, Room Wing B",Hostel Water Supply,normal
Sewage line overflow flooding hostel entrance corridor,"Affecting regular classes. Drainage backflow is spilling foul-smelling sewage across the main walking pathway of Aftab Hall, Room 101. Kindly inspect and rectify.","Aftab Hall, Room 101",Hostel Sanitation,high
Floor tiles have minor scuff marks near doorway,"Student grievance submitted. Scuff marks from moved equipment near the lab entrance at Faculty of Agricultural Sciences, Room 101. Needs routine buffing. Has happened previously as well.","Faculty of Agricultural Sciences, Room 101",Estate Civil Works,low
Complete power outage in academic block during lectures,"Affecting regular classes. Power has gone out completely in entire Faculty of Science, Room 202 building. Inverters are not backing up the lighting. Kindly inspect and rectify.","Faculty of Science, Room 202",Estate Electrical Maintenance,high
Classroom whiteboard frame loose on wall,"Affecting regular classes. The wall mounting brackets on the left side of the marker board in Faculty of Commerce, Room 312 have come unscrewed. Kindly inspect and rectify.","Faculty of Commerce, Room 312",Arts Classroom Furniture,normal
Severe flooding entering basement electrical room,"Heavy rainwater gushing into electrical transformer room in basement of Faculty of Science, Room 104.","Faculty of Science, Room 104",Estate Civil Works,urgent
No water supply in entire hostel wing since morning,"Reported by resident students. All washrooms and taps in Sir Syed Hall (North), Room Seminar Hall have zero running water for past 12 hours. Over 100 resident students affected. Ongoing for several hours.","Sir Syed Hall (North), Room Seminar Hall",Hostel Water Supply,high
Tubelight fused in study room,"Urgent attention needed. The tube light fixture in Central Library, Room 101 has stopped turning on. Choke or starter might need replacement. Please send maintenance technician as soon as possible.","Central Library, Room 101",Estate Electrical Maintenance,normal
LAN port connector loose in computer desk,"Reported by resident students. Ethernet RJ45 wall jack at desk 14 in Faculty of Social Sciences, Room 305 has a broken clip and disconnects whenever the wire moves. Ongoing for several hours.","Faculty of Social Sciences, Room 305",IT Network & Connectivity,normal
"Key server gateway unreachable, semester results page down","Student grievance submitted. Core department web server in Central Library, Room 101 is unresponsive (HTTP 502). Students cannot download admit cards. Has happened previously as well.","Central Library, Room 101",IT Software & Portals,high
Heavy water leakage soaking library reference book section,"Student grievance submitted. Rainwater leaking through roof directly above rare journals and reference racks in Sir Ziauddin Hall, Room 312. Has happened previously as well.","Sir Ziauddin Hall, Room 312",Central Library Reading Room Maintenance,high
Biohazard waste bin tipped over near patient entrance,"Reported by resident students. Infectious medical waste container overturned spilling used syringes and dressings near Faculty of Management Studies, Room 312. Ongoing for several hours.","Faculty of Management Studies, Room 312",JNMC Hospital Infrastructure,urgent
Washroom tap dripping continuously,"Urgent attention needed. The basin tap in Faculty of Arts, Room 208 cannot be shut tight and drips water constantly, wasting clean water. Please send maintenance technician as soon as possible.","Faculty of Arts, Room 208",Estate Plumbing,normal
Chemical spill in chemistry laboratory,"Reported by resident students. Concentrated acid bottle broke on lab floor in Zakir Husain College of Engg & Tech, Room 104, releasing pungent toxic fumes. Area needs hazmat clearing. Ongoing for several hours.","Zakir Husain College of Engg & Tech, Room 104",Science Chemical Safety,urgent
Ceiling fan making loud rattling noise in room,"Urgent attention needed. The ceiling fan in Sir Syed Hall (North), Room 305 vibrates excessively and produces squeaking sound when set above speed 2. Please send maintenance technician as soon as possible.","Sir Syed Hall (North), Room 305",Hostel Room Maintenance,normal
Floor tiles have minor scuff marks near doorway,"Reported by resident students. Scuff marks from moved equipment near the lab entrance at Faculty of Commerce, Room 202. Needs routine buffing. Ongoing for several hours.","Faculty of Commerce, Room 202",Estate Civil Works,low
No water supply in entire hostel wing since morning,"Student grievance submitted. All washrooms and taps in Hadi Hasan Hall, Room 208 have zero running water for past 12 hours. Over 100 resident students affected. Has happened previously as well.","Hadi Hasan Hall, Room 208",Hostel Water Supply,high
Drainage slow in laboratory sink basin,"Urgent attention needed. Water drains very slowly in wash basin 3 of Central Library, Room Seminar Hall. Probably choked with residue. Please send maintenance technician as soon as possible.","Central Library, Room Seminar Hall",Science Laboratory Equipment,normal
Window blind pull cord slightly frayed,"Affecting regular classes. The nylon pull cord for the roller blind in Hadi Hasan Hall, Room 101 has frayed threads near the bottom tassel. Kindly inspect and rectify.","Hadi Hasan Hall, Room 101",Hostel Room Maintenance,low
No water supply in entire hostel wing since morning,"All washrooms and taps in Abdullah Hall, Room Wing B have zero running water for past 12 hours. Over 100 resident students affected.","Abdullah Hall, Room Wing B",Hostel Water Supply,high
"Electric shock from water cooler in Jawaharlal Nehru Medical College, Room Lab 2",Students getting mild electric shock whenever touching the water cooler body. Please disconnect power immediately.,"Jawaharlal Nehru Medical College, Room Lab 2",Estate Electrical Maintenance,urgent
Printer paper jam roller error in department office,"Urgent attention needed. Office multi-function laser printer in Jawaharlal Nehru Medical College, Room Wing B jams paper on every double-sided print job. Please send maintenance technician as soon as possible.","Jawaharlal Nehru Medical College, Room Wing B",Commerce Office Equipment,normal
Tubelight fused in study room,"Reported by resident students. The tube light fixture in Faculty of Law, Room 202 has stopped turning on. Choke or starter might need replacement. Ongoing for several hours.","Faculty of Law, Room 202",Estate Electrical Maintenance,normal
Severe flooding entering basement electrical room,"Student grievance submitted. Heavy rainwater gushing into electrical transformer room in basement of Faculty of Science, Room Seminar Hall. Has happened previously as well.","Faculty of Science, Room Seminar Hall",Estate Civil Works,urgent
Central air conditioning failure in critical computer lab,"Urgent attention needed. All 40 desktop computers shutting down due to thermal throttling after AC units stopped in Faculty of Agricultural Sciences, Room 312. Please send maintenance technician as soon as possible.","Faculty of Agricultural Sciences, Room 312",Commerce Computer Lab Equipment,high
Heavy water leakage soaking library reference book section,"Rainwater leaking through roof directly above rare journals and reference racks in Aftab Hall, Room 305.","Aftab Hall, Room 305",Central Library Reading Room Maintenance,high
LAN port connector loose in computer desk,"Urgent attention needed. Ethernet RJ45 wall jack at desk 14 in Faculty of Management Studies, Room 305 has a broken clip and disconnects whenever the wire moves. Please send maintenance technician as soon as possible.","Faculty of Management Studies, Room 305",IT Network & Connectivity,normal
Wall paint peeling off in corridor corner,"Some paint plaster is flaking off near the stairwell notice board of Faculty of Social Sciences, Room 202. Needs a patch coat.","Faculty of Social Sciences, Room 202",Estate Civil Works,low
Heavy water leakage soaking library reference book section,"Affecting regular classes. Rainwater leaking through roof directly above rare journals and reference racks in Viqarul Mulk Hall, Room 305. Kindly inspect and rectify.","Viqarul Mulk Hall, Room 305",Central Library Reading Room Maintenance,high
Classroom whiteboard frame loose on wall,"The wall mounting brackets on the left side of the marker board in Faculty of Law, Room Seminar Hall have come unscrewed.","Faculty of Law, Room Seminar Hall",Arts Classroom Furniture,normal
Notice board velvet cloth faded and torn,"Affecting regular classes. The pinning board outside room Central Library, Room Wing B has worn-out fabric with old pin marks. Kindly inspect and rectify.","Central Library, Room Wing B",Arts Departmental Office,low
Severe sparking from main distribution board,"Affecting regular classes. Electric sparks and burning smell coming from the main switchboard near Zakir Husain College of Engg & Tech, Room Wing B. High risk of fire. Kindly inspect and rectify.","Zakir Husain College of Engg & Tech, Room Wing B",Estate Electrical Maintenance,urgent
Complete power outage in academic block during lectures,"Power has gone out completely in entire Faculty of Law, Room 312 building. Inverters are not backing up the lighting.","Faculty of Law, Room 312",Estate Electrical Maintenance,high
Tubelight fused in study room,"Affecting regular classes. The tube light fixture in Faculty of Social Sciences, Room 208 has stopped turning on. Choke or starter might need replacement. Kindly inspect and rectify.","Faculty of Social Sciences, Room 208",Estate Electrical Maintenance,normal
Main water pipeline burst flooding corridor,"Reported by resident students. Main high pressure water pipe burst in Sir Ziauddin Hall, Room 202, water rushing into ground floor rooms and near power sockets. Ongoing for several hours.","Sir Ziauddin Hall, Room 202",Hostel Water Supply,urgent
"Electric shock from water cooler in Faculty of Law, Room Seminar Hall",Urgent attention needed. Students getting mild electric shock whenever touching the water cooler body. Please disconnect power immediately. Please send maintenance technician as soon as possible.,"Faculty of Law, Room Seminar Hall",Estate Electrical Maintenance,urgent
Campus Wi-Fi and portal completely inaccessible before exam deadline,"Student grievance submitted. Wi-Fi access points across Zakir Husain College of Engg & Tech, Room 208 are dropping all connections. Students unable to access student portal. Has happened previously as well.","Zakir Husain College of Engg & Tech, Room 208",IT Network & Connectivity,high
Elevator stuck between floors with students inside,"Reported by resident students. Lift in Faculty of Arts, Room 202 suddenly stopped between 2nd and 3rd floor. 4 students trapped inside with alarm ringing. Ongoing for several hours.","Faculty of Arts, Room 202",Estate Civil Works,urgent
"Key server gateway unreachable, semester results page down","Urgent attention needed. Core department web server in Central Library, Room 208 is unresponsive (HTTP 502). Students cannot download admit cards. Please send maintenance technician as soon as possible.","Central Library, Room 208",IT Software & Portals,high
Chemical spill in chemistry laboratory,"Reported by resident students. Concentrated acid bottle broke on lab floor in Faculty of Science, Room 104, releasing pungent toxic fumes. Area needs hazmat clearing. Ongoing for several hours.","Faculty of Science, Room 104",Science Chemical Safety,urgent
Severe flooding entering basement electrical room,"Urgent attention needed. Heavy rainwater gushing into electrical transformer room in basement of Zakir Husain College of Engg & Tech, Room 208. Please send maintenance technician as soon as possible.","Zakir Husain College of Engg & Tech, Room 208",Estate Civil Works,urgent
Washroom tap dripping continuously,"Urgent attention needed. The basin tap in Faculty of Management Studies, Room 208 cannot be shut tight and drips water constantly, wasting clean water. Please send maintenance technician as soon as possible.","Faculty of Management Studies, Room 208",Estate Plumbing,normal
Water cooler temperature sensor not chilling,"Affecting regular classes. The drinking water cooler in Hadi Hasan Hall, Room Wing B is dispensing room-temperature water even though power is on. Kindly inspect and rectify.","Hadi Hasan Hall, Room Wing B",Hostel Water Supply,normal
Drainage slow in laboratory sink basin,"Affecting regular classes. Water drains very slowly in wash basin 3 of Faculty of Social Sciences, Room Lab 2. Probably choked with residue. Kindly inspect and rectify.","Faculty of Social Sciences, Room Lab 2",Science Laboratory Equipment,normal
"Hostel mess water purifier broken, no drinking water","Urgent attention needed. Commercial RO water filter at Indira Gandhi Hall, Room 202 has stopped dispensing clean drinking water. Students forced to buy bottles. Please send maintenance technician as soon as possible.","Indira Gandhi Hall, Room 202",Hostel Water Supply,high
All projectors and audio systems failing in seminar hall,"Urgent attention needed. Audio amplifier and main display projector in Faculty of Social Sciences, Room Lab 2 failed right before scheduled university guest lecture. Please send maintenance technician as soon as possible.","Faculty of Social Sciences, Room Lab 2",Arts Audio-Visual Equipment,high
Central air conditioning failure in critical computer lab,"Student grievance submitted. All 40 desktop computers shutting down due to thermal throttling after AC units stopped in Faculty of Commerce, Room 401. Has happened previously as well.","Faculty of Commerce, Room 401",Commerce Computer Lab Equipment,high
Water cooler temperature sensor not chilling,"Reported by resident students. The drinking water cooler in NRSC, Room 312 is dispensing room-temperature water even though power is on. Ongoing for several hours.","NRSC, Room 312",Hostel Water Supply,normal
LPG gas cylinder leaking in dining kitchen,"Reported by resident students. Strong smell of cooking gas leaking near commercial burners in Hadi Hasan Hall, Room 104 mess kitchen. Risk of explosion. Ongoing for several hours.","Hadi Hasan Hall, Room 104",Hostel Sanitation,urgent
Curtain bracket slightly bent in seminar room,"Student grievance submitted. One of the curtain rod brackets near the front window in Faculty of Science, Room Wing B is slightly tilted. Has happened previously as well.","Faculty of Science, Room Wing B",Arts Classroom Furniture,low
Floor tiles have minor scuff marks near doorway,"Student grievance submitted. Scuff marks from moved equipment near the lab entrance at Faculty of Management Studies, Room 401. Needs routine buffing. Has happened previously as well.","Faculty of Management Studies, Room 401",Estate Civil Works,low
Door stopper rubber missing on main entrance,"Reported by resident students. The floor door stopper rubber pad in Jawaharlal Nehru Medical College, Room 202 has worn away, causing the door to knock against wall. Ongoing for several hours.","Jawaharlal Nehru Medical College, Room 202",Estate Carpentry,low
Floor tiles have minor scuff marks near doorway,"Scuff marks from moved equipment near the lab entrance at Faculty of Commerce, Room 305. Needs routine buffing.","Faculty of Commerce, Room 305",Estate Civil Works,low
Notice board velvet cloth faded and torn,"Student grievance submitted. The pinning board outside room Faculty of Commerce, Room Lab 2 has worn-out fabric with old pin marks. Has happened previously as well.","Faculty of Commerce, Room Lab 2",Arts Departmental Office,low
Severe flooding entering basement electrical room,"Affecting regular classes. Heavy rainwater gushing into electrical transformer room in basement of Faculty of Arts, Room Lab 2. Kindly inspect and rectify.","Faculty of Arts, Room Lab 2",Estate Civil Works,urgent
Heavy water leakage soaking library reference book section,"Urgent attention needed. Rainwater leaking through roof directly above rare journals and reference racks in Mohsinul Mulk Hall, Room Seminar Hall. Please send maintenance technician as soon as possible.","Mohsinul Mulk Hall, Room Seminar Hall",Central Library Reading Room Maintenance,high
"Key server gateway unreachable, semester results page down","Urgent attention needed. Core department web server in Faculty of Science, Room 208 is unresponsive (HTTP 502). Students cannot download admit cards. Please send maintenance technician as soon as possible.","Faculty of Science, Room 208",IT Software & Portals,high
Ceiling fan making loud rattling noise in room,"Student grievance submitted. The ceiling fan in Sir Ziauddin Hall, Room Seminar Hall vibrates excessively and produces squeaking sound when set above speed 2. Has happened previously as well.","Sir Ziauddin Hall, Room Seminar Hall",Hostel Room Maintenance,normal
Smoke coming from server rack in computer lab,"Reported by resident students. Dense white smoke and burning plastic odor coming from server room at Jawaharlal Nehru Medical College, Room 101. Immediate fire hazard. Ongoing for several hours.","Jawaharlal Nehru Medical College, Room 101",Engineering Computer Systems,urgent
LAN port connector loose in computer desk,"Affecting regular classes. Ethernet RJ45 wall jack at desk 14 in Faculty of Management Studies, Room Seminar Hall has a broken clip and disconnects whenever the wire moves. Kindly inspect and rectify.","Faculty of Management Studies, Room Seminar Hall",IT Network & Connectivity,normal
Main water storage tank overflowing continuously onto roof,"Student grievance submitted. Overhead tank motor is not auto-shutting off, thousands of liters of clean water spilling from Faculty of Science, Room 104. Has happened previously as well.","Faculty of Science, Room 104",Estate Plumbing,high
Door stopper rubber missing on main entrance,"Urgent attention needed. The floor door stopper rubber pad in Faculty of Agricultural Sciences, Room Seminar Hall has worn away, causing the door to knock against wall. Please send maintenance technician as soon as possible.","Faculty of Agricultural Sciences, Room Seminar Hall",Estate Carpentry,low
Main gate barrier collapsed blocking emergency ambulance access,"Reported by resident students. Heavy security gate broke and fell across the road at Faculty of Science, Room Lab 2, blocking vehicular entrance completely. Ongoing for several hours.","Faculty of Science, Room Lab 2",Campus Security,urgent
Severe sparking from main distribution board,"Reported by resident students. Electric sparks and burning smell coming from the main switchboard near Central Library, Room Seminar Hall. High risk of fire. Ongoing for several hours.","Central Library, Room Seminar Hall",Estate Electrical Maintenance,urgent
Keypad letters worn off on library public search terminal,"Urgent attention needed. The keyboard letters E, T, and N are faded on the catalog computer in Central Library, Room Wing B. Please send maintenance technician as soon as possible.","Central Library, Room Wing B",Central Library Services,low
Main gate barrier collapsed blocking emergency ambulance access,"Student grievance submitted. Heavy security gate broke and fell across the road at Faculty of Law, Room 208, blocking vehicular entrance completely. Has happened previously as well.","Faculty of Law, Room 208",Campus Security,urgent
Main water pipeline burst flooding corridor,"Reported by resident students. Main high pressure water pipe burst in Nadeem Tarin Hall, Room 104, water rushing into ground floor rooms and near power sockets. Ongoing for several hours.","Nadeem Tarin Hall, Room 104",Hostel Water Supply,urgent
Campus Wi-Fi and portal completely inaccessible before exam deadline,"Urgent attention needed. Wi-Fi access points across Central Library, Room Seminar Hall are dropping all connections. Students unable to access student portal. Please send maintenance technician as soon as possible.","Central Library, Room Seminar Hall",IT Network & Connectivity,high
Door stopper rubber missing on main entrance,"Affecting regular classes. The floor door stopper rubber pad in Faculty of Commerce, Room 305 has worn away, causing the door to knock against wall. Kindly inspect and rectify.","Faculty of Commerce, Room 305",Estate Carpentry,low
Complete power outage in academic block during lectures,"Urgent attention needed. Power has gone out completely in entire Jawaharlal Nehru Medical College, Room 305 building. Inverters are not backing up the lighting. Please send maintenance technician as soon as possible.","Jawaharlal Nehru Medical College, Room 305",Estate Electrical Maintenance,high
Door stopper rubber missing on main entrance,"Affecting regular classes. The floor door stopper rubber pad in Faculty of Commerce, Room Wing B has worn away, causing the door to knock against wall. Kindly inspect and rectify.","Faculty of Commerce, Room Wing B",Estate Carpentry,low
Washroom tap dripping continuously,"Reported by resident students. The basin tap in Faculty of Science, Room 202 cannot be shut tight and drips water constantly, wasting clean water. Ongoing for several hours.","Faculty of Science, Room 202",Estate Plumbing,normal
Campus Wi-Fi and portal completely inaccessible before exam deadline,"Affecting regular classes. Wi-Fi access points across Faculty of Commerce, Room Seminar Hall are dropping all connections. Students unable to access student portal. Kindly inspect and rectify.","Faculty of Commerce, Room Seminar Hall",IT Network & Connectivity,high
Tubelight fused in study room,"Student grievance submitted. The tube light fixture in Faculty of Social Sciences, Room 305 has stopped turning on. Choke or starter might need replacement. Has happened previously as well.","Faculty of Social Sciences, Room 305",Estate Electrical Maintenance,normal
Window glass pane cracked and rattling in wind,"Student grievance submitted. One of the glass window panes in Faculty of Life Sciences, Room 202 is cracked across the middle and needs glazing replacement. Has happened previously as well.","Faculty of Life Sciences, Room 202",Estate Carpentry,normal
Central air conditioning failure in critical computer lab,"Reported by resident students. All 40 desktop computers shutting down due to thermal throttling after AC units stopped in Faculty of Agricultural Sciences, Room 202. Ongoing for several hours.","Faculty of Agricultural Sciences, Room 202",Commerce Computer Lab Equipment,high
"Hostel mess water purifier broken, no drinking water","Commercial RO water filter at Bibi Fatima Hall, Room Seminar Hall has stopped dispensing clean drinking water. Students forced to buy bottles.","Bibi Fatima Hall, Room Seminar Hall",Hostel Water Supply,high
Window blind pull cord slightly frayed,"The nylon pull cord for the roller blind in Sarojini Naidu Hall, Room 312 has frayed threads near the bottom tassel.","Sarojini Naidu Hall, Room 312",Hostel Room Maintenance,low
Ceiling fan making loud rattling noise in room,"Urgent attention needed. The ceiling fan in Sir Syed Hall (North), Room Lab 2 vibrates excessively and produces squeaking sound when set above speed 2. Please send maintenance technician as soon as possible.","Sir Syed Hall (North), Room Lab 2",Hostel Room Maintenance,normal
Chemical spill in chemistry laboratory,"Student grievance submitted. Concentrated acid bottle broke on lab floor in Zakir Husain College of Engg & Tech, Room Wing B, releasing pungent toxic fumes. Area needs hazmat clearing. Has happened previously as well.","Zakir Husain College of Engg & Tech, Room Wing B",Science Chemical Safety,urgent
Classroom whiteboard frame loose on wall,"Student grievance submitted. The wall mounting brackets on the left side of the marker board in Central Library, Room Wing B have come unscrewed. Has happened previously as well.","Central Library, Room Wing B",Arts Classroom Furniture,normal
Minor squeaking in library wooden chair,"Student grievance submitted. Two wooden reading chairs at table 4 in Faculty of Management Studies, Room Seminar Hall squeak when sitting down. Has happened previously as well.","Faculty of Management Studies, Room Seminar Hall",Central Library Services,low
Tubelight fused in study room,"Reported by resident students. The tube light fixture in Faculty of Arts, Room 312 has stopped turning on. Choke or starter might need replacement. Ongoing for several hours.","Faculty of Arts, Room 312",Estate Electrical Maintenance,normal
Classroom whiteboard frame loose on wall,"Student grievance submitted. The wall mounting brackets on the left side of the marker board in Faculty of Life Sciences, Room 312 have come unscrewed. Has happened previously as well.","Faculty of Life Sciences, Room 312",Arts Classroom Furniture,normal
Tubelight fused in study room,"Reported by resident students. The tube light fixture in Faculty of Science, Room 101 has stopped turning on. Choke or starter might need replacement. Ongoing for several hours.","Faculty of Science, Room 101",Estate Electrical Maintenance,normal
Wall paint peeling off in corridor corner,"Reported by resident students. Some paint plaster is flaking off near the stairwell notice board of Faculty of Arts, Room Seminar Hall. Needs a patch coat. Ongoing for several hours.","Faculty of Arts, Room Seminar Hall",Estate Civil Works,low
Window blind pull cord slightly frayed,"Reported by resident students. The nylon pull cord for the roller blind in Mohsinul Mulk Hall, Room 305 has frayed threads near the bottom tassel. Ongoing for several hours.","Mohsinul Mulk Hall, Room 305",Hostel Room Maintenance,low
Request for pest control spray in garden flowerbeds,"Urgent attention needed. Routine seasonal insect repellent spray requested for hedges surrounding Jawaharlal Nehru Medical College, Room 104. Please send maintenance technician as soon as possible.","Jawaharlal Nehru Medical College, Room 104",Agricultural Infrastructure,low
Window glass pane cracked and rattling in wind,"Urgent attention needed. One of the glass window panes in Jawaharlal Nehru Medical College, Room 208 is cracked across the middle and needs glazing replacement. Please send maintenance technician as soon as possible.","Jawaharlal Nehru Medical College, Room 208",Estate Carpentry,normal
Washroom tap dripping continuously,"Urgent attention needed. The basin tap in Faculty of Social Sciences, Room 305 cannot be shut tight and drips water constantly, wasting clean water. Please send maintenance technician as soon as possible.","Faculty of Social Sciences, Room 305",Estate Plumbing,normal
Chemical spill in chemistry laboratory,"Affecting regular classes. Concentrated acid bottle broke on lab floor in Faculty of Social Sciences, Room Wing B, releasing pungent toxic fumes. Area needs hazmat clearing. Kindly inspect and rectify.","Faculty of Social Sciences, Room Wing B",Science Chemical Safety,urgent
Drainage slow in laboratory sink basin,"Student grievance submitted. Water drains very slowly in wash basin 3 of Faculty of Management Studies, Room Wing B. Probably choked with residue. Has happened previously as well.","Faculty of Management Studies, Room Wing B",Science Laboratory Equipment,normal
Main water storage tank overflowing continuously onto roof,"Affecting regular classes. Overhead tank motor is not auto-shutting off, thousands of liters of clean water spilling from Central Library, Room Lab 2. Kindly inspect and rectify.","Central Library, Room Lab 2",Estate Plumbing,high
Main water storage tank overflowing continuously onto roof,"Affecting regular classes. Overhead tank motor is not auto-shutting off, thousands of liters of clean water spilling from Faculty of Science, Room 202. Kindly inspect and rectify.","Faculty of Science, Room 202",Estate Plumbing,high
Window blind pull cord slightly frayed,"Affecting regular classes. The nylon pull cord for the roller blind in Hadi Hasan Hall, Room 101 has frayed threads near the bottom tassel. Kindly inspect and rectify.","Hadi Hasan Hall, Room 101",Hostel Room Maintenance,low
Main water storage tank overflowing continuously onto roof,"Urgent attention needed. Overhead tank motor is not auto-shutting off, thousands of liters of clean water spilling from Faculty of Arts, Room 312. Please send maintenance technician as soon as possible.","Faculty of Arts, Room 312",Estate Plumbing,high
Door stopper rubber missing on main entrance,"Urgent attention needed. The floor door stopper rubber pad in Faculty of Social Sciences, Room 104 has worn away, causing the door to knock against wall. Please send maintenance technician as soon as possible.","Faculty of Social Sciences, Room 104",Estate Carpentry,low
Severe flooding entering basement electrical room,"Heavy rainwater gushing into electrical transformer room in basement of Faculty of Agricultural Sciences, Room 208.","Faculty of Agricultural Sciences, Room 208",Estate Civil Works,urgent
Floor tiles have minor scuff marks near doorway,"Student grievance submitted. Scuff marks from moved equipment near the lab entrance at Faculty of Management Studies, Room 202. Needs routine buffing. Has happened previously as well.","Faculty of Management Studies, Room 202",Estate Civil Works,low
LAN port connector loose in computer desk,"Urgent attention needed. Ethernet RJ45 wall jack at desk 14 in Zakir Husain College of Engg & Tech, Room 101 has a broken clip and disconnects whenever the wire moves. Please send maintenance technician as soon as possible.","Zakir Husain College of Engg & Tech, Room 101",IT Network & Connectivity,normal
Printer paper jam roller error in department office,"Office multi-function laser printer in Faculty of Management Studies, Room 312 jams paper on every double-sided print job.","Faculty of Management Studies, Room 312",Commerce Office Equipment,normal
Main gate barrier collapsed blocking emergency ambulance access,"Heavy security gate broke and fell across the road at Faculty of Law, Room 104, blocking vehicular entrance completely.","Faculty of Law, Room 104",Campus Security,urgent
Floor tiles have minor scuff marks near doorway,"Affecting regular classes. Scuff marks from moved equipment near the lab entrance at Faculty of Arts, Room 312. Needs routine buffing. Kindly inspect and rectify.","Faculty of Arts, Room 312",Estate Civil Works,low
Ceiling plaster slab collapsed in classroom,"Urgent attention needed. A large heavy chunk of concrete plaster fell from the ceiling onto desks in Faculty of Management Studies, Room Lab 2. Luckily no student was under it. Please send maintenance technician as soon as possible.","Faculty of Management Studies, Room Lab 2",Estate Civil Works,urgent
Washroom tap dripping continuously,"Reported by resident students. The basin tap in Faculty of Arts, Room Wing B cannot be shut tight and drips water constantly, wasting clean water. Ongoing for several hours.","Faculty of Arts, Room Wing B",Estate Plumbing,normal
Curtain bracket slightly bent in seminar room,"Urgent attention needed. One of the curtain rod brackets near the front window in Central Library, Room 104 is slightly tilted. Please send maintenance technician as soon as possible.","Central Library, Room 104",Arts Classroom Furniture,low
Complete power outage in academic block during lectures,"Power has gone out completely in entire Faculty of Social Sciences, Room 101 building. Inverters are not backing up the lighting.","Faculty of Social Sciences, Room 101",Estate Electrical Maintenance,high
No water supply in entire hostel wing since morning,"Affecting regular classes. All washrooms and taps in Sir Syed Hall (North), Room 305 have zero running water for past 12 hours. Over 100 resident students affected. Kindly inspect and rectify.","Sir Syed Hall (North), Room 305",Hostel Water Supply,high
Washroom tap dripping continuously,"The basin tap in Jawaharlal Nehru Medical College, Room 312 cannot be shut tight and drips water constantly, wasting clean water.","Jawaharlal Nehru Medical College, Room 312",Estate Plumbing,normal
All projectors and audio systems failing in seminar hall,"Audio amplifier and main display projector in Faculty of Agricultural Sciences, Room Wing B failed right before scheduled university guest lecture.","Faculty of Agricultural Sciences, Room Wing B",Arts Audio-Visual Equipment,high
Request for pest control spray in garden flowerbeds,"Urgent attention needed. Routine seasonal insect repellent spray requested for hedges surrounding Faculty of Management Studies, Room 101. Please send maintenance technician as soon as possible.","Faculty of Management Studies, Room 101",Agricultural Infrastructure,low
Campus Wi-Fi and portal completely inaccessible before exam deadline,"Student grievance submitted. Wi-Fi access points across Faculty of Science, Room 101 are dropping all connections. Students unable to access student portal. Has happened previously as well.","Faculty of Science, Room 101",IT Network & Connectivity,high
Smoke coming from server rack in computer lab,"Affecting regular classes. Dense white smoke and burning plastic odor coming from server room at Faculty of Arts, Room Seminar Hall. Immediate fire hazard. Kindly inspect and rectify.","Faculty of Arts, Room Seminar Hall",Engineering Computer Systems,urgent
Severe flooding entering basement electrical room,"Heavy rainwater gushing into electrical transformer room in basement of Faculty of Social Sciences, Room 312.","Faculty of Social Sciences, Room 312",Estate Civil Works,urgent
Printer paper jam roller error in department office,"Urgent attention needed. Office multi-function laser printer in Faculty of Agricultural Sciences, Room Wing B jams paper on every double-sided print job. Please send maintenance technician as soon as possible.","Faculty of Agricultural Sciences, Room Wing B",Commerce Office Equipment,normal
Washroom tap dripping continuously,"Reported by resident students. The basin tap in Central Library, Room 202 cannot be shut tight and drips water constantly, wasting clean water. Ongoing for several hours.","Central Library, Room 202",Estate Plumbing,normal
Complete power outage in academic block during lectures,"Affecting regular classes. Power has gone out completely in entire Faculty of Life Sciences, Room 401 building. Inverters are not backing up the lighting. Kindly inspect and rectify.","Faculty of Life Sciences, Room 401",Estate Electrical Maintenance,high
Tubelight fused in study room,"Affecting regular classes. The tube light fixture in Faculty of Life Sciences, Room 401 has stopped turning on. Choke or starter might need replacement. Kindly inspect and rectify.","Faculty of Life Sciences, Room 401",Estate Electrical Maintenance,normal
"Key server gateway unreachable, semester results page down","Affecting regular classes. Core department web server in Faculty of Social Sciences, Room 305 is unresponsive (HTTP 502). Students cannot download admit cards. Kindly inspect and rectify.","Faculty of Social Sciences, Room 305",IT Software & Portals,high
Tubelight fused in study room,"Affecting regular classes. The tube light fixture in Faculty of Social Sciences, Room 101 has stopped turning on. Choke or starter might need replacement. Kindly inspect and rectify.","Faculty of Social Sciences, Room 101",Estate Electrical Maintenance,normal
Keypad letters worn off on library public search terminal,"Urgent attention needed. The keyboard letters E, T, and N are faded on the catalog computer in Faculty of Arts, Room 312. Please send maintenance technician as soon as possible.","Faculty of Arts, Room 312",Central Library Services,low
Window glass pane cracked and rattling in wind,"Reported by resident students. One of the glass window panes in Faculty of Law, Room 312 is cracked across the middle and needs glazing replacement. Ongoing for several hours.","Faculty of Law, Room 312",Estate Carpentry,normal
Washroom tap dripping continuously,"Urgent attention needed. The basin tap in Faculty of Law, Room 401 cannot be shut tight and drips water constantly, wasting clean water. Please send maintenance technician as soon as possible.","Faculty of Law, Room 401",Estate Plumbing,normal
Heavy water leakage soaking library reference book section,"Rainwater leaking through roof directly above rare journals and reference racks in Ross Masood Hall, Room Seminar Hall.","Ross Masood Hall, Room Seminar Hall",Central Library Reading Room Maintenance,high
Central air conditioning failure in critical computer lab,"All 40 desktop computers shutting down due to thermal throttling after AC units stopped in Faculty of Science, Room Lab 2.","Faculty of Science, Room Lab 2",Commerce Computer Lab Equipment,high
Curtain bracket slightly bent in seminar room,"Affecting regular classes. One of the curtain rod brackets near the front window in Faculty of Science, Room 401 is slightly tilted. Kindly inspect and rectify.","Faculty of Science, Room 401",Arts Classroom Furniture,low
Washroom tap dripping continuously,"Student grievance submitted. The basin tap in Faculty of Agricultural Sciences, Room Wing B cannot be shut tight and drips water constantly, wasting clean water. Has happened previously as well.","Faculty of Agricultural Sciences, Room Wing B",Estate Plumbing,normal
Wall paint peeling off in corridor corner,"Affecting regular classes. Some paint plaster is flaking off near the stairwell notice board of Faculty of Commerce, Room 104. Needs a patch coat. Kindly inspect and rectify.","Faculty of Commerce, Room 104",Estate Civil Works,low
Printer paper jam roller error in department office,"Reported by resident students. Office multi-function laser printer in Faculty of Social Sciences, Room 208 jams paper on every double-sided print job. Ongoing for several hours.","Faculty of Social Sciences, Room 208",Commerce Office Equipment,normal
Minor squeaking in library wooden chair,"Student grievance submitted. Two wooden reading chairs at table 4 in Faculty of Life Sciences, Room 104 squeak when sitting down. Has happened previously as well.","Faculty of Life Sciences, Room 104",Central Library Services,low
Request for pest control spray in garden flowerbeds,"Routine seasonal insect repellent spray requested for hedges surrounding Faculty of Management Studies, Room 312.","Faculty of Management Studies, Room 312",Agricultural Infrastructure,low
Washroom tap dripping continuously,"Reported by resident students. The basin tap in Faculty of Agricultural Sciences, Room Seminar Hall cannot be shut tight and drips water constantly, wasting clean water. Ongoing for several hours.","Faculty of Agricultural Sciences, Room Seminar Hall",Estate Plumbing,normal
Tubelight fused in study room,"Student grievance submitted. The tube light fixture in Faculty of Arts, Room Lab 2 has stopped turning on. Choke or starter might need replacement. Has happened previously as well.","Faculty of Arts, Room Lab 2",Estate Electrical Maintenance,normal
Complete power outage in academic block during lectures,"Reported by resident students. Power has gone out completely in entire Central Library, Room 305 building. Inverters are not backing up the lighting. Ongoing for several hours.","Central Library, Room 305",Estate Electrical Maintenance,high
Elevator stuck between floors with students inside,"Reported by resident students. Lift in Faculty of Social Sciences, Room 202 suddenly stopped between 2nd and 3rd floor. 4 students trapped inside with alarm ringing. Ongoing for several hours.","Faculty of Social Sciences, Room 202",Estate Civil Works,urgent
Main water storage tank overflowing continuously onto roof,"Student grievance submitted. Overhead tank motor is not auto-shutting off, thousands of liters of clean water spilling from Central Library, Room Wing B. Has happened previously as well.","Central Library, Room Wing B",Estate Plumbing,high
Printer paper jam roller error in department office,"Affecting regular classes. Office multi-function laser printer in Faculty of Social Sciences, Room Seminar Hall jams paper on every double-sided print job. Kindly inspect and rectify.","Faculty of Social Sciences, Room Seminar Hall",Commerce Office Equipment,normal
Window glass pane cracked and rattling in wind,"One of the glass window panes in Central Library, Room 104 is cracked across the middle and needs glazing replacement.","Central Library, Room 104",Estate Carpentry,normal
Main water storage tank overflowing continuously onto roof,"Reported by resident students. Overhead tank motor is not auto-shutting off, thousands of liters of clean water spilling from Faculty of Agricultural Sciences, Room 104. Ongoing for several hours.","Faculty of Agricultural Sciences, Room 104",Estate Plumbing,high
LPG gas cylinder leaking in dining kitchen,"Reported by resident students. Strong smell of cooking gas leaking near commercial burners in Mohsinul Mulk Hall, Room 401 mess kitchen. Risk of explosion. Ongoing for several hours.","Mohsinul Mulk Hall, Room 401",Hostel Sanitation,urgent
Curtain bracket slightly bent in seminar room,"Student grievance submitted. One of the curtain rod brackets near the front window in Faculty of Life Sciences, Room 101 is slightly tilted. Has happened previously as well.","Faculty of Life Sciences, Room 101",Arts Classroom Furniture,low
Window glass pane cracked and rattling in wind,"Urgent attention needed. One of the glass window panes in Faculty of Law, Room 202 is cracked across the middle and needs glazing replacement. Please send maintenance technician as soon as possible.","Faculty of Law, Room 202",Estate Carpentry,normal
Classroom whiteboard frame loose on wall,"Urgent attention needed. The wall mounting brackets on the left side of the marker board in Faculty of Agricultural Sciences, Room 104 have come unscrewed. Please send maintenance technician as soon as possible.","Faculty of Agricultural Sciences, Room 104",Arts Classroom Furniture,normal
Door stopper rubber missing on main entrance,"Reported by resident students. The floor door stopper rubber pad in Faculty of Science, Room 101 has worn away, causing the door to knock against wall. Ongoing for several hours.","Faculty of Science, Room 101",Estate Carpentry,low
Window blind pull cord slightly frayed,"The nylon pull cord for the roller blind in Mohsinul Mulk Hall, Room 104 has frayed threads near the bottom tassel.","Mohsinul Mulk Hall, Room 104",Hostel Room Maintenance,low
Elevator stuck between floors with students inside,"Affecting regular classes. Lift in Faculty of Management Studies, Room 312 suddenly stopped between 2nd and 3rd floor. 4 students trapped inside with alarm ringing. Kindly inspect and rectify.","Faculty of Management Studies, Room 312",Estate Civil Works,urgent
"Electric shock from water cooler in Jawaharlal Nehru Medical College, Room 401",Reported by resident students. Students getting mild electric shock whenever touching the water cooler body. Please disconnect power immediately. Ongoing for several hours.,"Jawaharlal Nehru Medical College, Room 401",Estate Electrical Maintenance,urgent
Ceiling plaster slab collapsed in classroom,"Affecting regular classes. A large heavy chunk of concrete plaster fell from the ceiling onto desks in Central Library, Room 202. Luckily no student was under it. Kindly inspect and rectify.","Central Library, Room 202",Estate Civil Works,urgent
Floor tiles have minor scuff marks near doorway,"Affecting regular classes. Scuff marks from moved equipment near the lab entrance at Faculty of Management Studies, Room 208. Needs routine buffing. Kindly inspect and rectify.","Faculty of Management Studies, Room 208",Estate Civil Works,low
Campus Wi-Fi and portal completely inaccessible before exam deadline,"Student grievance submitted. Wi-Fi access points across Central Library, Room 104 are dropping all connections. Students unable to access student portal. Has happened previously as well.","Central Library, Room 104",IT Network & Connectivity,high
Water cooler temperature sensor not chilling,"Urgent attention needed. The drinking water cooler in Mohsinul Mulk Hall, Room 208 is dispensing room-temperature water even though power is on. Please send maintenance technician as soon as possible.","Mohsinul Mulk Hall, Room 208",Hostel Water Supply,normal
Door lock latch jammed from inside,"Student grievance submitted. The mortise door lock of Central Library, Room 202 is sticking and difficult to turn with the key. Needs oiling or realignment. Has happened previously as well.","Central Library, Room 202",Estate Carpentry,normal
Central air conditioning failure in critical computer lab,"All 40 desktop computers shutting down due to thermal throttling after AC units stopped in Faculty of Management Studies, Room 208.","Faculty of Management Studies, Room 208",Commerce Computer Lab Equipment,high
Severe flooding entering basement electrical room,"Affecting regular classes. Heavy rainwater gushing into electrical transformer room in basement of Faculty of Management Studies, Room 101. Kindly inspect and rectify.","Faculty of Management Studies, Room 101",Estate Civil Works,urgent
Smoke coming from server rack in computer lab,"Affecting regular classes. Dense white smoke and burning plastic odor coming from server room at Jawaharlal Nehru Medical College, Room Seminar Hall. Immediate fire hazard. Kindly inspect and rectify.","Jawaharlal Nehru Medical College, Room Seminar Hall",Engineering Computer Systems,urgent
Printer paper jam roller error in department office,"Office multi-function laser printer in Faculty of Arts, Room Seminar Hall jams paper on every double-sided print job.","Faculty of Arts, Room Seminar Hall",Commerce Office Equipment,normal
LPG gas cylinder leaking in dining kitchen,"Reported by resident students. Strong smell of cooking gas leaking near commercial burners in Begum Azeezun Nisa Hall, Room 305 mess kitchen. Risk of explosion. Ongoing for several hours.","Begum Azeezun Nisa Hall, Room 305",Hostel Sanitation,urgent
Heavy water leakage soaking library reference book section,"Student grievance submitted. Rainwater leaking through roof directly above rare journals and reference racks in Mohammad Habib Hall, Room 101. Has happened previously as well.","Mohammad Habib Hall, Room 101",Central Library Reading Room Maintenance,high
Floor tiles have minor scuff marks near doorway,"Student grievance submitted. Scuff marks from moved equipment near the lab entrance at Zakir Husain College of Engg & Tech, Room 202. Needs routine buffing. Has happened previously as well.","Zakir Husain College of Engg & Tech, Room 202",Estate Civil Works,low
Ceiling fan making loud rattling noise in room,"The ceiling fan in Aftab Hall, Room 104 vibrates excessively and produces squeaking sound when set above speed 2.","Aftab Hall, Room 104",Hostel Room Maintenance,normal
"Hostel mess water purifier broken, no drinking water","Urgent attention needed. Commercial RO water filter at Sir Syed Hall (North), Room 401 has stopped dispensing clean drinking water. Students forced to buy bottles. Please send maintenance technician as soon as possible.","Sir Syed Hall (North), Room 401",Hostel Water Supply,high
Window blind pull cord slightly frayed,"Reported by resident students. The nylon pull cord for the roller blind in Ross Masood Hall, Room Lab 2 has frayed threads near the bottom tassel. Ongoing for several hours.","Ross Masood Hall, Room Lab 2",Hostel Room Maintenance,low
Request for pest control spray in garden flowerbeds,"Reported by resident students. Routine seasonal insect repellent spray requested for hedges surrounding Faculty of Management Studies, Room 312. Ongoing for several hours.","Faculty of Management Studies, Room 312",Agricultural Infrastructure,low
Request for pest control spray in garden flowerbeds,"Student grievance submitted. Routine seasonal insect repellent spray requested for hedges surrounding Jawaharlal Nehru Medical College, Room Lab 2. Has happened previously as well.","Jawaharlal Nehru Medical College, Room Lab 2",Agricultural Infrastructure,low
Wall paint peeling off in corridor corner,"Affecting regular classes. Some paint plaster is flaking off near the stairwell notice board of Jawaharlal Nehru Medical College, Room 101. Needs a patch coat. Kindly inspect and rectify.","Jawaharlal Nehru Medical College, Room 101",Estate Civil Works,low
"Key server gateway unreachable, semester results page down","Affecting regular classes. Core department web server in Faculty of Social Sciences, Room 312 is unresponsive (HTTP 502). Students cannot download admit cards. Kindly inspect and rectify.","Faculty of Social Sciences, Room 312",IT Software & Portals,high
Classroom whiteboard frame loose on wall,"Urgent attention needed. The wall mounting brackets on the left side of the marker board in Faculty of Life Sciences, Room Wing B have come unscrewed. Please send maintenance technician as soon as possible.","Faculty of Life Sciences, Room Wing B",Arts Classroom Furniture,normal
Window blind pull cord slightly frayed,"Reported by resident students. The nylon pull cord for the roller blind in Indira Gandhi Hall, Room Lab 2 has frayed threads near the bottom tassel. Ongoing for several hours.","Indira Gandhi Hall, Room Lab 2",Hostel Room Maintenance,low
Window glass pane cracked and rattling in wind,"One of the glass window panes in Central Library, Room 312 is cracked across the middle and needs glazing replacement.","Central Library, Room 312",Estate Carpentry,normal
Keypad letters worn off on library public search terminal,"The keyboard letters E, T, and N are faded on the catalog computer in Faculty of Science, Room Lab 2.","Faculty of Science, Room Lab 2",Central Library Services,low
Curtain bracket slightly bent in seminar room,"Reported by resident students. One of the curtain rod brackets near the front window in Faculty of Management Studies, Room 401 is slightly tilted. Ongoing for several hours.","Faculty of Management Studies, Room 401",Arts Classroom Furniture,low
Central air conditioning failure in critical computer lab,"Affecting regular classes. All 40 desktop computers shutting down due to thermal throttling after AC units stopped in Faculty of Commerce, Room 104. Kindly inspect and rectify.","Faculty of Commerce, Room 104",Commerce Computer Lab Equipment,high
Printer paper jam roller error in department office,"Student grievance submitted. Office multi-function laser printer in Faculty of Commerce, Room 101 jams paper on every double-sided print job. Has happened previously as well.","Faculty of Commerce, Room 101",Commerce Office Equipment,normal
Notice board velvet cloth faded and torn,"Student grievance submitted. The pinning board outside room Faculty of Management Studies, Room 401 has worn-out fabric with old pin marks. Has happened previously as well.","Faculty of Management Studies, Room 401",Arts Departmental Office,low
Complete power outage in academic block during lectures,"Power has gone out completely in entire Zakir Husain College of Engg & Tech, Room 202 building. Inverters are not backing up the lighting.","Zakir Husain College of Engg & Tech, Room 202",Estate Electrical Maintenance,high
Central air conditioning failure in critical computer lab,"Reported by resident students. All 40 desktop computers shutting down due to thermal throttling after AC units stopped in Faculty of Social Sciences, Room 101. Ongoing for several hours.","Faculty of Social Sciences, Room 101",Commerce Computer Lab Equipment,high
"Electric shock from water cooler in Faculty of Commerce, Room 305",Reported by resident students. Students getting mild electric shock whenever touching the water cooler body. Please disconnect power immediately. Ongoing for several hours.,"Faculty of Commerce, Room 305",Estate Electrical Maintenance,urgent
No water supply in entire hostel wing since morning,"Affecting regular classes. All washrooms and taps in Mohsinul Mulk Hall, Room 202 have zero running water for past 12 hours. Over 100 resident students affected. Kindly inspect and rectify.","Mohsinul Mulk Hall, Room 202",Hostel Water Supply,high
Classroom whiteboard frame loose on wall,"The wall mounting brackets on the left side of the marker board in Faculty of Management Studies, Room Seminar Hall have come unscrewed.","Faculty of Management Studies, Room Seminar Hall",Arts Classroom Furniture,normal
Campus Wi-Fi and portal completely inaccessible before exam deadline,"Urgent attention needed. Wi-Fi access points across Central Library, Room 104 are dropping all connections. Students unable to access student portal. Please send maintenance technician as soon as possible.","Central Library, Room 104",IT Network & Connectivity,high
Heavy water leakage soaking library reference book section,"Rainwater leaking through roof directly above rare journals and reference racks in Indira Gandhi Hall, Room Lab 2.","Indira Gandhi Hall, Room Lab 2",Central Library Reading Room Maintenance,high
"Key server gateway unreachable, semester results page down","Reported by resident students. Core department web server in Faculty of Arts, Room 312 is unresponsive (HTTP 502). Students cannot download admit cards. Ongoing for several hours.","Faculty of Arts, Room 312",IT Software & Portals,high
Sewage line overflow flooding hostel entrance corridor,"Urgent attention needed. Drainage backflow is spilling foul-smelling sewage across the main walking pathway of Indira Gandhi Hall, Room 312. Please send maintenance technician as soon as possible.","Indira Gandhi Hall, Room 312",Hostel Sanitation,high
Main gate barrier collapsed blocking emergency ambulance access,"Affecting regular classes. Heavy security gate broke and fell across the road at Faculty of Commerce, Room Lab 2, blocking vehicular entrance completely. Kindly inspect and rectify.","Faculty of Commerce, Room Lab 2",Campus Security,urgent
Elevator stuck between floors with students inside,"Affecting regular classes. Lift in Jawaharlal Nehru Medical College, Room 104 suddenly stopped between 2nd and 3rd floor. 4 students trapped inside with alarm ringing. Kindly inspect and rectify.","Jawaharlal Nehru Medical College, Room 104",Estate Civil Works,urgent
Smoke coming from server rack in computer lab,"Reported by resident students. Dense white smoke and burning plastic odor coming from server room at Faculty of Arts, Room Lab 2. Immediate fire hazard. Ongoing for several hours.","Faculty of Arts, Room Lab 2",Engineering Computer Systems,urgent
Floor tiles have minor scuff marks near doorway,"Student grievance submitted. Scuff marks from moved equipment near the lab entrance at Faculty of Arts, Room 104. Needs routine buffing. Has happened previously as well.","Faculty of Arts, Room 104",Estate Civil Works,low
Water cooler temperature sensor not chilling,"Urgent attention needed. The drinking water cooler in Ross Masood Hall, Room 101 is dispensing room-temperature water even though power is on. Please send maintenance technician as soon as possible.","Ross Masood Hall, Room 101",Hostel Water Supply,normal
"Hostel mess water purifier broken, no drinking water","Commercial RO water filter at Nadeem Tarin Hall, Room Wing B has stopped dispensing clean drinking water. Students forced to buy bottles.","Nadeem Tarin Hall, Room Wing B",Hostel Water Supply,high
Central air conditioning failure in critical computer lab,"Urgent attention needed. All 40 desktop computers shutting down due to thermal throttling after AC units stopped in Faculty of Agricultural Sciences, Room 401. Please send maintenance technician as soon as possible.","Faculty of Agricultural Sciences, Room 401",Commerce Computer Lab Equipment,high
Main water pipeline burst flooding corridor,"Affecting regular classes. Main high pressure water pipe burst in Aftab Hall, Room 208, water rushing into ground floor rooms and near power sockets. Kindly inspect and rectify.","Aftab Hall, Room 208",Hostel Water Supply,urgent
Notice board velvet cloth faded and torn,"The pinning board outside room Faculty of Management Studies, Room 208 has worn-out fabric with old pin marks.","Faculty of Management Studies, Room 208",Arts Departmental Office,low
Severe sparking from main distribution board,"Urgent attention needed. Electric sparks and burning smell coming from the main switchboard near Faculty of Agricultural Sciences, Room 202. High risk of fire. Please send maintenance technician as soon as possible.","Faculty of Agricultural Sciences, Room 202",Estate Electrical Maintenance,urgent
Classroom whiteboard frame loose on wall,"The wall mounting brackets on the left side of the marker board in Faculty of Management Studies, Room 104 have come unscrewed.","Faculty of Management Studies, Room 104",Arts Classroom Furniture,normal
Printer paper jam roller error in department office,"Urgent attention needed. Office multi-function laser printer in Faculty of Commerce, Room 401 jams paper on every double-sided print job. Please send maintenance technician as soon as possible.","Faculty of Commerce, Room 401",Commerce Office Equipment,normal
Drainage slow in laboratory sink basin,"Water drains very slowly in wash basin 3 of Faculty of Science, Room Lab 2. Probably choked with residue.","Faculty of Science, Room Lab 2",Science Laboratory Equipment,normal
Campus Wi-Fi and portal completely inaccessible before exam deadline,"Wi-Fi access points across Faculty of Social Sciences, Room 104 are dropping all connections. Students unable to access student portal.","Faculty of Social Sciences, Room 104",IT Network & Connectivity,high
All projectors and audio systems failing in seminar hall,"Urgent attention needed. Audio amplifier and main display projector in Faculty of Agricultural Sciences, Room Seminar Hall failed right before scheduled university guest lecture. Please send maintenance technician as soon as possible.","Faculty of Agricultural Sciences, Room Seminar Hall",Arts Audio-Visual Equipment,high
Severe sparking from main distribution board,"Affecting regular classes. Electric sparks and burning smell coming from the main switchboard near Faculty of Agricultural Sciences, Room 305. High risk of fire. Kindly inspect and rectify.","Faculty of Agricultural Sciences, Room 305",Estate Electrical Maintenance,urgent
Classroom whiteboard frame loose on wall,"Urgent attention needed. The wall mounting brackets on the left side of the marker board in Jawaharlal Nehru Medical College, Room 104 have come unscrewed. Please send maintenance technician as soon as possible.","Jawaharlal Nehru Medical College, Room 104",Arts Classroom Furniture,normal
Ceiling fan making loud rattling noise in room,"Student grievance submitted. The ceiling fan in NRSC, Room Wing B vibrates excessively and produces squeaking sound when set above speed 2. Has happened previously as well.","NRSC, Room Wing B",Hostel Room Maintenance,normal
Printer paper jam roller error in department office,"Urgent attention needed. Office multi-function laser printer in Faculty of Law, Room 401 jams paper on every double-sided print job. Please send maintenance technician as soon as possible.","Faculty of Law, Room 401",Commerce Office Equipment,normal
Minor squeaking in library wooden chair,"Affecting regular classes. Two wooden reading chairs at table 4 in Faculty of Commerce, Room Wing B squeak when sitting down. Kindly inspect and rectify.","Faculty of Commerce, Room Wing B",Central Library Services,low
Keypad letters worn off on library public search terminal,"Student grievance submitted. The keyboard letters E, T, and N are faded on the catalog computer in Faculty of Commerce, Room 104. Has happened previously as well.","Faculty of Commerce, Room 104",Central Library Services,low
All projectors and audio systems failing in seminar hall,"Urgent attention needed. Audio amplifier and main display projector in Faculty of Arts, Room 305 failed right before scheduled university guest lecture. Please send maintenance technician as soon as possible.","Faculty of Arts, Room 305",Arts Audio-Visual Equipment,high
LAN port connector loose in computer desk,"Affecting regular classes. Ethernet RJ45 wall jack at desk 14 in Faculty of Commerce, Room Lab 2 has a broken clip and disconnects whenever the wire moves. Kindly inspect and rectify.","Faculty of Commerce, Room Lab 2",IT Network & Connectivity,normal
Keypad letters worn off on library public search terminal,"Reported by resident students. The keyboard letters E, T, and N are faded on the catalog computer in Zakir Husain College of Engg & Tech, Room 104. Ongoing for several hours.","Zakir Husain College of Engg & Tech, Room 104",Central Library Services,low
Main gate barrier collapsed blocking emergency ambulance access,"Affecting regular classes. Heavy security gate broke and fell across the road at Zakir Husain College of Engg & Tech, Room 104, blocking vehicular entrance completely. Kindly inspect and rectify.","Zakir Husain College of Engg & Tech, Room 104",Campus Security,urgent
Main water pipeline burst flooding corridor,"Reported by resident students. Main high pressure water pipe burst in Sarojini Naidu Hall, Room 401, water rushing into ground floor rooms and near power sockets. Ongoing for several hours.","Sarojini Naidu Hall, Room 401",Hostel Water Supply,urgent
No water supply in entire hostel wing since morning,"Urgent attention needed. All washrooms and taps in Indira Gandhi Hall, Room Wing B have zero running water for past 12 hours. Over 100 resident students affected. Please send maintenance technician as soon as possible.","Indira Gandhi Hall, Room Wing B",Hostel Water Supply,high
No water supply in entire hostel wing since morning,"Urgent attention needed. All washrooms and taps in Begum Sultan Jahan Hall, Room 208 have zero running water for past 12 hours. Over 100 resident students affected. Please send maintenance technician as soon as possible.","Begum Sultan Jahan Hall, Room 208",Hostel Water Supply,high
Request for additional waste bin near lawn bench,"Affecting regular classes. Students sitting near the garden area outside Viqarul Mulk Hall, Room 202 request an extra trash bin to keep grounds clean. Kindly inspect and rectify.","Viqarul Mulk Hall, Room 202",Hostel Sanitation,low
Notice board velvet cloth faded and torn,"The pinning board outside room Faculty of Commerce, Room 208 has worn-out fabric with old pin marks.","Faculty of Commerce, Room 208",Arts Departmental Office,low
"Hostel mess water purifier broken, no drinking water","Commercial RO water filter at NRSC, Room 101 has stopped dispensing clean drinking water. Students forced to buy bottles.","NRSC, Room 101",Hostel Water Supply,high
Floor tiles have minor scuff marks near doorway,"Student grievance submitted. Scuff marks from moved equipment near the lab entrance at Faculty of Science, Room 208. Needs routine buffing. Has happened previously as well.","Faculty of Science, Room 208",Estate Civil Works,low
Drainage slow in laboratory sink basin,"Reported by resident students. Water drains very slowly in wash basin 3 of Central Library, Room 305. Probably choked with residue. Ongoing for several hours.","Central Library, Room 305",Science Laboratory Equipment,normal
Request for additional waste bin near lawn bench,"Affecting regular classes. Students sitting near the garden area outside Bibi Fatima Hall, Room 202 request an extra trash bin to keep grounds clean. Kindly inspect and rectify.","Bibi Fatima Hall, Room 202",Hostel Sanitation,low
Curtain bracket slightly bent in seminar room,"One of the curtain rod brackets near the front window in Central Library, Room Wing B is slightly tilted.","Central Library, Room Wing B",Arts Classroom Furniture,low
Water cooler temperature sensor not chilling,"Reported by resident students. The drinking water cooler in Nadeem Tarin Hall, Room Wing B is dispensing room-temperature water even though power is on. Ongoing for several hours.","Nadeem Tarin Hall, Room Wing B",Hostel Water Supply,normal
Ceiling fan making loud rattling noise in room,"Urgent attention needed. The ceiling fan in Nadeem Tarin Hall, Room Wing B vibrates excessively and produces squeaking sound when set above speed 2. Please send maintenance technician as soon as possible.","Nadeem Tarin Hall, Room Wing B",Hostel Room Maintenance,normal
"Key server gateway unreachable, semester results page down","Reported by resident students. Core department web server in Faculty of Arts, Room Seminar Hall is unresponsive (HTTP 502). Students cannot download admit cards. Ongoing for several hours.","Faculty of Arts, Room Seminar Hall",IT Software & Portals,high
Campus Wi-Fi and portal completely inaccessible before exam deadline,"Affecting regular classes. Wi-Fi access points across Faculty of Management Studies, Room 401 are dropping all connections. Students unable to access student portal. Kindly inspect and rectify.","Faculty of Management Studies, Room 401",IT Network & Connectivity,high
Severe flooding entering basement electrical room,"Student grievance submitted. Heavy rainwater gushing into electrical transformer room in basement of Faculty of Social Sciences, Room Wing B. Has happened previously as well.","Faculty of Social Sciences, Room Wing B",Estate Civil Works,urgent
Door stopper rubber missing on main entrance,"Affecting regular classes. The floor door stopper rubber pad in Central Library, Room Lab 2 has worn away, causing the door to knock against wall. Kindly inspect and rectify.","Central Library, Room Lab 2",Estate Carpentry,low
"Key server gateway unreachable, semester results page down","Urgent attention needed. Core department web server in Faculty of Arts, Room Lab 2 is unresponsive (HTTP 502). Students cannot download admit cards. Please send maintenance technician as soon as possible.","Faculty of Arts, Room Lab 2",IT Software & Portals,high
Ceiling plaster slab collapsed in classroom,"Affecting regular classes. A large heavy chunk of concrete plaster fell from the ceiling onto desks in Faculty of Commerce, Room 208. Luckily no student was under it. Kindly inspect and rectify.","Faculty of Commerce, Room 208",Estate Civil Works,urgent
Elevator stuck between floors with students inside,"Urgent attention needed. Lift in Faculty of Commerce, Room 305 suddenly stopped between 2nd and 3rd floor. 4 students trapped inside with alarm ringing. Please send maintenance technician as soon as possible.","Faculty of Commerce, Room 305",Estate Civil Works,urgent
Minor squeaking in library wooden chair,"Student grievance submitted. Two wooden reading chairs at table 4 in Faculty of Agricultural Sciences, Room 101 squeak when sitting down. Has happened previously as well.","Faculty of Agricultural Sciences, Room 101",Central Library Services,low
Ceiling fan making loud rattling noise in room,"Urgent attention needed. The ceiling fan in Sir Shah Sulaiman Hall, Room Lab 2 vibrates excessively and produces squeaking sound when set above speed 2. Please send maintenance technician as soon as possible.","Sir Shah Sulaiman Hall, Room Lab 2",Hostel Room Maintenance,normal
All projectors and audio systems failing in seminar hall,"Audio amplifier and main display projector in Zakir Husain College of Engg & Tech, Room 305 failed right before scheduled university guest lecture.","Zakir Husain College of Engg & Tech, Room 305",Arts Audio-Visual Equipment,high
Printer paper jam roller error in department office,"Affecting regular classes. Office multi-function laser printer in Faculty of Commerce, Room 312 jams paper on every double-sided print job. Kindly inspect and rectify.","Faculty of Commerce, Room 312",Commerce Office Equipment,normal
Request for additional waste bin near lawn bench,"Student grievance submitted. Students sitting near the garden area outside Sir Syed Hall (South), Room 101 request an extra trash bin to keep grounds clean. Has happened previously as well.","Sir Syed Hall (South), Room 101",Hostel Sanitation,low
Classroom whiteboard frame loose on wall,"The wall mounting brackets on the left side of the marker board in Faculty of Commerce, Room 208 have come unscrewed.","Faculty of Commerce, Room 208",Arts Classroom Furniture,normal
Elevator stuck between floors with students inside,"Urgent attention needed. Lift in Faculty of Law, Room 101 suddenly stopped between 2nd and 3rd floor. 4 students trapped inside with alarm ringing. Please send maintenance technician as soon as possible.","Faculty of Law, Room 101",Estate Civil Works,urgent
Window glass pane cracked and rattling in wind,"Urgent attention needed. One of the glass window panes in Faculty of Life Sciences, Room 101 is cracked across the middle and needs glazing replacement. Please send maintenance technician as soon as possible.","Faculty of Life Sciences, Room 101",Estate Carpentry,normal
Short circuit sparked inside hostel room,"Sparking occurred in ceiling fan wiring in Begum Azeezun Nisa Hall, Room Wing B, circuit breaker tripped and smoke filled the room.","Begum Azeezun Nisa Hall, Room Wing B",Hostel Room Maintenance,urgent
Washroom tap dripping continuously,"Affecting regular classes. The basin tap in Faculty of Science, Room 401 cannot be shut tight and drips water constantly, wasting clean water. Kindly inspect and rectify.","Faculty of Science, Room 401",Estate Plumbing,normal
Wall paint peeling off in corridor corner,"Reported by resident students. Some paint plaster is flaking off near the stairwell notice board of Central Library, Room 208. Needs a patch coat. Ongoing for several hours.","Central Library, Room 208",Estate Civil Works,low
Main water storage tank overflowing continuously onto roof,"Urgent attention needed. Overhead tank motor is not auto-shutting off, thousands of liters of clean water spilling from Faculty of Management Studies, Room 202. Please send maintenance technician as soon as possible.","Faculty of Management Studies, Room 202",Estate Plumbing,high
Short circuit sparked inside hostel room,"Sparking occurred in ceiling fan wiring in Mohammad Habib Hall, Room Lab 2, circuit breaker tripped and smoke filled the room.","Mohammad Habib Hall, Room Lab 2",Hostel Room Maintenance,urgent
No water supply in entire hostel wing since morning,"All washrooms and taps in Sir Ziauddin Hall, Room Lab 2 have zero running water for past 12 hours. Over 100 resident students affected.","Sir Ziauddin Hall, Room Lab 2",Hostel Water Supply,high
Complete power outage in academic block during lectures,"Affecting regular classes. Power has gone out completely in entire Zakir Husain College of Engg & Tech, Room 208 building. Inverters are not backing up the lighting. Kindly inspect and rectify.","Zakir Husain College of Engg & Tech, Room 208",Estate Electrical Maintenance,high
Door lock latch jammed from inside,"Affecting regular classes. The mortise door lock of Central Library, Room Seminar Hall is sticking and difficult to turn with the key. Needs oiling or realignment. Kindly inspect and rectify.","Central Library, Room Seminar Hall",Estate Carpentry,normal
Curtain bracket slightly bent in seminar room,"One of the curtain rod brackets near the front window in Central Library, Room 202 is slightly tilted.","Central Library, Room 202",Arts Classroom Furniture,low
Window blind pull cord slightly frayed,"Reported by resident students. The nylon pull cord for the roller blind in Sir Ziauddin Hall, Room 208 has frayed threads near the bottom tassel. Ongoing for several hours.","Sir Ziauddin Hall, Room 208",Hostel Room Maintenance,low
Heavy water leakage soaking library reference book section,"Rainwater leaking through roof directly above rare journals and reference racks in Abdullah Hall, Room 401.","Abdullah Hall, Room 401",Central Library Reading Room Maintenance,high
All projectors and audio systems failing in seminar hall,"Audio amplifier and main display projector in Jawaharlal Nehru Medical College, Room 202 failed right before scheduled university guest lecture.","Jawaharlal Nehru Medical College, Room 202",Arts Audio-Visual Equipment,high
Main gate barrier collapsed blocking emergency ambulance access,"Heavy security gate broke and fell across the road at Faculty of Law, Room 208, blocking vehicular entrance completely.","Faculty of Law, Room 208",Campus Security,urgent
Main water pipeline burst flooding corridor,"Urgent attention needed. Main high pressure water pipe burst in Sir Syed Hall (South), Room 202, water rushing into ground floor rooms and near power sockets. Please send maintenance technician as soon as possible.","Sir Syed Hall (South), Room 202",Hostel Water Supply,urgent
Window glass pane cracked and rattling in wind,"Student grievance submitted. One of the glass window panes in Faculty of Law, Room 312 is cracked across the middle and needs glazing replacement. Has happened previously as well.","Faculty of Law, Room 312",Estate Carpentry,normal
Printer paper jam roller error in department office,"Office multi-function laser printer in Faculty of Science, Room 401 jams paper on every double-sided print job.","Faculty of Science, Room 401",Commerce Office Equipment,normal
Biohazard waste bin tipped over near patient entrance,"Infectious medical waste container overturned spilling used syringes and dressings near Central Library, Room 101.","Central Library, Room 101",JNMC Hospital Infrastructure,urgent
Classroom whiteboard frame loose on wall,"Student grievance submitted. The wall mounting brackets on the left side of the marker board in Central Library, Room 104 have come unscrewed. Has happened previously as well.","Central Library, Room 104",Arts Classroom Furniture,normal
Minor squeaking in library wooden chair,"Two wooden reading chairs at table 4 in Faculty of Agricultural Sciences, Room 305 squeak when sitting down.","Faculty of Agricultural Sciences, Room 305",Central Library Services,low
"Hostel mess water purifier broken, no drinking water","Reported by resident students. Commercial RO water filter at Sir Ziauddin Hall, Room Lab 2 has stopped dispensing clean drinking water. Students forced to buy bottles. Ongoing for several hours.","Sir Ziauddin Hall, Room Lab 2",Hostel Water Supply,high
Floor tiles have minor scuff marks near doorway,"Affecting regular classes. Scuff marks from moved equipment near the lab entrance at Faculty of Law, Room 202. Needs routine buffing. Kindly inspect and rectify.","Faculty of Law, Room 202",Estate Civil Works,low
Drainage slow in laboratory sink basin,"Water drains very slowly in wash basin 3 of Faculty of Arts, Room 312. Probably choked with residue.","Faculty of Arts, Room 312",Science Laboratory Equipment,normal
LAN port connector loose in computer desk,"Reported by resident students. Ethernet RJ45 wall jack at desk 14 in Faculty of Commerce, Room 202 has a broken clip and disconnects whenever the wire moves. Ongoing for several hours.","Faculty of Commerce, Room 202",IT Network & Connectivity,normal
Campus Wi-Fi and portal completely inaccessible before exam deadline,"Affecting regular classes. Wi-Fi access points across Faculty of Arts, Room 312 are dropping all connections. Students unable to access student portal. Kindly inspect and rectify.","Faculty of Arts, Room 312",IT Network & Connectivity,high
Window blind pull cord slightly frayed,"The nylon pull cord for the roller blind in Bibi Fatima Hall, Room 208 has frayed threads near the bottom tassel.","Bibi Fatima Hall, Room 208",Hostel Room Maintenance,low
Request for additional waste bin near lawn bench,"Reported by resident students. Students sitting near the garden area outside Ross Masood Hall, Room 305 request an extra trash bin to keep grounds clean. Ongoing for several hours.","Ross Masood Hall, Room 305",Hostel Sanitation,low
LPG gas cylinder leaking in dining kitchen,"Urgent attention needed. Strong smell of cooking gas leaking near commercial burners in Hadi Hasan Hall, Room 202 mess kitchen. Risk of explosion. Please send maintenance technician as soon as possible.","Hadi Hasan Hall, Room 202",Hostel Sanitation,urgent
Tubelight fused in study room,"Affecting regular classes. The tube light fixture in Jawaharlal Nehru Medical College, Room Wing B has stopped turning on. Choke or starter might need replacement. Kindly inspect and rectify.","Jawaharlal Nehru Medical College, Room Wing B",Estate Electrical Maintenance,normal
Door stopper rubber missing on main entrance,"Student grievance submitted. The floor door stopper rubber pad in Faculty of Commerce, Room 104 has worn away, causing the door to knock against wall. Has happened previously as well.","Faculty of Commerce, Room 104",Estate Carpentry,low
Chemical spill in chemistry laboratory,"Concentrated acid bottle broke on lab floor in Faculty of Law, Room 104, releasing pungent toxic fumes. Area needs hazmat clearing.","Faculty of Law, Room 104",Science Chemical Safety,urgent
"Hostel mess water purifier broken, no drinking water","Urgent attention needed. Commercial RO water filter at Nadeem Tarin Hall, Room 401 has stopped dispensing clean drinking water. Students forced to buy bottles. Please send maintenance technician as soon as possible.","Nadeem Tarin Hall, Room 401",Hostel Water Supply,high
Severe flooding entering basement electrical room,"Reported by resident students. Heavy rainwater gushing into electrical transformer room in basement of Faculty of Science, Room 305. Ongoing for several hours.","Faculty of Science, Room 305",Estate Civil Works,urgent
Request for additional waste bin near lawn bench,"Urgent attention needed. Students sitting near the garden area outside Bibi Fatima Hall, Room 401 request an extra trash bin to keep grounds clean. Please send maintenance technician as soon as possible.","Bibi Fatima Hall, Room 401",Hostel Sanitation,low
Campus Wi-Fi and portal completely inaccessible before exam deadline,"Affecting regular classes. Wi-Fi access points across Faculty of Law, Room 101 are dropping all connections. Students unable to access student portal. Kindly inspect and rectify.","Faculty of Law, Room 101",IT Network & Connectivity,high
Door lock latch jammed from inside,"Urgent attention needed. The mortise door lock of Faculty of Arts, Room 202 is sticking and difficult to turn with the key. Needs oiling or realignment. Please send maintenance technician as soon as possible.","Faculty of Arts, Room 202",Estate Carpentry,normal
Exposed live electrical cable lying on floor,"Student grievance submitted. A thick live wire has fallen down near Faculty of Arts, Room Seminar Hall with sparks visible. Extremely dangerous for passing students. Has happened previously as well.","Faculty of Arts, Room Seminar Hall",Estate Electrical Maintenance,urgent
Wall paint peeling off in corridor corner,"Some paint plaster is flaking off near the stairwell notice board of Jawaharlal Nehru Medical College, Room Lab 2. Needs a patch coat.","Jawaharlal Nehru Medical College, Room Lab 2",Estate Civil Works,low
LAN port connector loose in computer desk,"Urgent attention needed. Ethernet RJ45 wall jack at desk 14 in Faculty of Management Studies, Room 208 has a broken clip and disconnects whenever the wire moves. Please send maintenance technician as soon as possible.","Faculty of Management Studies, Room 208",IT Network & Connectivity,normal
Main gate barrier collapsed blocking emergency ambulance access,"Affecting regular classes. Heavy security gate broke and fell across the road at Faculty of Agricultural Sciences, Room 312, blocking vehicular entrance completely. Kindly inspect and rectify.","Faculty of Agricultural Sciences, Room 312",Campus Security,urgent
Severe flooding entering basement electrical room,"Affecting regular classes. Heavy rainwater gushing into electrical transformer room in basement of Jawaharlal Nehru Medical College, Room Lab 2. Kindly inspect and rectify.","Jawaharlal Nehru Medical College, Room Lab 2",Estate Civil Works,urgent
Ceiling fan making loud rattling noise in room,"The ceiling fan in Dr. B.R. Ambedkar Hall, Room Lab 2 vibrates excessively and produces squeaking sound when set above speed 2.","Dr. B.R. Ambedkar Hall, Room Lab 2",Hostel Room Maintenance,normal
Ceiling fan making loud rattling noise in room,"Urgent attention needed. The ceiling fan in Sir Shah Sulaiman Hall, Room Wing B vibrates excessively and produces squeaking sound when set above speed 2. Please send maintenance technician as soon as possible.","Sir Shah Sulaiman Hall, Room Wing B",Hostel Room Maintenance,normal
No water supply in entire hostel wing since morning,"Affecting regular classes. All washrooms and taps in Dr. B.R. Ambedkar Hall, Room Wing B have zero running water for past 12 hours. Over 100 resident students affected. Kindly inspect and rectify.","Dr. B.R. Ambedkar Hall, Room Wing B",Hostel Water Supply,high
Drainage slow in laboratory sink basin,"Urgent attention needed. Water drains very slowly in wash basin 3 of Faculty of Management Studies, Room Wing B. Probably choked with residue. Please send maintenance technician as soon as possible.","Faculty of Management Studies, Room Wing B",Science Laboratory Equipment,normal
Request for additional waste bin near lawn bench,"Affecting regular classes. Students sitting near the garden area outside Bibi Fatima Hall, Room 104 request an extra trash bin to keep grounds clean. Kindly inspect and rectify.","Bibi Fatima Hall, Room 104",Hostel Sanitation,low
Ceiling fan making loud rattling noise in room,"Urgent attention needed. The ceiling fan in Sir Shah Sulaiman Hall, Room 208 vibrates excessively and produces squeaking sound when set above speed 2. Please send maintenance technician as soon as possible.","Sir Shah Sulaiman Hall, Room 208",Hostel Room Maintenance,normal
Chemical spill in chemistry laboratory,"Reported by resident students. Concentrated acid bottle broke on lab floor in Faculty of Agricultural Sciences, Room 401, releasing pungent toxic fumes. Area needs hazmat clearing. Ongoing for several hours.","Faculty of Agricultural Sciences, Room 401",Science Chemical Safety,urgent
Complete power outage in academic block during lectures,"Urgent attention needed. Power has gone out completely in entire Faculty of Agricultural Sciences, Room 305 building. Inverters are not backing up the lighting. Please send maintenance technician as soon as possible.","Faculty of Agricultural Sciences, Room 305",Estate Electrical Maintenance,high
All projectors and audio systems failing in seminar hall,"Urgent attention needed. Audio amplifier and main display projector in Faculty of Science, Room Wing B failed right before scheduled university guest lecture. Please send maintenance technician as soon as possible.","Faculty of Science, Room Wing B",Arts Audio-Visual Equipment,high
Window blind pull cord slightly frayed,"The nylon pull cord for the roller blind in Mohammad Habib Hall, Room Wing B has frayed threads near the bottom tassel.","Mohammad Habib Hall, Room Wing B",Hostel Room Maintenance,low
"Key server gateway unreachable, semester results page down","Affecting regular classes. Core department web server in Faculty of Management Studies, Room Seminar Hall is unresponsive (HTTP 502). Students cannot download admit cards. Kindly inspect and rectify.","Faculty of Management Studies, Room Seminar Hall",IT Software & Portals,high
Request for pest control spray in garden flowerbeds,"Urgent attention needed. Routine seasonal insect repellent spray requested for hedges surrounding Jawaharlal Nehru Medical College, Room 202. Please send maintenance technician as soon as possible.","Jawaharlal Nehru Medical College, Room 202",Agricultural Infrastructure,low
Main gate barrier collapsed blocking emergency ambulance access,"Affecting regular classes. Heavy security gate broke and fell across the road at Faculty of Life Sciences, Room 305, blocking vehicular entrance completely. Kindly inspect and rectify.","Faculty of Life Sciences, Room 305",Campus Security,urgent
Elevator stuck between floors with students inside,"Lift in Central Library, Room 312 suddenly stopped between 2nd and 3rd floor. 4 students trapped inside with alarm ringing.","Central Library, Room 312",Estate Civil Works,urgent
Smoke coming from server rack in computer lab,"Urgent attention needed. Dense white smoke and burning plastic odor coming from server room at Faculty of Law, Room 401. Immediate fire hazard. Please send maintenance technician as soon as possible.","Faculty of Law, Room 401",Engineering Computer Systems,urgent
Minor squeaking in library wooden chair,"Urgent attention needed. Two wooden reading chairs at table 4 in Faculty of Science, Room 305 squeak when sitting down. Please send maintenance technician as soon as possible.","Faculty of Science, Room 305",Central Library Services,low
Water cooler temperature sensor not chilling,"Student grievance submitted. The drinking water cooler in Viqarul Mulk Hall, Room 401 is dispensing room-temperature water even though power is on. Has happened previously as well.","Viqarul Mulk Hall, Room 401",Hostel Water Supply,normal
Main gate barrier collapsed blocking emergency ambulance access,"Urgent attention needed. Heavy security gate broke and fell across the road at Faculty of Life Sciences, Room 104, blocking vehicular entrance completely. Please send maintenance technician as soon as possible.","Faculty of Life Sciences, Room 104",Campus Security,urgent
All projectors and audio systems failing in seminar hall,"Student grievance submitted. Audio amplifier and main display projector in Faculty of Arts, Room 202 failed right before scheduled university guest lecture. Has happened previously as well.","Faculty of Arts, Room 202",Arts Audio-Visual Equipment,high
Tubelight fused in study room,"Reported by resident students. The tube light fixture in Zakir Husain College of Engg & Tech, Room 202 has stopped turning on. Choke or starter might need replacement. Ongoing for several hours.","Zakir Husain College of Engg & Tech, Room 202",Estate Electrical Maintenance,normal
Heavy water leakage soaking library reference book section,"Affecting regular classes. Rainwater leaking through roof directly above rare journals and reference racks in Bibi Fatima Hall, Room 101. Kindly inspect and rectify.","Bibi Fatima Hall, Room 101",Central Library Reading Room Maintenance,high
Ceiling fan making loud rattling noise in room,"Urgent attention needed. The ceiling fan in Nadeem Tarin Hall, Room 208 vibrates excessively and produces squeaking sound when set above speed 2. Please send maintenance technician as soon as possible.","Nadeem Tarin Hall, Room 208",Hostel Room Maintenance,normal
Main gate barrier collapsed blocking emergency ambulance access,"Affecting regular classes. Heavy security gate broke and fell across the road at Faculty of Management Studies, Room Lab 2, blocking vehicular entrance completely. Kindly inspect and rectify.","Faculty of Management Studies, Room Lab 2",Campus Security,urgent
Notice board velvet cloth faded and torn,"Student grievance submitted. The pinning board outside room Faculty of Social Sciences, Room 312 has worn-out fabric with old pin marks. Has happened previously as well.","Faculty of Social Sciences, Room 312",Arts Departmental Office,low
Severe sparking from main distribution board,"Electric sparks and burning smell coming from the main switchboard near Faculty of Management Studies, Room 208. High risk of fire.","Faculty of Management Studies, Room 208",Estate Electrical Maintenance,urgent
Request for pest control spray in garden flowerbeds,"Reported by resident students. Routine seasonal insect repellent spray requested for hedges surrounding Jawaharlal Nehru Medical College, Room 202. Ongoing for several hours.","Jawaharlal Nehru Medical College, Room 202",Agricultural Infrastructure,low
Exposed live electrical cable lying on floor,"Reported by resident students. A thick live wire has fallen down near Faculty of Law, Room 401 with sparks visible. Extremely dangerous for passing students. Ongoing for several hours.","Faculty of Law, Room 401",Estate Electrical Maintenance,urgent
LAN port connector loose in computer desk,"Reported by resident students. Ethernet RJ45 wall jack at desk 14 in Faculty of Social Sciences, Room 312 has a broken clip and disconnects whenever the wire moves. Ongoing for several hours.","Faculty of Social Sciences, Room 312",IT Network & Connectivity,normal
No water supply in entire hostel wing since morning,"Urgent attention needed. All washrooms and taps in Hadi Hasan Hall, Room 312 have zero running water for past 12 hours. Over 100 resident students affected. Please send maintenance technician as soon as possible.","Hadi Hasan Hall, Room 312",Hostel Water Supply,high
Wall paint peeling off in corridor corner,"Urgent attention needed. Some paint plaster is flaking off near the stairwell notice board of Faculty of Life Sciences, Room 208. Needs a patch coat. Please send maintenance technician as soon as possible.","Faculty of Life Sciences, Room 208",Estate Civil Works,low
Elevator stuck between floors with students inside,"Reported by resident students. Lift in Faculty of Arts, Room Seminar Hall suddenly stopped between 2nd and 3rd floor. 4 students trapped inside with alarm ringing. Ongoing for several hours.","Faculty of Arts, Room Seminar Hall",Estate Civil Works,urgent
Main water storage tank overflowing continuously onto roof,"Affecting regular classes. Overhead tank motor is not auto-shutting off, thousands of liters of clean water spilling from Faculty of Law, Room Seminar Hall. Kindly inspect and rectify.","Faculty of Law, Room Seminar Hall",Estate Plumbing,high
Main water pipeline burst flooding corridor,"Student grievance submitted. Main high pressure water pipe burst in Sir Syed Hall (North), Room 305, water rushing into ground floor rooms and near power sockets. Has happened previously as well.","Sir Syed Hall (North), Room 305",Hostel Water Supply,urgent
LAN port connector loose in computer desk,"Student grievance submitted. Ethernet RJ45 wall jack at desk 14 in Faculty of Agricultural Sciences, Room 208 has a broken clip and disconnects whenever the wire moves. Has happened previously as well.","Faculty of Agricultural Sciences, Room 208",IT Network & Connectivity,normal
Elevator stuck between floors with students inside,"Student grievance submitted. Lift in Jawaharlal Nehru Medical College, Room 401 suddenly stopped between 2nd and 3rd floor. 4 students trapped inside with alarm ringing. Has happened previously as well.","Jawaharlal Nehru Medical College, Room 401",Estate Civil Works,urgent
Classroom whiteboard frame loose on wall,"Urgent attention needed. The wall mounting brackets on the left side of the marker board in Faculty of Management Studies, Room 305 have come unscrewed. Please send maintenance technician as soon as possible.","Faculty of Management Studies, Room 305",Arts Classroom Furniture,normal
Classroom whiteboard frame loose on wall,"The wall mounting brackets on the left side of the marker board in Faculty of Life Sciences, Room 401 have come unscrewed.","Faculty of Life Sciences, Room 401",Arts Classroom Furniture,normal
Classroom whiteboard frame loose on wall,"Reported by resident students. The wall mounting brackets on the left side of the marker board in Faculty of Agricultural Sciences, Room 104 have come unscrewed. Ongoing for several hours.","Faculty of Agricultural Sciences, Room 104",Arts Classroom Furniture,normal
Request for pest control spray in garden flowerbeds,"Reported by resident students. Routine seasonal insect repellent spray requested for hedges surrounding Faculty of Social Sciences, Room Wing B. Ongoing for several hours.","Faculty of Social Sciences, Room Wing B",Agricultural Infrastructure,low
Severe flooding entering basement electrical room,"Heavy rainwater gushing into electrical transformer room in basement of Faculty of Management Studies, Room 104.","Faculty of Management Studies, Room 104",Estate Civil Works,urgent
Severe flooding entering basement electrical room,"Heavy rainwater gushing into electrical transformer room in basement of Faculty of Agricultural Sciences, Room 305.","Faculty of Agricultural Sciences, Room 305",Estate Civil Works,urgent
Central air conditioning failure in critical computer lab,"All 40 desktop computers shutting down due to thermal throttling after AC units stopped in Jawaharlal Nehru Medical College, Room 401.","Jawaharlal Nehru Medical College, Room 401",Commerce Computer Lab Equipment,high
Main water pipeline burst flooding corridor,"Main high pressure water pipe burst in Begum Azeezun Nisa Hall, Room 104, water rushing into ground floor rooms and near power sockets.","Begum Azeezun Nisa Hall, Room 104",Hostel Water Supply,urgent
Main water storage tank overflowing continuously onto roof,"Overhead tank motor is not auto-shutting off, thousands of liters of clean water spilling from Faculty of Commerce, Room 305.","Faculty of Commerce, Room 305",Estate Plumbing,high
Request for additional waste bin near lawn bench,"Urgent attention needed. Students sitting near the garden area outside NRSC, Room 208 request an extra trash bin to keep grounds clean. Please send maintenance technician as soon as possible.","NRSC, Room 208",Hostel Sanitation,low
Window glass pane cracked and rattling in wind,"Student grievance submitted. One of the glass window panes in Faculty of Arts, Room 305 is cracked across the middle and needs glazing replacement. Has happened previously as well.","Faculty of Arts, Room 305",Estate Carpentry,normal
Floor tiles have minor scuff marks near doorway,"Scuff marks from moved equipment near the lab entrance at Faculty of Law, Room Seminar Hall. Needs routine buffing.","Faculty of Law, Room Seminar Hall",Estate Civil Works,low
Severe sparking from main distribution board,"Urgent attention needed. Electric sparks and burning smell coming from the main switchboard near Faculty of Social Sciences, Room Seminar Hall. High risk of fire. Please send maintenance technician as soon as possible.","Faculty of Social Sciences, Room Seminar Hall",Estate Electrical Maintenance,urgent
Severe sparking from main distribution board,"Affecting regular classes. Electric sparks and burning smell coming from the main switchboard near Faculty of Commerce, Room 305. High risk of fire. Kindly inspect and rectify.","Faculty of Commerce, Room 305",Estate Electrical Maintenance,urgent
Exposed live electrical cable lying on floor,"Urgent attention needed. A thick live wire has fallen down near Faculty of Management Studies, Room 104 with sparks visible. Extremely dangerous for passing students. Please send maintenance technician as soon as possible.","Faculty of Management Studies, Room 104",Estate Electrical Maintenance,urgent
Request for pest control spray in garden flowerbeds,"Student grievance submitted. Routine seasonal insect repellent spray requested for hedges surrounding Jawaharlal Nehru Medical College, Room Lab 2. Has happened previously as well.","Jawaharlal Nehru Medical College, Room Lab 2",Agricultural Infrastructure,low
Window blind pull cord slightly frayed,"Student grievance submitted. The nylon pull cord for the roller blind in Begum Azeezun Nisa Hall, Room Wing B has frayed threads near the bottom tassel. Has happened previously as well.","Begum Azeezun Nisa Hall, Room Wing B",Hostel Room Maintenance,low
Tubelight fused in study room,"Urgent attention needed. The tube light fixture in Faculty of Social Sciences, Room 305 has stopped turning on. Choke or starter might need replacement. Please send maintenance technician as soon as possible.","Faculty of Social Sciences, Room 305",Estate Electrical Maintenance,normal
Campus Wi-Fi and portal completely inaccessible before exam deadline,"Student grievance submitted. Wi-Fi access points across Faculty of Law, Room 312 are dropping all connections. Students unable to access student portal. Has happened previously as well.","Faculty of Law, Room 312",IT Network & Connectivity,high
Ceiling plaster slab collapsed in classroom,"Student grievance submitted. A large heavy chunk of concrete plaster fell from the ceiling onto desks in Faculty of Management Studies, Room Seminar Hall. Luckily no student was under it. Has happened previously as well.","Faculty of Management Studies, Room Seminar Hall",Estate Civil Works,urgent
Elevator stuck between floors with students inside,"Reported by resident students. Lift in Faculty of Science, Room 104 suddenly stopped between 2nd and 3rd floor. 4 students trapped inside with alarm ringing. Ongoing for several hours.","Faculty of Science, Room 104",Estate Civil Works,urgent
Central air conditioning failure in critical computer lab,"All 40 desktop computers shutting down due to thermal throttling after AC units stopped in Jawaharlal Nehru Medical College, Room 312.","Jawaharlal Nehru Medical College, Room 312",Commerce Computer Lab Equipment,high
Smoke coming from server rack in computer lab,"Urgent attention needed. Dense white smoke and burning plastic odor coming from server room at Faculty of Social Sciences, Room Seminar Hall. Immediate fire hazard. Please send maintenance technician as soon as possible.","Faculty of Social Sciences, Room Seminar Hall",Engineering Computer Systems,urgent
Campus Wi-Fi and portal completely inaccessible before exam deadline,"Affecting regular classes. Wi-Fi access points across Faculty of Commerce, Room Seminar Hall are dropping all connections. Students unable to access student portal. Kindly inspect and rectify.","Faculty of Commerce, Room Seminar Hall",IT Network & Connectivity,high
"Key server gateway unreachable, semester results page down","Affecting regular classes. Core department web server in Faculty of Agricultural Sciences, Room Seminar Hall is unresponsive (HTTP 502). Students cannot download admit cards. Kindly inspect and rectify.","Faculty of Agricultural Sciences, Room Seminar Hall",IT Software & Portals,high
Minor squeaking in library wooden chair,"Student grievance submitted. Two wooden reading chairs at table 4 in Faculty of Science, Room 101 squeak when sitting down. Has happened previously as well.","Faculty of Science, Room 101",Central Library Services,low
Exposed live electrical cable lying on floor,"Student grievance submitted. A thick live wire has fallen down near Faculty of Science, Room 104 with sparks visible. Extremely dangerous for passing students. Has happened previously as well.","Faculty of Science, Room 104",Estate Electrical Maintenance,urgent
Request for pest control spray in garden flowerbeds,"Reported by resident students. Routine seasonal insect repellent spray requested for hedges surrounding Faculty of Commerce, Room 312. Ongoing for several hours.","Faculty of Commerce, Room 312",Agricultural Infrastructure,low
Elevator stuck between floors with students inside,"Affecting regular classes. Lift in Faculty of Social Sciences, Room 401 suddenly stopped between 2nd and 3rd floor. 4 students trapped inside with alarm ringing. Kindly inspect and rectify.","Faculty of Social Sciences, Room 401",Estate Civil Works,urgent
Campus Wi-Fi and portal completely inaccessible before exam deadline,"Urgent attention needed. Wi-Fi access points across Faculty of Life Sciences, Room 104 are dropping all connections. Students unable to access student portal. Please send maintenance technician as soon as possible.","Faculty of Life Sciences, Room 104",IT Network & Connectivity,high
Severe sparking from main distribution board,"Student grievance submitted. Electric sparks and burning smell coming from the main switchboard near Jawaharlal Nehru Medical College, Room 208. High risk of fire. Has happened previously as well.","Jawaharlal Nehru Medical College, Room 208",Estate Electrical Maintenance,urgent
Wall paint peeling off in corridor corner,"Reported by resident students. Some paint plaster is flaking off near the stairwell notice board of Jawaharlal Nehru Medical College, Room 401. Needs a patch coat. Ongoing for several hours.","Jawaharlal Nehru Medical College, Room 401",Estate Civil Works,low
Wall paint peeling off in corridor corner,"Reported by resident students. Some paint plaster is flaking off near the stairwell notice board of Faculty of Science, Room 101. Needs a patch coat. Ongoing for several hours.","Faculty of Science, Room 101",Estate Civil Works,low
Central air conditioning failure in critical computer lab,"Affecting regular classes. All 40 desktop computers shutting down due to thermal throttling after AC units stopped in Faculty of Life Sciences, Room Seminar Hall. Kindly inspect and rectify.","Faculty of Life Sciences, Room Seminar Hall",Commerce Computer Lab Equipment,high
Notice board velvet cloth faded and torn,"The pinning board outside room Jawaharlal Nehru Medical College, Room Seminar Hall has worn-out fabric with old pin marks.","Jawaharlal Nehru Medical College, Room Seminar Hall",Arts Departmental Office,low
LPG gas cylinder leaking in dining kitchen,"Strong smell of cooking gas leaking near commercial burners in NRSC, Room 202 mess kitchen. Risk of explosion.","NRSC, Room 202",Hostel Sanitation,urgent
All projectors and audio systems failing in seminar hall,"Reported by resident students. Audio amplifier and main display projector in Faculty of Life Sciences, Room 104 failed right before scheduled university guest lecture. Ongoing for several hours.","Faculty of Life Sciences, Room 104",Arts Audio-Visual Equipment,high
Request for pest control spray in garden flowerbeds,"Student grievance submitted. Routine seasonal insect repellent spray requested for hedges surrounding Central Library, Room 101. Has happened previously as well.","Central Library, Room 101",Agricultural Infrastructure,low
Washroom tap dripping continuously,"Affecting regular classes. The basin tap in Faculty of Agricultural Sciences, Room 401 cannot be shut tight and drips water constantly, wasting clean water. Kindly inspect and rectify.","Faculty of Agricultural Sciences, Room 401",Estate Plumbing,normal
Drainage slow in laboratory sink basin,"Affecting regular classes. Water drains very slowly in wash basin 3 of Zakir Husain College of Engg & Tech, Room Seminar Hall. Probably choked with residue. Kindly inspect and rectify.","Zakir Husain College of Engg & Tech, Room Seminar Hall",Science Laboratory Equipment,normal
Door lock latch jammed from inside,"The mortise door lock of Faculty of Science, Room Wing B is sticking and difficult to turn with the key. Needs oiling or realignment.","Faculty of Science, Room Wing B",Estate Carpentry,normal
Main water pipeline burst flooding corridor,"Reported by resident students. Main high pressure water pipe burst in Viqarul Mulk Hall, Room 208, water rushing into ground floor rooms and near power sockets. Ongoing for several hours.","Viqarul Mulk Hall, Room 208",Hostel Water Supply,urgent
Curtain bracket slightly bent in seminar room,"Reported by resident students. One of the curtain rod brackets near the front window in Faculty of Life Sciences, Room 312 is slightly tilted. Ongoing for several hours.","Faculty of Life Sciences, Room 312",Arts Classroom Furniture,low
Water cooler temperature sensor not chilling,"The drinking water cooler in Sir Syed Hall (North), Room 208 is dispensing room-temperature water even though power is on.","Sir Syed Hall (North), Room 208",Hostel Water Supply,normal
Complete power outage in academic block during lectures,"Reported by resident students. Power has gone out completely in entire Faculty of Law, Room 101 building. Inverters are not backing up the lighting. Ongoing for several hours.","Faculty of Law, Room 101",Estate Electrical Maintenance,high
Heavy water leakage soaking library reference book section,"Reported by resident students. Rainwater leaking through roof directly above rare journals and reference racks in Allama Iqbal Boarding House, Room Seminar Hall. Ongoing for several hours.","Allama Iqbal Boarding House, Room Seminar Hall",Central Library Reading Room Maintenance,high
Ceiling fan making loud rattling noise in room,"Affecting regular classes. The ceiling fan in Dr. B.R. Ambedkar Hall, Room 101 vibrates excessively and produces squeaking sound when set above speed 2. Kindly inspect and rectify.","Dr. B.R. Ambedkar Hall, Room 101",Hostel Room Maintenance,normal
Window blind pull cord slightly frayed,"The nylon pull cord for the roller blind in Hadi Hasan Hall, Room Lab 2 has frayed threads near the bottom tassel.","Hadi Hasan Hall, Room Lab 2",Hostel Room Maintenance,low
Short circuit sparked inside hostel room,"Reported by resident students. Sparking occurred in ceiling fan wiring in Sir Syed Hall (North), Room 305, circuit breaker tripped and smoke filled the room. Ongoing for several hours.","Sir Syed Hall (North), Room 305",Hostel Room Maintenance,urgent
Notice board velvet cloth faded and torn,"The pinning board outside room Faculty of Agricultural Sciences, Room Lab 2 has worn-out fabric with old pin marks.","Faculty of Agricultural Sciences, Room Lab 2",Arts Departmental Office,low
Biohazard waste bin tipped over near patient entrance,"Reported by resident students. Infectious medical waste container overturned spilling used syringes and dressings near Faculty of Social Sciences, Room 401. Ongoing for several hours.","Faculty of Social Sciences, Room 401",JNMC Hospital Infrastructure,urgent
Chemical spill in chemistry laboratory,"Urgent attention needed. Concentrated acid bottle broke on lab floor in Faculty of Life Sciences, Room 101, releasing pungent toxic fumes. Area needs hazmat clearing. Please send maintenance technician as soon as possible.","Faculty of Life Sciences, Room 101",Science Chemical Safety,urgent
Drainage slow in laboratory sink basin,"Student grievance submitted. Water drains very slowly in wash basin 3 of Faculty of Agricultural Sciences, Room 202. Probably choked with residue. Has happened previously as well.","Faculty of Agricultural Sciences, Room 202",Science Laboratory Equipment,normal
Request for pest control spray in garden flowerbeds,"Urgent attention needed. Routine seasonal insect repellent spray requested for hedges surrounding Faculty of Science, Room 312. Please send maintenance technician as soon as possible.","Faculty of Science, Room 312",Agricultural Infrastructure,low
Main gate barrier collapsed blocking emergency ambulance access,"Heavy security gate broke and fell across the road at Faculty of Arts, Room 401, blocking vehicular entrance completely.","Faculty of Arts, Room 401",Campus Security,urgent
Wall paint peeling off in corridor corner,"Reported by resident students. Some paint plaster is flaking off near the stairwell notice board of Jawaharlal Nehru Medical College, Room Seminar Hall. Needs a patch coat. Ongoing for several hours.","Jawaharlal Nehru Medical College, Room Seminar Hall",Estate Civil Works,low
Keypad letters worn off on library public search terminal,"Affecting regular classes. The keyboard letters E, T, and N are faded on the catalog computer in Faculty of Law, Room 104. Kindly inspect and rectify.","Faculty of Law, Room 104",Central Library Services,low
LAN port connector loose in computer desk,"Affecting regular classes. Ethernet RJ45 wall jack at desk 14 in Faculty of Management Studies, Room 312 has a broken clip and disconnects whenever the wire moves. Kindly inspect and rectify.","Faculty of Management Studies, Room 312",IT Network & Connectivity,normal
Classroom whiteboard frame loose on wall,"Affecting regular classes. The wall mounting brackets on the left side of the marker board in Faculty of Arts, Room 104 have come unscrewed. Kindly inspect and rectify.","Faculty of Arts, Room 104",Arts Classroom Furniture,normal
Window blind pull cord slightly frayed,"Urgent attention needed. The nylon pull cord for the roller blind in Viqarul Mulk Hall, Room 101 has frayed threads near the bottom tassel. Please send maintenance technician as soon as possible.","Viqarul Mulk Hall, Room 101",Hostel Room Maintenance,low
Classroom whiteboard frame loose on wall,"Reported by resident students. The wall mounting brackets on the left side of the marker board in Jawaharlal Nehru Medical College, Room Seminar Hall have come unscrewed. Ongoing for several hours.","Jawaharlal Nehru Medical College, Room Seminar Hall",Arts Classroom Furniture,normal
Door lock latch jammed from inside,"Urgent attention needed. The mortise door lock of Faculty of Commerce, Room 305 is sticking and difficult to turn with the key. Needs oiling or realignment. Please send maintenance technician as soon as possible.","Faculty of Commerce, Room 305",Estate Carpentry,normal
Door lock latch jammed from inside,"Urgent attention needed. The mortise door lock of Faculty of Commerce, Room 101 is sticking and difficult to turn with the key. Needs oiling or realignment. Please send maintenance technician as soon as possible.","Faculty of Commerce, Room 101",Estate Carpentry,normal
Classroom whiteboard frame loose on wall,"Reported by resident students. The wall mounting brackets on the left side of the marker board in Central Library, Room 401 have come unscrewed. Ongoing for several hours.","Central Library, Room 401",Arts Classroom Furniture,normal
Door lock latch jammed from inside,"Reported by resident students. The mortise door lock of Faculty of Law, Room 208 is sticking and difficult to turn with the key. Needs oiling or realignment. Ongoing for several hours.","Faculty of Law, Room 208",Estate Carpentry,normal
Keypad letters worn off on library public search terminal,"Urgent attention needed. The keyboard letters E, T, and N are faded on the catalog computer in Central Library, Room Seminar Hall. Please send maintenance technician as soon as possible.","Central Library, Room Seminar Hall",Central Library Services,low
Short circuit sparked inside hostel room,"Affecting regular classes. Sparking occurred in ceiling fan wiring in Sarojini Naidu Hall, Room 401, circuit breaker tripped and smoke filled the room. Kindly inspect and rectify.","Sarojini Naidu Hall, Room 401",Hostel Room Maintenance,urgent
"Hostel mess water purifier broken, no drinking water","Commercial RO water filter at Dr. B.R. Ambedkar Hall, Room Seminar Hall has stopped dispensing clean drinking water. Students forced to buy bottles.","Dr. B.R. Ambedkar Hall, Room Seminar Hall",Hostel Water Supply,high
LAN port connector loose in computer desk,"Affecting regular classes. Ethernet RJ45 wall jack at desk 14 in Faculty of Law, Room Wing B has a broken clip and disconnects whenever the wire moves. Kindly inspect and rectify.","Faculty of Law, Room Wing B",IT Network & Connectivity,normal
LPG gas cylinder leaking in dining kitchen,"Strong smell of cooking gas leaking near commercial burners in Viqarul Mulk Hall, Room 401 mess kitchen. Risk of explosion.","Viqarul Mulk Hall, Room 401",Hostel Sanitation,urgent
Heavy water leakage soaking library reference book section,"Urgent attention needed. Rainwater leaking through roof directly above rare journals and reference racks in Mohammad Habib Hall, Room Lab 2. Please send maintenance technician as soon as possible.","Mohammad Habib Hall, Room Lab 2",Central Library Reading Room Maintenance,high
Biohazard waste bin tipped over near patient entrance,"Student grievance submitted. Infectious medical waste container overturned spilling used syringes and dressings near Faculty of Agricultural Sciences, Room Seminar Hall. Has happened previously as well.","Faculty of Agricultural Sciences, Room Seminar Hall",JNMC Hospital Infrastructure,urgent
Door stopper rubber missing on main entrance,"Urgent attention needed. The floor door stopper rubber pad in Faculty of Management Studies, Room 401 has worn away, causing the door to knock against wall. Please send maintenance technician as soon as possible.","Faculty of Management Studies, Room 401",Estate Carpentry,low
"Key server gateway unreachable, semester results page down","Student grievance submitted. Core department web server in Faculty of Social Sciences, Room 101 is unresponsive (HTTP 502). Students cannot download admit cards. Has happened previously as well.","Faculty of Social Sciences, Room 101",IT Software & Portals,high
Central air conditioning failure in critical computer lab,"Affecting regular classes. All 40 desktop computers shutting down due to thermal throttling after AC units stopped in Faculty of Arts, Room 202. Kindly inspect and rectify.","Faculty of Arts, Room 202",Commerce Computer Lab Equipment,high
LAN port connector loose in computer desk,"Student grievance submitted. Ethernet RJ45 wall jack at desk 14 in Faculty of Management Studies, Room 401 has a broken clip and disconnects whenever the wire moves. Has happened previously as well.","Faculty of Management Studies, Room 401",IT Network & Connectivity,normal
Window blind pull cord slightly frayed,"The nylon pull cord for the roller blind in Mohammad Habib Hall, Room 312 has frayed threads near the bottom tassel.","Mohammad Habib Hall, Room 312",Hostel Room Maintenance,low
Minor squeaking in library wooden chair,"Urgent attention needed. Two wooden reading chairs at table 4 in Faculty of Science, Room 202 squeak when sitting down. Please send maintenance technician as soon as possible.","Faculty of Science, Room 202",Central Library Services,low
Heavy water leakage soaking library reference book section,"Rainwater leaking through roof directly above rare journals and reference racks in Mohsinul Mulk Hall, Room 208.","Mohsinul Mulk Hall, Room 208",Central Library Reading Room Maintenance,high
Water cooler temperature sensor not chilling,"Student grievance submitted. The drinking water cooler in Sir Syed Hall (South), Room Wing B is dispensing room-temperature water even though power is on. Has happened previously as well.","Sir Syed Hall (South), Room Wing B",Hostel Water Supply,normal
Request for additional waste bin near lawn bench,"Urgent attention needed. Students sitting near the garden area outside Dr. B.R. Ambedkar Hall, Room 305 request an extra trash bin to keep grounds clean. Please send maintenance technician as soon as possible.","Dr. B.R. Ambedkar Hall, Room 305",Hostel Sanitation,low
Smoke coming from server rack in computer lab,"Affecting regular classes. Dense white smoke and burning plastic odor coming from server room at Central Library, Room Lab 2. Immediate fire hazard. Kindly inspect and rectify.","Central Library, Room Lab 2",Engineering Computer Systems,urgent
Wall paint peeling off in corridor corner,"Reported by resident students. Some paint plaster is flaking off near the stairwell notice board of Faculty of Social Sciences, Room 401. Needs a patch coat. Ongoing for several hours.","Faculty of Social Sciences, Room 401",Estate Civil Works,low
Curtain bracket slightly bent in seminar room,"Reported by resident students. One of the curtain rod brackets near the front window in Faculty of Social Sciences, Room Wing B is slightly tilted. Ongoing for several hours.","Faculty of Social Sciences, Room Wing B",Arts Classroom Furniture,low
Main water storage tank overflowing continuously onto roof,"Affecting regular classes. Overhead tank motor is not auto-shutting off, thousands of liters of clean water spilling from Faculty of Science, Room Wing B. Kindly inspect and rectify.","Faculty of Science, Room Wing B",Estate Plumbing,high
Tubelight fused in study room,"Urgent attention needed. The tube light fixture in Faculty of Commerce, Room 208 has stopped turning on. Choke or starter might need replacement. Please send maintenance technician as soon as possible.","Faculty of Commerce, Room 208",Estate Electrical Maintenance,normal
Tubelight fused in study room,"The tube light fixture in Faculty of Social Sciences, Room 104 has stopped turning on. Choke or starter might need replacement.","Faculty of Social Sciences, Room 104",Estate Electrical Maintenance,normal
Short circuit sparked inside hostel room,"Student grievance submitted. Sparking occurred in ceiling fan wiring in NRSC, Room 305, circuit breaker tripped and smoke filled the room. Has happened previously as well.","NRSC, Room 305",Hostel Room Maintenance,urgent
"Hostel mess water purifier broken, no drinking water","Student grievance submitted. Commercial RO water filter at Nadeem Tarin Hall, Room 401 has stopped dispensing clean drinking water. Students forced to buy bottles. Has happened previously as well.","Nadeem Tarin Hall, Room 401",Hostel Water Supply,high
Tubelight fused in study room,"Reported by resident students. The tube light fixture in Faculty of Science, Room 202 has stopped turning on. Choke or starter might need replacement. Ongoing for several hours.","Faculty of Science, Room 202",Estate Electrical Maintenance,normal
Door lock latch jammed from inside,"Affecting regular classes. The mortise door lock of Jawaharlal Nehru Medical College, Room 208 is sticking and difficult to turn with the key. Needs oiling or realignment. Kindly inspect and rectify.","Jawaharlal Nehru Medical College, Room 208",Estate Carpentry,normal
Door lock latch jammed from inside,"Affecting regular classes. The mortise door lock of Faculty of Life Sciences, Room Seminar Hall is sticking and difficult to turn with the key. Needs oiling or realignment. Kindly inspect and rectify.","Faculty of Life Sciences, Room Seminar Hall",Estate Carpentry,normal
No water supply in entire hostel wing since morning,"Student grievance submitted. All washrooms and taps in Allama Iqbal Boarding House, Room 101 have zero running water for past 12 hours. Over 100 resident students affected. Has happened previously as well.","Allama Iqbal Boarding House, Room 101",Hostel Water Supply,high
Central air conditioning failure in critical computer lab,"Student grievance submitted. All 40 desktop computers shutting down due to thermal throttling after AC units stopped in Faculty of Social Sciences, Room Wing B. Has happened previously as well.","Faculty of Social Sciences, Room Wing B",Commerce Computer Lab Equipment,high
Minor squeaking in library wooden chair,"Two wooden reading chairs at table 4 in Faculty of Commerce, Room 202 squeak when sitting down.","Faculty of Commerce, Room 202",Central Library Services,low
Door lock latch jammed from inside,"Reported by resident students. The mortise door lock of Zakir Husain College of Engg & Tech, Room Seminar Hall is sticking and difficult to turn with the key. Needs oiling or realignment. Ongoing for several hours.","Zakir Husain College of Engg & Tech, Room Seminar Hall",Estate Carpentry,normal
Curtain bracket slightly bent in seminar room,"Affecting regular classes. One of the curtain rod brackets near the front window in Faculty of Life Sciences, Room 401 is slightly tilted. Kindly inspect and rectify.","Faculty of Life Sciences, Room 401",Arts Classroom Furniture,low
Campus Wi-Fi and portal completely inaccessible before exam deadline,"Wi-Fi access points across Faculty of Social Sciences, Room 208 are dropping all connections. Students unable to access student portal.","Faculty of Social Sciences, Room 208",IT Network & Connectivity,high
Main water storage tank overflowing continuously onto roof,"Affecting regular classes. Overhead tank motor is not auto-shutting off, thousands of liters of clean water spilling from Faculty of Management Studies, Room 312. Kindly inspect and rectify.","Faculty of Management Studies, Room 312",Estate Plumbing,high
Washroom tap dripping continuously,"Student grievance submitted. The basin tap in Jawaharlal Nehru Medical College, Room 401 cannot be shut tight and drips water constantly, wasting clean water. Has happened previously as well.","Jawaharlal Nehru Medical College, Room 401",Estate Plumbing,normal
Exposed live electrical cable lying on floor,"Urgent attention needed. A thick live wire has fallen down near Zakir Husain College of Engg & Tech, Room 312 with sparks visible. Extremely dangerous for passing students. Please send maintenance technician as soon as possible.","Zakir Husain College of Engg & Tech, Room 312",Estate Electrical Maintenance,urgent
Request for additional waste bin near lawn bench,"Student grievance submitted. Students sitting near the garden area outside Aftab Hall, Room Wing B request an extra trash bin to keep grounds clean. Has happened previously as well.","Aftab Hall, Room Wing B",Hostel Sanitation,low
Curtain bracket slightly bent in seminar room,"One of the curtain rod brackets near the front window in Zakir Husain College of Engg & Tech, Room 312 is slightly tilted.","Zakir Husain College of Engg & Tech, Room 312",Arts Classroom Furniture,low
Main gate barrier collapsed blocking emergency ambulance access,"Heavy security gate broke and fell across the road at Faculty of Life Sciences, Room 312, blocking vehicular entrance completely.","Faculty of Life Sciences, Room 312",Campus Security,urgent
Door stopper rubber missing on main entrance,"Affecting regular classes. The floor door stopper rubber pad in Faculty of Law, Room 101 has worn away, causing the door to knock against wall. Kindly inspect and rectify.","Faculty of Law, Room 101",Estate Carpentry,low
Main gate barrier collapsed blocking emergency ambulance access,"Urgent attention needed. Heavy security gate broke and fell across the road at Faculty of Social Sciences, Room 101, blocking vehicular entrance completely. Please send maintenance technician as soon as possible.","Faculty of Social Sciences, Room 101",Campus Security,urgent
Minor squeaking in library wooden chair,"Urgent attention needed. Two wooden reading chairs at table 4 in Central Library, Room 208 squeak when sitting down. Please send maintenance technician as soon as possible.","Central Library, Room 208",Central Library Services,low
Door stopper rubber missing on main entrance,"Student grievance submitted. The floor door stopper rubber pad in Faculty of Life Sciences, Room 305 has worn away, causing the door to knock against wall. Has happened previously as well.","Faculty of Life Sciences, Room 305",Estate Carpentry,low
Elevator stuck between floors with students inside,"Lift in Central Library, Room 312 suddenly stopped between 2nd and 3rd floor. 4 students trapped inside with alarm ringing.","Central Library, Room 312",Estate Civil Works,urgent
Drainage slow in laboratory sink basin,"Reported by resident students. Water drains very slowly in wash basin 3 of Faculty of Agricultural Sciences, Room 208. Probably choked with residue. Ongoing for several hours.","Faculty of Agricultural Sciences, Room 208",Science Laboratory Equipment,normal
Ceiling plaster slab collapsed in classroom,"A large heavy chunk of concrete plaster fell from the ceiling onto desks in Faculty of Life Sciences, Room Wing B. Luckily no student was under it.","Faculty of Life Sciences, Room Wing B",Estate Civil Works,urgent
Request for pest control spray in garden flowerbeds,"Reported by resident students. Routine seasonal insect repellent spray requested for hedges surrounding Faculty of Arts, Room 202. Ongoing for several hours.","Faculty of Arts, Room 202",Agricultural Infrastructure,low
Ceiling fan making loud rattling noise in room,"Urgent attention needed. The ceiling fan in Begum Azeezun Nisa Hall, Room Seminar Hall vibrates excessively and produces squeaking sound when set above speed 2. Please send maintenance technician as soon as possible.","Begum Azeezun Nisa Hall, Room Seminar Hall",Hostel Room Maintenance,normal
"Hostel mess water purifier broken, no drinking water","Commercial RO water filter at Mohsinul Mulk Hall, Room 202 has stopped dispensing clean drinking water. Students forced to buy bottles.","Mohsinul Mulk Hall, Room 202",Hostel Water Supply,high
"Key server gateway unreachable, semester results page down","Core department web server in Faculty of Social Sciences, Room 202 is unresponsive (HTTP 502). Students cannot download admit cards.","Faculty of Social Sciences, Room 202",IT Software & Portals,high
Severe sparking from main distribution board,"Urgent attention needed. Electric sparks and burning smell coming from the main switchboard near Zakir Husain College of Engg & Tech, Room 312. High risk of fire. Please send maintenance technician as soon as possible.","Zakir Husain College of Engg & Tech, Room 312",Estate Electrical Maintenance,urgent
No water supply in entire hostel wing since morning,"Student grievance submitted. All washrooms and taps in Viqarul Mulk Hall, Room 312 have zero running water for past 12 hours. Over 100 resident students affected. Has happened previously as well.","Viqarul Mulk Hall, Room 312",Hostel Water Supply,high
Keypad letters worn off on library public search terminal,"Affecting regular classes. The keyboard letters E, T, and N are faded on the catalog computer in Faculty of Science, Room 101. Kindly inspect and rectify.","Faculty of Science, Room 101",Central Library Services,low
No water supply in entire hostel wing since morning,"Reported by resident students. All washrooms and taps in Allama Iqbal Boarding House, Room Seminar Hall have zero running water for past 12 hours. Over 100 resident students affected. Ongoing for several hours.","Allama Iqbal Boarding House, Room Seminar Hall",Hostel Water Supply,high
Floor tiles have minor scuff marks near doorway,"Scuff marks from moved equipment near the lab entrance at Faculty of Commerce, Room 202. Needs routine buffing.","Faculty of Commerce, Room 202",Estate Civil Works,low
"Hostel mess water purifier broken, no drinking water","Student grievance submitted. Commercial RO water filter at Bibi Fatima Hall, Room 305 has stopped dispensing clean drinking water. Students forced to buy bottles. Has happened previously as well.","Bibi Fatima Hall, Room 305",Hostel Water Supply,high
Biohazard waste bin tipped over near patient entrance,"Urgent attention needed. Infectious medical waste container overturned spilling used syringes and dressings near Faculty of Science, Room 208. Please send maintenance technician as soon as possible.","Faculty of Science, Room 208",JNMC Hospital Infrastructure,urgent
Main gate barrier collapsed blocking emergency ambulance access,"Heavy security gate broke and fell across the road at Central Library, Room Wing B, blocking vehicular entrance completely.","Central Library, Room Wing B",Campus Security,urgent
Main water storage tank overflowing continuously onto roof,"Affecting regular classes. Overhead tank motor is not auto-shutting off, thousands of liters of clean water spilling from Zakir Husain College of Engg & Tech, Room 305. Kindly inspect and rectify.","Zakir Husain College of Engg & Tech, Room 305",Estate Plumbing,high
LPG gas cylinder leaking in dining kitchen,"Strong smell of cooking gas leaking near commercial burners in Mohsinul Mulk Hall, Room Lab 2 mess kitchen. Risk of explosion.","Mohsinul Mulk Hall, Room Lab 2",Hostel Sanitation,urgent
Tubelight fused in study room,"Reported by resident students. The tube light fixture in Faculty of Science, Room 101 has stopped turning on. Choke or starter might need replacement. Ongoing for several hours.","Faculty of Science, Room 101",Estate Electrical Maintenance,normal
Door lock latch jammed from inside,"Reported by resident students. The mortise door lock of Faculty of Law, Room Seminar Hall is sticking and difficult to turn with the key. Needs oiling or realignment. Ongoing for several hours.","Faculty of Law, Room Seminar Hall",Estate Carpentry,normal
Sewage line overflow flooding hostel entrance corridor,"Student grievance submitted. Drainage backflow is spilling foul-smelling sewage across the main walking pathway of Begum Azeezun Nisa Hall, Room 312. Has happened previously as well.","Begum Azeezun Nisa Hall, Room 312",Hostel Sanitation,high
Short circuit sparked inside hostel room,"Affecting regular classes. Sparking occurred in ceiling fan wiring in Sir Ziauddin Hall, Room 401, circuit breaker tripped and smoke filled the room. Kindly inspect and rectify.","Sir Ziauddin Hall, Room 401",Hostel Room Maintenance,urgent
"Electric shock from water cooler in Faculty of Agricultural Sciences, Room 401",Reported by resident students. Students getting mild electric shock whenever touching the water cooler body. Please disconnect power immediately. Ongoing for several hours.,"Faculty of Agricultural Sciences, Room 401",Estate Electrical Maintenance,urgent
LAN port connector loose in computer desk,"Student grievance submitted. Ethernet RJ45 wall jack at desk 14 in Faculty of Law, Room 208 has a broken clip and disconnects whenever the wire moves. Has happened previously as well.","Faculty of Law, Room 208",IT Network & Connectivity,normal
"Electric shock from water cooler in Faculty of Law, Room 104",Urgent attention needed. Students getting mild electric shock whenever touching the water cooler body. Please disconnect power immediately. Please send maintenance technician as soon as possible.,"Faculty of Law, Room 104",Estate Electrical Maintenance,urgent
Heavy water leakage soaking library reference book section,"Student grievance submitted. Rainwater leaking through roof directly above rare journals and reference racks in NRSC, Room 312. Has happened previously as well.","NRSC, Room 312",Central Library Reading Room Maintenance,high
Request for additional waste bin near lawn bench,"Students sitting near the garden area outside Begum Azeezun Nisa Hall, Room 312 request an extra trash bin to keep grounds clean.","Begum Azeezun Nisa Hall, Room 312",Hostel Sanitation,low
Elevator stuck between floors with students inside,"Student grievance submitted. Lift in Zakir Husain College of Engg & Tech, Room 104 suddenly stopped between 2nd and 3rd floor. 4 students trapped inside with alarm ringing. Has happened previously as well.","Zakir Husain College of Engg & Tech, Room 104",Estate Civil Works,urgent
Window glass pane cracked and rattling in wind,"Urgent attention needed. One of the glass window panes in Faculty of Management Studies, Room 305 is cracked across the middle and needs glazing replacement. Please send maintenance technician as soon as possible.","Faculty of Management Studies, Room 305",Estate Carpentry,normal
Keypad letters worn off on library public search terminal,"Affecting regular classes. The keyboard letters E, T, and N are faded on the catalog computer in Faculty of Social Sciences, Room 104. Kindly inspect and rectify.","Faculty of Social Sciences, Room 104",Central Library Services,low
Drainage slow in laboratory sink basin,"Urgent attention needed. Water drains very slowly in wash basin 3 of Faculty of Life Sciences, Room 312. Probably choked with residue. Please send maintenance technician as soon as possible.","Faculty of Life Sciences, Room 312",Science Laboratory Equipment,normal
"Key server gateway unreachable, semester results page down","Core department web server in Faculty of Science, Room 312 is unresponsive (HTTP 502). Students cannot download admit cards.","Faculty of Science, Room 312",IT Software & Portals,high
Window blind pull cord slightly frayed,"Urgent attention needed. The nylon pull cord for the roller blind in Sir Syed Hall (South), Room 208 has frayed threads near the bottom tassel. Please send maintenance technician as soon as possible.","Sir Syed Hall (South), Room 208",Hostel Room Maintenance,low
Curtain bracket slightly bent in seminar room,"Urgent attention needed. One of the curtain rod brackets near the front window in Faculty of Management Studies, Room 208 is slightly tilted. Please send maintenance technician as soon as possible.","Faculty of Management Studies, Room 208",Arts Classroom Furniture,low
Washroom tap dripping continuously,"Affecting regular classes. The basin tap in Faculty of Arts, Room 305 cannot be shut tight and drips water constantly, wasting clean water. Kindly inspect and rectify.","Faculty of Arts, Room 305",Estate Plumbing,normal
Printer paper jam roller error in department office,"Student grievance submitted. Office multi-function laser printer in Jawaharlal Nehru Medical College, Room 312 jams paper on every double-sided print job. Has happened previously as well.","Jawaharlal Nehru Medical College, Room 312",Commerce Office Equipment,normal
Classroom whiteboard frame loose on wall,"Affecting regular classes. The wall mounting brackets on the left side of the marker board in Faculty of Arts, Room 202 have come unscrewed. Kindly inspect and rectify.","Faculty of Arts, Room 202",Arts Classroom Furniture,normal
Classroom whiteboard frame loose on wall,"Student grievance submitted. The wall mounting brackets on the left side of the marker board in Faculty of Commerce, Room 101 have come unscrewed. Has happened previously as well.","Faculty of Commerce, Room 101",Arts Classroom Furniture,normal
Campus Wi-Fi and portal completely inaccessible before exam deadline,"Student grievance submitted. Wi-Fi access points across Central Library, Room 305 are dropping all connections. Students unable to access student portal. Has happened previously as well.","Central Library, Room 305",IT Network & Connectivity,high
No water supply in entire hostel wing since morning,"Reported by resident students. All washrooms and taps in Ross Masood Hall, Room Seminar Hall have zero running water for past 12 hours. Over 100 resident students affected. Ongoing for several hours.","Ross Masood Hall, Room Seminar Hall",Hostel Water Supply,high
Window glass pane cracked and rattling in wind,"Urgent attention needed. One of the glass window panes in Central Library, Room 312 is cracked across the middle and needs glazing replacement. Please send maintenance technician as soon as possible.","Central Library, Room 312",Estate Carpentry,normal
Door lock latch jammed from inside,"Urgent attention needed. The mortise door lock of Jawaharlal Nehru Medical College, Room 101 is sticking and difficult to turn with the key. Needs oiling or realignment. Please send maintenance technician as soon as possible.","Jawaharlal Nehru Medical College, Room 101",Estate Carpentry,normal
Printer paper jam roller error in department office,"Office multi-function laser printer in Central Library, Room 101 jams paper on every double-sided print job.","Central Library, Room 101",Commerce Office Equipment,normal
Campus Wi-Fi and portal completely inaccessible before exam deadline,"Affecting regular classes. Wi-Fi access points across Faculty of Social Sciences, Room 101 are dropping all connections. Students unable to access student portal. Kindly inspect and rectify.","Faculty of Social Sciences, Room 101",IT Network & Connectivity,high
Keypad letters worn off on library public search terminal,"Student grievance submitted. The keyboard letters E, T, and N are faded on the catalog computer in Faculty of Arts, Room 401. Has happened previously as well.","Faculty of Arts, Room 401",Central Library Services,low
Water cooler temperature sensor not chilling,"Urgent attention needed. The drinking water cooler in Nadeem Tarin Hall, Room 312 is dispensing room-temperature water even though power is on. Please send maintenance technician as soon as possible.","Nadeem Tarin Hall, Room 312",Hostel Water Supply,normal
"Electric shock from water cooler in Faculty of Arts, Room 305",Urgent attention needed. Students getting mild electric shock whenever touching the water cooler body. Please disconnect power immediately. Please send maintenance technician as soon as possible.,"Faculty of Arts, Room 305",Estate Electrical Maintenance,urgent
Tubelight fused in study room,"The tube light fixture in Jawaharlal Nehru Medical College, Room Wing B has stopped turning on. Choke or starter might need replacement.","Jawaharlal Nehru Medical College, Room Wing B",Estate Electrical Maintenance,normal
Heavy water leakage soaking library reference book section,"Reported by resident students. Rainwater leaking through roof directly above rare journals and reference racks in Mohammad Habib Hall, Room Wing B. Ongoing for several hours.","Mohammad Habib Hall, Room Wing B",Central Library Reading Room Maintenance,high
Wall paint peeling off in corridor corner,"Student grievance submitted. Some paint plaster is flaking off near the stairwell notice board of Faculty of Management Studies, Room 401. Needs a patch coat. Has happened previously as well.","Faculty of Management Studies, Room 401",Estate Civil Works,low
Severe sparking from main distribution board,"Student grievance submitted. Electric sparks and burning smell coming from the main switchboard near Faculty of Science, Room Lab 2. High risk of fire. Has happened previously as well.","Faculty of Science, Room Lab 2",Estate Electrical Maintenance,urgent
Exposed live electrical cable lying on floor,"Affecting regular classes. A thick live wire has fallen down near Faculty of Agricultural Sciences, Room Wing B with sparks visible. Extremely dangerous for passing students. Kindly inspect and rectify.","Faculty of Agricultural Sciences, Room Wing B",Estate Electrical Maintenance,urgent
No water supply in entire hostel wing since morning,"Affecting regular classes. All washrooms and taps in NRSC, Room 202 have zero running water for past 12 hours. Over 100 resident students affected. Kindly inspect and rectify.","NRSC, Room 202",Hostel Water Supply,high
Printer paper jam roller error in department office,"Student grievance submitted. Office multi-function laser printer in Faculty of Social Sciences, Room Seminar Hall jams paper on every double-sided print job. Has happened previously as well.","Faculty of Social Sciences, Room Seminar Hall",Commerce Office Equipment,normal
Printer paper jam roller error in department office,"Urgent attention needed. Office multi-function laser printer in Faculty of Social Sciences, Room 401 jams paper on every double-sided print job. Please send maintenance technician as soon as possible.","Faculty of Social Sciences, Room 401",Commerce Office Equipment,normal
Classroom whiteboard frame loose on wall,"Urgent attention needed. The wall mounting brackets on the left side of the marker board in Jawaharlal Nehru Medical College, Room 401 have come unscrewed. Please send maintenance technician as soon as possible.","Jawaharlal Nehru Medical College, Room 401",Arts Classroom Furniture,normal
Main gate barrier collapsed blocking emergency ambulance access,"Reported by resident students. Heavy security gate broke and fell across the road at Faculty of Life Sciences, Room 101, blocking vehicular entrance completely. Ongoing for several hours.","Faculty of Life Sciences, Room 101",Campus Security,urgent
"Key server gateway unreachable, semester results page down","Reported by resident students. Core department web server in Zakir Husain College of Engg & Tech, Room 312 is unresponsive (HTTP 502). Students cannot download admit cards. Ongoing for several hours.","Zakir Husain College of Engg & Tech, Room 312",IT Software & Portals,high
Main water storage tank overflowing continuously onto roof,"Urgent attention needed. Overhead tank motor is not auto-shutting off, thousands of liters of clean water spilling from Faculty of Life Sciences, Room 312. Please send maintenance technician as soon as possible.","Faculty of Life Sciences, Room 312",Estate Plumbing,high
LAN port connector loose in computer desk,"Reported by resident students. Ethernet RJ45 wall jack at desk 14 in Faculty of Law, Room 305 has a broken clip and disconnects whenever the wire moves. Ongoing for several hours.","Faculty of Law, Room 305",IT Network & Connectivity,normal
Door lock latch jammed from inside,"Urgent attention needed. The mortise door lock of Faculty of Arts, Room 208 is sticking and difficult to turn with the key. Needs oiling or realignment. Please send maintenance technician as soon as possible.","Faculty of Arts, Room 208",Estate Carpentry,normal
Severe sparking from main distribution board,"Reported by resident students. Electric sparks and burning smell coming from the main switchboard near Faculty of Arts, Room Seminar Hall. High risk of fire. Ongoing for several hours.","Faculty of Arts, Room Seminar Hall",Estate Electrical Maintenance,urgent
Water cooler temperature sensor not chilling,"Affecting regular classes. The drinking water cooler in Abdullah Hall, Room 202 is dispensing room-temperature water even though power is on. Kindly inspect and rectify.","Abdullah Hall, Room 202",Hostel Water Supply,normal
Water cooler temperature sensor not chilling,"Urgent attention needed. The drinking water cooler in Sir Shah Sulaiman Hall, Room 104 is dispensing room-temperature water even though power is on. Please send maintenance technician as soon as possible.","Sir Shah Sulaiman Hall, Room 104",Hostel Water Supply,normal
Floor tiles have minor scuff marks near doorway,"Student grievance submitted. Scuff marks from moved equipment near the lab entrance at Faculty of Commerce, Room 104. Needs routine buffing. Has happened previously as well.","Faculty of Commerce, Room 104",Estate Civil Works,low
Window glass pane cracked and rattling in wind,"Urgent attention needed. One of the glass window panes in Faculty of Agricultural Sciences, Room 101 is cracked across the middle and needs glazing replacement. Please send maintenance technician as soon as possible.","Faculty of Agricultural Sciences, Room 101",Estate Carpentry,normal
Central air conditioning failure in critical computer lab,"Reported by resident students. All 40 desktop computers shutting down due to thermal throttling after AC units stopped in Faculty of Arts, Room 101. Ongoing for several hours.","Faculty of Arts, Room 101",Commerce Computer Lab Equipment,high
Complete power outage in academic block during lectures,"Affecting regular classes. Power has gone out completely in entire Zakir Husain College of Engg & Tech, Room 202 building. Inverters are not backing up the lighting. Kindly inspect and rectify.","Zakir Husain College of Engg & Tech, Room 202",Estate Electrical Maintenance,high
Main gate barrier collapsed blocking emergency ambulance access,"Student grievance submitted. Heavy security gate broke and fell across the road at Central Library, Room 401, blocking vehicular entrance completely. Has happened previously as well.","Central Library, Room 401",Campus Security,urgent
Severe sparking from main distribution board,"Student grievance submitted. Electric sparks and burning smell coming from the main switchboard near Faculty of Management Studies, Room 208. High risk of fire. Has happened previously as well.","Faculty of Management Studies, Room 208",Estate Electrical Maintenance,urgent
Door stopper rubber missing on main entrance,"Reported by resident students. The floor door stopper rubber pad in Faculty of Arts, Room 312 has worn away, causing the door to knock against wall. Ongoing for several hours.","Faculty of Arts, Room 312",Estate Carpentry,low
Smoke coming from server rack in computer lab,"Dense white smoke and burning plastic odor coming from server room at Zakir Husain College of Engg & Tech, Room 104. Immediate fire hazard.","Zakir Husain College of Engg & Tech, Room 104",Engineering Computer Systems,urgent
Sewage line overflow flooding hostel entrance corridor,"Drainage backflow is spilling foul-smelling sewage across the main walking pathway of Sir Syed Hall (North), Room 312.","Sir Syed Hall (North), Room 312",Hostel Sanitation,high
LAN port connector loose in computer desk,"Ethernet RJ45 wall jack at desk 14 in Faculty of Science, Room 312 has a broken clip and disconnects whenever the wire moves.","Faculty of Science, Room 312",IT Network & Connectivity,normal
Window blind pull cord slightly frayed,"The nylon pull cord for the roller blind in Aftab Hall, Room 305 has frayed threads near the bottom tassel.","Aftab Hall, Room 305",Hostel Room Maintenance,low
Tubelight fused in study room,"Student grievance submitted. The tube light fixture in Faculty of Life Sciences, Room 101 has stopped turning on. Choke or starter might need replacement. Has happened previously as well.","Faculty of Life Sciences, Room 101",Estate Electrical Maintenance,normal
Window glass pane cracked and rattling in wind,"Student grievance submitted. One of the glass window panes in Faculty of Life Sciences, Room Lab 2 is cracked across the middle and needs glazing replacement. Has happened previously as well.","Faculty of Life Sciences, Room Lab 2",Estate Carpentry,normal
"Hostel mess water purifier broken, no drinking water","Student grievance submitted. Commercial RO water filter at Aftab Hall, Room Lab 2 has stopped dispensing clean drinking water. Students forced to buy bottles. Has happened previously as well.","Aftab Hall, Room Lab 2",Hostel Water Supply,high
Washroom tap dripping continuously,"The basin tap in Faculty of Management Studies, Room Seminar Hall cannot be shut tight and drips water constantly, wasting clean water.","Faculty of Management Studies, Room Seminar Hall",Estate Plumbing,normal
Floor tiles have minor scuff marks near doorway,"Student grievance submitted. Scuff marks from moved equipment near the lab entrance at Jawaharlal Nehru Medical College, Room 202. Needs routine buffing. Has happened previously as well.","Jawaharlal Nehru Medical College, Room 202",Estate Civil Works,low
No water supply in entire hostel wing since morning,"Reported by resident students. All washrooms and taps in Mohsinul Mulk Hall, Room Lab 2 have zero running water for past 12 hours. Over 100 resident students affected. Ongoing for several hours.","Mohsinul Mulk Hall, Room Lab 2",Hostel Water Supply,high
Request for additional waste bin near lawn bench,"Affecting regular classes. Students sitting near the garden area outside Abdullah Hall, Room Wing B request an extra trash bin to keep grounds clean. Kindly inspect and rectify.","Abdullah Hall, Room Wing B",Hostel Sanitation,low
Window blind pull cord slightly frayed,"Urgent attention needed. The nylon pull cord for the roller blind in Sarojini Naidu Hall, Room 208 has frayed threads near the bottom tassel. Please send maintenance technician as soon as possible.","Sarojini Naidu Hall, Room 208",Hostel Room Maintenance,low
LPG gas cylinder leaking in dining kitchen,"Affecting regular classes. Strong smell of cooking gas leaking near commercial burners in Viqarul Mulk Hall, Room 101 mess kitchen. Risk of explosion. Kindly inspect and rectify.","Viqarul Mulk Hall, Room 101",Hostel Sanitation,urgent
Request for additional waste bin near lawn bench,"Urgent attention needed. Students sitting near the garden area outside Begum Azeezun Nisa Hall, Room Seminar Hall request an extra trash bin to keep grounds clean. Please send maintenance technician as soon as possible.","Begum Azeezun Nisa Hall, Room Seminar Hall",Hostel Sanitation,low
Window glass pane cracked and rattling in wind,"Urgent attention needed. One of the glass window panes in Faculty of Management Studies, Room Seminar Hall is cracked across the middle and needs glazing replacement. Please send maintenance technician as soon as possible.","Faculty of Management Studies, Room Seminar Hall",Estate Carpentry,normal
Sewage line overflow flooding hostel entrance corridor,"Reported by resident students. Drainage backflow is spilling foul-smelling sewage across the main walking pathway of Sir Ziauddin Hall, Room Seminar Hall. Ongoing for several hours.","Sir Ziauddin Hall, Room Seminar Hall",Hostel Sanitation,high
Complete power outage in academic block during lectures,"Student grievance submitted. Power has gone out completely in entire Faculty of Social Sciences, Room Lab 2 building. Inverters are not backing up the lighting. Has happened previously as well.","Faculty of Social Sciences, Room Lab 2",Estate Electrical Maintenance,high
Door stopper rubber missing on main entrance,"The floor door stopper rubber pad in Faculty of Life Sciences, Room Wing B has worn away, causing the door to knock against wall.","Faculty of Life Sciences, Room Wing B",Estate Carpentry,low
Biohazard waste bin tipped over near patient entrance,"Affecting regular classes. Infectious medical waste container overturned spilling used syringes and dressings near Faculty of Management Studies, Room 208. Kindly inspect and rectify.","Faculty of Management Studies, Room 208",JNMC Hospital Infrastructure,urgent
Campus Wi-Fi and portal completely inaccessible before exam deadline,"Urgent attention needed. Wi-Fi access points across Faculty of Arts, Room 104 are dropping all connections. Students unable to access student portal. Please send maintenance technician as soon as possible.","Faculty of Arts, Room 104",IT Network & Connectivity,high
Chemical spill in chemistry laboratory,"Student grievance submitted. Concentrated acid bottle broke on lab floor in Faculty of Social Sciences, Room 312, releasing pungent toxic fumes. Area needs hazmat clearing. Has happened previously as well.","Faculty of Social Sciences, Room 312",Science Chemical Safety,urgent
Door stopper rubber missing on main entrance,"Affecting regular classes. The floor door stopper rubber pad in Zakir Husain College of Engg & Tech, Room 312 has worn away, causing the door to knock against wall. Kindly inspect and rectify.","Zakir Husain College of Engg & Tech, Room 312",Estate Carpentry,low
Tubelight fused in study room,"Urgent attention needed. The tube light fixture in Zakir Husain College of Engg & Tech, Room 401 has stopped turning on. Choke or starter might need replacement. Please send maintenance technician as soon as possible.","Zakir Husain College of Engg & Tech, Room 401",Estate Electrical Maintenance,normal
Wall paint peeling off in corridor corner,"Some paint plaster is flaking off near the stairwell notice board of Faculty of Science, Room 202. Needs a patch coat.","Faculty of Science, Room 202",Estate Civil Works,low
Ceiling fan making loud rattling noise in room,"Urgent attention needed. The ceiling fan in Ross Masood Hall, Room Wing B vibrates excessively and produces squeaking sound when set above speed 2. Please send maintenance technician as soon as possible.","Ross Masood Hall, Room Wing B",Hostel Room Maintenance,normal
Water cooler temperature sensor not chilling,"Urgent attention needed. The drinking water cooler in Mohsinul Mulk Hall, Room 104 is dispensing room-temperature water even though power is on. Please send maintenance technician as soon as possible.","Mohsinul Mulk Hall, Room 104",Hostel Water Supply,normal
Ceiling plaster slab collapsed in classroom,"Affecting regular classes. A large heavy chunk of concrete plaster fell from the ceiling onto desks in Faculty of Law, Room 208. Luckily no student was under it. Kindly inspect and rectify.","Faculty of Law, Room 208",Estate Civil Works,urgent
Door stopper rubber missing on main entrance,"The floor door stopper rubber pad in Central Library, Room Seminar Hall has worn away, causing the door to knock against wall.","Central Library, Room Seminar Hall",Estate Carpentry,low
Heavy water leakage soaking library reference book section,"Rainwater leaking through roof directly above rare journals and reference racks in Mohsinul Mulk Hall, Room 202.","Mohsinul Mulk Hall, Room 202",Central Library Reading Room Maintenance,high
Tubelight fused in study room,"Urgent attention needed. The tube light fixture in Jawaharlal Nehru Medical College, Room 305 has stopped turning on. Choke or starter might need replacement. Please send maintenance technician as soon as possible.","Jawaharlal Nehru Medical College, Room 305",Estate Electrical Maintenance,normal
Complete power outage in academic block during lectures,"Power has gone out completely in entire Faculty of Arts, Room 401 building. Inverters are not backing up the lighting.","Faculty of Arts, Room 401",Estate Electrical Maintenance,high
Elevator stuck between floors with students inside,"Reported by resident students. Lift in Faculty of Social Sciences, Room Wing B suddenly stopped between 2nd and 3rd floor. 4 students trapped inside with alarm ringing. Ongoing for several hours.","Faculty of Social Sciences, Room Wing B",Estate Civil Works,urgent
"Electric shock from water cooler in Faculty of Agricultural Sciences, Room 208",Students getting mild electric shock whenever touching the water cooler body. Please disconnect power immediately.,"Faculty of Agricultural Sciences, Room 208",Estate Electrical Maintenance,urgent
Complete power outage in academic block during lectures,"Reported by resident students. Power has gone out completely in entire Faculty of Law, Room Lab 2 building. Inverters are not backing up the lighting. Ongoing for several hours.","Faculty of Law, Room Lab 2",Estate Electrical Maintenance,high
Door stopper rubber missing on main entrance,"Urgent attention needed. The floor door stopper rubber pad in Faculty of Arts, Room 104 has worn away, causing the door to knock against wall. Please send maintenance technician as soon as possible.","Faculty of Arts, Room 104",Estate Carpentry,low
Ceiling fan making loud rattling noise in room,"Student grievance submitted. The ceiling fan in Viqarul Mulk Hall, Room 312 vibrates excessively and produces squeaking sound when set above speed 2. Has happened previously as well.","Viqarul Mulk Hall, Room 312",Hostel Room Maintenance,normal
Elevator stuck between floors with students inside,"Reported by resident students. Lift in Central Library, Room Wing B suddenly stopped between 2nd and 3rd floor. 4 students trapped inside with alarm ringing. Ongoing for several hours.","Central Library, Room Wing B",Estate Civil Works,urgent
"Hostel mess water purifier broken, no drinking water","Urgent attention needed. Commercial RO water filter at Sir Shah Sulaiman Hall, Room 312 has stopped dispensing clean drinking water. Students forced to buy bottles. Please send maintenance technician as soon as possible.","Sir Shah Sulaiman Hall, Room 312",Hostel Water Supply,high
Door lock latch jammed from inside,"Urgent attention needed. The mortise door lock of Zakir Husain College of Engg & Tech, Room 101 is sticking and difficult to turn with the key. Needs oiling or realignment. Please send maintenance technician as soon as possible.","Zakir Husain College of Engg & Tech, Room 101",Estate Carpentry,normal
Door stopper rubber missing on main entrance,"The floor door stopper rubber pad in Zakir Husain College of Engg & Tech, Room 208 has worn away, causing the door to knock against wall.","Zakir Husain College of Engg & Tech, Room 208",Estate Carpentry,low
Window glass pane cracked and rattling in wind,"Reported by resident students. One of the glass window panes in Jawaharlal Nehru Medical College, Room 104 is cracked across the middle and needs glazing replacement. Ongoing for several hours.","Jawaharlal Nehru Medical College, Room 104",Estate Carpentry,normal
Heavy water leakage soaking library reference book section,"Urgent attention needed. Rainwater leaking through roof directly above rare journals and reference racks in Ross Masood Hall, Room 208. Please send maintenance technician as soon as possible.","Ross Masood Hall, Room 208",Central Library Reading Room Maintenance,high
Sewage line overflow flooding hostel entrance corridor,"Student grievance submitted. Drainage backflow is spilling foul-smelling sewage across the main walking pathway of Sarojini Naidu Hall, Room Lab 2. Has happened previously as well.","Sarojini Naidu Hall, Room Lab 2",Hostel Sanitation,high
Main gate barrier collapsed blocking emergency ambulance access,"Reported by resident students. Heavy security gate broke and fell across the road at Faculty of Social Sciences, Room Lab 2, blocking vehicular entrance completely. Ongoing for several hours.","Faculty of Social Sciences, Room Lab 2",Campus Security,urgent
Smoke coming from server rack in computer lab,"Reported by resident students. Dense white smoke and burning plastic odor coming from server room at Faculty of Law, Room 305. Immediate fire hazard. Ongoing for several hours.","Faculty of Law, Room 305",Engineering Computer Systems,urgent
Printer paper jam roller error in department office,"Office multi-function laser printer in Jawaharlal Nehru Medical College, Room 305 jams paper on every double-sided print job.","Jawaharlal Nehru Medical College, Room 305",Commerce Office Equipment,normal
Water cooler temperature sensor not chilling,"The drinking water cooler in Nadeem Tarin Hall, Room 101 is dispensing room-temperature water even though power is on.","Nadeem Tarin Hall, Room 101",Hostel Water Supply,normal
Request for pest control spray in garden flowerbeds,"Urgent attention needed. Routine seasonal insect repellent spray requested for hedges surrounding Faculty of Agricultural Sciences, Room 104. Please send maintenance technician as soon as possible.","Faculty of Agricultural Sciences, Room 104",Agricultural Infrastructure,low
Smoke coming from server rack in computer lab,"Dense white smoke and burning plastic odor coming from server room at Jawaharlal Nehru Medical College, Room 401. Immediate fire hazard.","Jawaharlal Nehru Medical College, Room 401",Engineering Computer Systems,urgent
Sewage line overflow flooding hostel entrance corridor,"Student grievance submitted. Drainage backflow is spilling foul-smelling sewage across the main walking pathway of Bibi Fatima Hall, Room Wing B. Has happened previously as well.","Bibi Fatima Hall, Room Wing B",Hostel Sanitation,high
Wall paint peeling off in corridor corner,"Urgent attention needed. Some paint plaster is flaking off near the stairwell notice board of Faculty of Life Sciences, Room 208. Needs a patch coat. Please send maintenance technician as soon as possible.","Faculty of Life Sciences, Room 208",Estate Civil Works,low
Request for additional waste bin near lawn bench,"Affecting regular classes. Students sitting near the garden area outside NRSC, Room 101 request an extra trash bin to keep grounds clean. Kindly inspect and rectify.","NRSC, Room 101",Hostel Sanitation,low
Heavy water leakage soaking library reference book section,"Urgent attention needed. Rainwater leaking through roof directly above rare journals and reference racks in Sir Syed Hall (South), Room 305. Please send maintenance technician as soon as possible.","Sir Syed Hall (South), Room 305",Central Library Reading Room Maintenance,high
Keypad letters worn off on library public search terminal,"Affecting regular classes. The keyboard letters E, T, and N are faded on the catalog computer in Zakir Husain College of Engg & Tech, Room 101. Kindly inspect and rectify.","Zakir Husain College of Engg & Tech, Room 101",Central Library Services,low
Door stopper rubber missing on main entrance,"Affecting regular classes. The floor door stopper rubber pad in Faculty of Law, Room 312 has worn away, causing the door to knock against wall. Kindly inspect and rectify.","Faculty of Law, Room 312",Estate Carpentry,low
Request for pest control spray in garden flowerbeds,"Reported by resident students. Routine seasonal insect repellent spray requested for hedges surrounding Faculty of Commerce, Room Seminar Hall. Ongoing for several hours.","Faculty of Commerce, Room Seminar Hall",Agricultural Infrastructure,low
Severe sparking from main distribution board,"Urgent attention needed. Electric sparks and burning smell coming from the main switchboard near Faculty of Commerce, Room 208. High risk of fire. Please send maintenance technician as soon as possible.","Faculty of Commerce, Room 208",Estate Electrical Maintenance,urgent
Central air conditioning failure in critical computer lab,"Affecting regular classes. All 40 desktop computers shutting down due to thermal throttling after AC units stopped in Faculty of Law, Room 305. Kindly inspect and rectify.","Faculty of Law, Room 305",Commerce Computer Lab Equipment,high
Washroom tap dripping continuously,"Affecting regular classes. The basin tap in Jawaharlal Nehru Medical College, Room 202 cannot be shut tight and drips water constantly, wasting clean water. Kindly inspect and rectify.","Jawaharlal Nehru Medical College, Room 202",Estate Plumbing,normal
Curtain bracket slightly bent in seminar room,"Reported by resident students. One of the curtain rod brackets near the front window in Faculty of Arts, Room 208 is slightly tilted. Ongoing for several hours.","Faculty of Arts, Room 208",Arts Classroom Furniture,low
Sewage line overflow flooding hostel entrance corridor,"Drainage backflow is spilling foul-smelling sewage across the main walking pathway of Allama Iqbal Boarding House, Room 305.","Allama Iqbal Boarding House, Room 305",Hostel Sanitation,high
Request for pest control spray in garden flowerbeds,"Student grievance submitted. Routine seasonal insect repellent spray requested for hedges surrounding Faculty of Arts, Room 208. Has happened previously as well.","Faculty of Arts, Room 208",Agricultural Infrastructure,low
Window glass pane cracked and rattling in wind,"One of the glass window panes in Faculty of Law, Room 305 is cracked across the middle and needs glazing replacement.","Faculty of Law, Room 305",Estate Carpentry,normal
Floor tiles have minor scuff marks near doorway,"Reported by resident students. Scuff marks from moved equipment near the lab entrance at Faculty of Agricultural Sciences, Room Wing B. Needs routine buffing. Ongoing for several hours.","Faculty of Agricultural Sciences, Room Wing B",Estate Civil Works,low
Keypad letters worn off on library public search terminal,"Reported by resident students. The keyboard letters E, T, and N are faded on the catalog computer in Jawaharlal Nehru Medical College, Room 101. Ongoing for several hours.","Jawaharlal Nehru Medical College, Room 101",Central Library Services,low
"Key server gateway unreachable, semester results page down","Reported by resident students. Core department web server in Faculty of Management Studies, Room 101 is unresponsive (HTTP 502). Students cannot download admit cards. Ongoing for several hours.","Faculty of Management Studies, Room 101",IT Software & Portals,high
Main water pipeline burst flooding corridor,"Student grievance submitted. Main high pressure water pipe burst in Sir Syed Hall (North), Room 305, water rushing into ground floor rooms and near power sockets. Has happened previously as well.","Sir Syed Hall (North), Room 305",Hostel Water Supply,urgent
Printer paper jam roller error in department office,"Affecting regular classes. Office multi-function laser printer in Zakir Husain College of Engg & Tech, Room Seminar Hall jams paper on every double-sided print job. Kindly inspect and rectify.","Zakir Husain College of Engg & Tech, Room Seminar Hall",Commerce Office Equipment,normal
Notice board velvet cloth faded and torn,"Reported by resident students. The pinning board outside room Faculty of Arts, Room 401 has worn-out fabric with old pin marks. Ongoing for several hours.","Faculty of Arts, Room 401",Arts Departmental Office,low
Tubelight fused in study room,"Affecting regular classes. The tube light fixture in Faculty of Arts, Room 312 has stopped turning on. Choke or starter might need replacement. Kindly inspect and rectify.","Faculty of Arts, Room 312",Estate Electrical Maintenance,normal
Complete power outage in academic block during lectures,"Student grievance submitted. Power has gone out completely in entire Central Library, Room 208 building. Inverters are not backing up the lighting. Has happened previously as well.","Central Library, Room 208",Estate Electrical Maintenance,high
Sewage line overflow flooding hostel entrance corridor,"Affecting regular classes. Drainage backflow is spilling foul-smelling sewage across the main walking pathway of Dr. B.R. Ambedkar Hall, Room Seminar Hall. Kindly inspect and rectify.","Dr. B.R. Ambedkar Hall, Room Seminar Hall",Hostel Sanitation,high
Central air conditioning failure in critical computer lab,"Student grievance submitted. All 40 desktop computers shutting down due to thermal throttling after AC units stopped in Faculty of Agricultural Sciences, Room 104. Has happened previously as well.","Faculty of Agricultural Sciences, Room 104",Commerce Computer Lab Equipment,high
Campus Wi-Fi and portal completely inaccessible before exam deadline,"Reported by resident students. Wi-Fi access points across Faculty of Law, Room Seminar Hall are dropping all connections. Students unable to access student portal. Ongoing for several hours.","Faculty of Law, Room Seminar Hall",IT Network & Connectivity,high
Severe flooding entering basement electrical room,"Reported by resident students. Heavy rainwater gushing into electrical transformer room in basement of Faculty of Commerce, Room 401. Ongoing for several hours.","Faculty of Commerce, Room 401",Estate Civil Works,urgent
Central air conditioning failure in critical computer lab,"Student grievance submitted. All 40 desktop computers shutting down due to thermal throttling after AC units stopped in Faculty of Life Sciences, Room Lab 2. Has happened previously as well.","Faculty of Life Sciences, Room Lab 2",Commerce Computer Lab Equipment,high
Main water storage tank overflowing continuously onto roof,"Student grievance submitted. Overhead tank motor is not auto-shutting off, thousands of liters of clean water spilling from Faculty of Science, Room Lab 2. Has happened previously as well.","Faculty of Science, Room Lab 2",Estate Plumbing,high
Complete power outage in academic block during lectures,"Reported by resident students. Power has gone out completely in entire Jawaharlal Nehru Medical College, Room 208 building. Inverters are not backing up the lighting. Ongoing for several hours.","Jawaharlal Nehru Medical College, Room 208",Estate Electrical Maintenance,high
"Hostel mess water purifier broken, no drinking water","Reported by resident students. Commercial RO water filter at Sarojini Naidu Hall, Room Seminar Hall has stopped dispensing clean drinking water. Students forced to buy bottles. Ongoing for several hours.","Sarojini Naidu Hall, Room Seminar Hall",Hostel Water Supply,high
Notice board velvet cloth faded and torn,"Urgent attention needed. The pinning board outside room Zakir Husain College of Engg & Tech, Room Wing B has worn-out fabric with old pin marks. Please send maintenance technician as soon as possible.","Zakir Husain College of Engg & Tech, Room Wing B",Arts Departmental Office,low
Request for additional waste bin near lawn bench,"Student grievance submitted. Students sitting near the garden area outside Begum Sultan Jahan Hall, Room 208 request an extra trash bin to keep grounds clean. Has happened previously as well.","Begum Sultan Jahan Hall, Room 208",Hostel Sanitation,low
Severe sparking from main distribution board,"Reported by resident students. Electric sparks and burning smell coming from the main switchboard near Central Library, Room 401. High risk of fire. Ongoing for several hours.","Central Library, Room 401",Estate Electrical Maintenance,urgent
Main water storage tank overflowing continuously onto roof,"Urgent attention needed. Overhead tank motor is not auto-shutting off, thousands of liters of clean water spilling from Zakir Husain College of Engg & Tech, Room 305. Please send maintenance technician as soon as possible.","Zakir Husain College of Engg & Tech, Room 305",Estate Plumbing,high
Heavy water leakage soaking library reference book section,"Rainwater leaking through roof directly above rare journals and reference racks in Sir Ziauddin Hall, Room Lab 2.","Sir Ziauddin Hall, Room Lab 2",Central Library Reading Room Maintenance,high
Tubelight fused in study room,"Urgent attention needed. The tube light fixture in Faculty of Science, Room 101 has stopped turning on. Choke or starter might need replacement. Please send maintenance technician as soon as possible.","Faculty of Science, Room 101",Estate Electrical Maintenance,normal
Minor squeaking in library wooden chair,"Reported by resident students. Two wooden reading chairs at table 4 in Zakir Husain College of Engg & Tech, Room 104 squeak when sitting down. Ongoing for several hours.","Zakir Husain College of Engg & Tech, Room 104",Central Library Services,low
Smoke coming from server rack in computer lab,"Affecting regular classes. Dense white smoke and burning plastic odor coming from server room at Zakir Husain College of Engg & Tech, Room 208. Immediate fire hazard. Kindly inspect and rectify.","Zakir Husain College of Engg & Tech, Room 208",Engineering Computer Systems,urgent
Window glass pane cracked and rattling in wind,"Urgent attention needed. One of the glass window panes in Faculty of Social Sciences, Room 305 is cracked across the middle and needs glazing replacement. Please send maintenance technician as soon as possible.","Faculty of Social Sciences, Room 305",Estate Carpentry,normal
Ceiling fan making loud rattling noise in room,"Student grievance submitted. The ceiling fan in Begum Sultan Jahan Hall, Room 101 vibrates excessively and produces squeaking sound when set above speed 2. Has happened previously as well.","Begum Sultan Jahan Hall, Room 101",Hostel Room Maintenance,normal
LAN port connector loose in computer desk,"Student grievance submitted. Ethernet RJ45 wall jack at desk 14 in Faculty of Social Sciences, Room Lab 2 has a broken clip and disconnects whenever the wire moves. Has happened previously as well.","Faculty of Social Sciences, Room Lab 2",IT Network & Connectivity,normal
Heavy water leakage soaking library reference book section,"Student grievance submitted. Rainwater leaking through roof directly above rare journals and reference racks in Sir Syed Hall (South), Room Lab 2. Has happened previously as well.","Sir Syed Hall (South), Room Lab 2",Central Library Reading Room Maintenance,high
Classroom whiteboard frame loose on wall,"Student grievance submitted. The wall mounting brackets on the left side of the marker board in Faculty of Management Studies, Room 401 have come unscrewed. Has happened previously as well.","Faculty of Management Studies, Room 401",Arts Classroom Furniture,normal
Chemical spill in chemistry laboratory,"Student grievance submitted. Concentrated acid bottle broke on lab floor in Jawaharlal Nehru Medical College, Room 312, releasing pungent toxic fumes. Area needs hazmat clearing. Has happened previously as well.","Jawaharlal Nehru Medical College, Room 312",Science Chemical Safety,urgent
Complete power outage in academic block during lectures,"Student grievance submitted. Power has gone out completely in entire Faculty of Arts, Room 208 building. Inverters are not backing up the lighting. Has happened previously as well.","Faculty of Arts, Room 208",Estate Electrical Maintenance,high
